#usda 1.0
(
    defaultPrim = "rc_car"
    kilogramsPerUnit = 1
    metersPerUnit = 1
    upAxis = "Z"
)

def Xform "rc_car" (
    prepend apiSchemas = ["PhysicsArticulationRootAPI", "PhysxArticulationAPI"]
)
{
    bool physxArticulation:enabledSelfCollisions = 0
    int physxArticulation:solverPositionIterationCount = 32
    int physxArticulation:solverVelocityIterationCount = 1

    def Scope "Looks"
    {
        def Material "wood"
        {
            token outputs:surface.connect = </rc_car/Looks/wood/Shader.outputs:surface>

            def Shader "Shader"
            {
                uniform token info:id = "UsdPreviewSurface"
                color3f inputs:diffuseColor = (0.86, 0.74, 0.55)
                float inputs:metallic = 0
                float inputs:roughness = 0.8
                token outputs:surface
            }
        }

        def Material "wood_cut"
        {
            token outputs:surface.connect = </rc_car/Looks/wood_cut/Shader.outputs:surface>

            def Shader "Shader"
            {
                uniform token info:id = "UsdPreviewSurface"
                color3f inputs:diffuseColor = (0.18, 0.14, 0.1)
                float inputs:metallic = 0
                float inputs:roughness = 0.9
                token outputs:surface
            }
        }

        def Material "plastic_blk"
        {
            token outputs:surface.connect = </rc_car/Looks/plastic_blk/Shader.outputs:surface>

            def Shader "Shader"
            {
                uniform token info:id = "UsdPreviewSurface"
                color3f inputs:diffuseColor = (0.04, 0.04, 0.045)
                float inputs:metallic = 0
                float inputs:roughness = 0.45
                token outputs:surface
            }
        }

        def Material "rubber"
        {
            token outputs:surface.connect = </rc_car/Looks/rubber/Shader.outputs:surface>

            def Shader "Shader"
            {
                uniform token info:id = "UsdPreviewSurface"
                color3f inputs:diffuseColor = (0.035, 0.035, 0.035)
                float inputs:metallic = 0
                float inputs:roughness = 0.95
                token outputs:surface
            }
        }

        def Material "rim_blk"
        {
            token outputs:surface.connect = </rc_car/Looks/rim_blk/Shader.outputs:surface>

            def Shader "Shader"
            {
                uniform token info:id = "UsdPreviewSurface"
                color3f inputs:diffuseColor = (0.02, 0.02, 0.025)
                float inputs:metallic = 0
                float inputs:roughness = 0.3
                token outputs:surface
            }
        }

        def Material "alu"
        {
            token outputs:surface.connect = </rc_car/Looks/alu/Shader.outputs:surface>

            def Shader "Shader"
            {
                uniform token info:id = "UsdPreviewSurface"
                color3f inputs:diffuseColor = (0.62, 0.63, 0.65)
                float inputs:metallic = 0.9
                float inputs:roughness = 0.35
                token outputs:surface
            }
        }

        def Material "alu_dark"
        {
            token outputs:surface.connect = </rc_car/Looks/alu_dark/Shader.outputs:surface>

            def Shader "Shader"
            {
                uniform token info:id = "UsdPreviewSurface"
                color3f inputs:diffuseColor = (0.35, 0.36, 0.38)
                float inputs:metallic = 0.8
                float inputs:roughness = 0.4
                token outputs:surface
            }
        }

        def Material "dome"
        {
            token outputs:surface.connect = </rc_car/Looks/dome/Shader.outputs:surface>

            def Shader "Shader"
            {
                uniform token info:id = "UsdPreviewSurface"
                color3f inputs:diffuseColor = (0.03, 0.08, 0.14)
                float inputs:metallic = 0.3
                float inputs:roughness = 0.05
                token outputs:surface
            }
        }

        def Material "battery"
        {
            token outputs:surface.connect = </rc_car/Looks/battery/Shader.outputs:surface>

            def Shader "Shader"
            {
                uniform token info:id = "UsdPreviewSurface"
                color3f inputs:diffuseColor = (0.3, 0.31, 0.33)
                float inputs:metallic = 0.6
                float inputs:roughness = 0.4
                token outputs:surface
            }
        }

        def Material "strap"
        {
            token outputs:surface.connect = </rc_car/Looks/strap/Shader.outputs:surface>

            def Shader "Shader"
            {
                uniform token info:id = "UsdPreviewSurface"
                color3f inputs:diffuseColor = (0.1, 0.1, 0.1)
                float inputs:metallic = 0
                float inputs:roughness = 0.9
                token outputs:surface
            }
        }

        def Material "pcb_blk"
        {
            token outputs:surface.connect = </rc_car/Looks/pcb_blk/Shader.outputs:surface>

            def Shader "Shader"
            {
                uniform token info:id = "UsdPreviewSurface"
                color3f inputs:diffuseColor = (0.06, 0.07, 0.06)
                float inputs:metallic = 0
                float inputs:roughness = 0.5
                token outputs:surface
            }
        }

        def Material "pcb_red"
        {
            token outputs:surface.connect = </rc_car/Looks/pcb_red/Shader.outputs:surface>

            def Shader "Shader"
            {
                uniform token info:id = "UsdPreviewSurface"
                color3f inputs:diffuseColor = (0.65, 0.08, 0.08)
                float inputs:metallic = 0
                float inputs:roughness = 0.5
                token outputs:surface
            }
        }

        def Material "pcb_blue"
        {
            token outputs:surface.connect = </rc_car/Looks/pcb_blue/Shader.outputs:surface>

            def Shader "Shader"
            {
                uniform token info:id = "UsdPreviewSurface"
                color3f inputs:diffuseColor = (0.1, 0.25, 0.7)
                float inputs:metallic = 0
                float inputs:roughness = 0.5
                token outputs:surface
            }
        }

        def Material "tape_red"
        {
            token outputs:surface.connect = </rc_car/Looks/tape_red/Shader.outputs:surface>

            def Shader "Shader"
            {
                uniform token info:id = "UsdPreviewSurface"
                color3f inputs:diffuseColor = (0.8, 0.12, 0.12)
                float inputs:metallic = 0
                float inputs:roughness = 0.6
                token outputs:surface
            }
        }

        def Material "blue_anod"
        {
            token outputs:surface.connect = </rc_car/Looks/blue_anod/Shader.outputs:surface>

            def Shader "Shader"
            {
                uniform token info:id = "UsdPreviewSurface"
                color3f inputs:diffuseColor = (0.1, 0.2, 0.85)
                float inputs:metallic = 0.8
                float inputs:roughness = 0.3
                token outputs:surface
            }
        }

        def Material "steel"
        {
            token outputs:surface.connect = </rc_car/Looks/steel/Shader.outputs:surface>

            def Shader "Shader"
            {
                uniform token info:id = "UsdPreviewSurface"
                color3f inputs:diffuseColor = (0.75, 0.75, 0.77)
                float inputs:metallic = 1
                float inputs:roughness = 0.25
                token outputs:surface
            }
        }

        def Material "white"
        {
            token outputs:surface.connect = </rc_car/Looks/white/Shader.outputs:surface>

            def Shader "Shader"
            {
                uniform token info:id = "UsdPreviewSurface"
                color3f inputs:diffuseColor = (0.92, 0.92, 0.9)
                float inputs:metallic = 0
                float inputs:roughness = 0.6
                token outputs:surface
            }
        }

        def Material "led"
        {
            token outputs:surface.connect = </rc_car/Looks/led/Shader.outputs:surface>

            def Shader "Shader"
            {
                uniform token info:id = "UsdPreviewSurface"
                color3f inputs:diffuseColor = (1, 0.75, 0.35)
                color3f inputs:emissiveColor = (1, 0.55, 0.15)
                float inputs:metallic = 0
                float inputs:roughness = 0.5
                token outputs:surface
            }
        }

        def Material "led_g"
        {
            token outputs:surface.connect = </rc_car/Looks/led_g/Shader.outputs:surface>

            def Shader "Shader"
            {
                uniform token info:id = "UsdPreviewSurface"
                color3f inputs:diffuseColor = (0.2, 0.9, 0.2)
                float inputs:metallic = 0
                float inputs:roughness = 0.3
                token outputs:surface
            }
        }

        def Material "led_r"
        {
            token outputs:surface.connect = </rc_car/Looks/led_r/Shader.outputs:surface>

            def Shader "Shader"
            {
                uniform token info:id = "UsdPreviewSurface"
                color3f inputs:diffuseColor = (0.9, 0.15, 0.1)
                float inputs:metallic = 0
                float inputs:roughness = 0.3
                token outputs:surface
            }
        }

        def Material "led_y"
        {
            token outputs:surface.connect = </rc_car/Looks/led_y/Shader.outputs:surface>

            def Shader "Shader"
            {
                uniform token info:id = "UsdPreviewSurface"
                color3f inputs:diffuseColor = (0.95, 0.85, 0.1)
                float inputs:metallic = 0
                float inputs:roughness = 0.3
                token outputs:surface
            }
        }

        def Material "tire_physics" (
            prepend apiSchemas = ["PhysicsMaterialAPI"]
        )
        {
            float physics:dynamicFriction = 0.9
            float physics:restitution = 0
            float physics:staticFriction = 1
        }

        def Material "chassis_physics" (
            prepend apiSchemas = ["PhysicsMaterialAPI"]
        )
        {
            float physics:dynamicFriction = 0.4
            float physics:restitution = 0
            float physics:staticFriction = 0.5
        }
    }

    def Xform "base_link" (
        prepend apiSchemas = ["PhysicsRigidBodyAPI", "PhysicsMassAPI", "PhysxRigidBodyAPI", "PhysicsFilteredPairsAPI"]
    )
    {
        point3f physics:centerOfMass = (-0.01, 0, 0.03)
        rel physics:filteredPairs = [
            </rc_car/front_left_wheel>,
            </rc_car/front_left_steer_knuckle>,
            </rc_car/front_right_wheel>,
            </rc_car/front_right_steer_knuckle>,
            </rc_car/rear_left_wheel>,
            </rc_car/rear_right_wheel>,
        ]
        float physics:mass = 3
        float physxRigidBody:maxAngularVelocity = 30000
        double3 xformOp:translate = (0, 0, 0.055)
        uniform token[] xformOpOrder = ["xformOp:translate"]

        def Xform "visuals"
        {
            def Mesh "chassis_tub" (
                prepend apiSchemas = ["MaterialBindingAPI"]
            )
            {
                uniform bool doubleSided = 1
                float3[] extent = [(-0.18, -0.05, -0.0095), (0.18, 0.05, 0.0355)]
                int[] faceVertexCounts = [4, 4, 4, 4, 4, 4]
                int[] faceVertexIndices = [0, 1, 3, 2, 4, 6, 7, 5, 0, 4, 5, 1, 2, 3, 7, 6, 0, 2, 6, 4, 1, 5, 7, 3]
                rel material:binding = </rc_car/Looks/plastic_blk>
                point3f[] points = [(-0.18, -0.05, -0.0095), (-0.18, -0.05, 0.0355), (-0.18, 0.05, -0.0095), (-0.18, 0.05, 0.0355), (0.18, -0.05, -0.0095), (0.18, -0.05, 0.0355), (0.18, 0.05, -0.0095), (0.18, 0.05, 0.0355)]
                uniform token subdivisionScheme = "none"
            }

            def Mesh "chassis_top" (
                prepend apiSchemas = ["MaterialBindingAPI"]
            )
            {
                uniform bool doubleSided = 1
                float3[] extent = [(-0.16, -0.065, 0.035), (0.14, 0.065, 0.041)]
                int[] faceVertexCounts = [4, 4, 4, 4, 4, 4]
                int[] faceVertexIndices = [0, 1, 3, 2, 4, 6, 7, 5, 0, 4, 5, 1, 2, 3, 7, 6, 0, 2, 6, 4, 1, 5, 7, 3]
                rel material:binding = </rc_car/Looks/plastic_blk>
                point3f[] points = [(-0.16, -0.065, 0.035), (-0.16, -0.065, 0.041), (-0.16, 0.065, 0.035), (-0.16, 0.065, 0.041), (0.14, -0.065, 0.035), (0.14, -0.065, 0.041), (0.14, 0.065, 0.035), (0.14, 0.065, 0.041)]
                uniform token subdivisionScheme = "none"
            }

            def Mesh "led_strip" (
                prepend apiSchemas = ["MaterialBindingAPI"]
            )
            {
                uniform bool doubleSided = 1
                float3[] extent = [(-0.135, -0.0515, -0.0045), (0.135, 0.0515, 0.0025)]
                int[] faceVertexCounts = [4, 4, 4, 4, 4, 4]
                int[] faceVertexIndices = [0, 1, 3, 2, 4, 6, 7, 5, 0, 4, 5, 1, 2, 3, 7, 6, 0, 2, 6, 4, 1, 5, 7, 3]
                rel material:binding = </rc_car/Looks/led>
                point3f[] points = [(-0.135, -0.0515, -0.0045), (-0.135, -0.0515, 0.0025), (-0.135, 0.0515, -0.0045), (-0.135, 0.0515, 0.0025), (0.135, -0.0515, -0.0045), (0.135, -0.0515, 0.0025), (0.135, 0.0515, -0.0045), (0.135, 0.0515, 0.0025)]
                uniform token subdivisionScheme = "none"
            }

            def Mesh "esc_motor_heatsink" (
                prepend apiSchemas = ["MaterialBindingAPI"]
            )
            {
                uniform bool doubleSided = 1
                float3[] extent = [(-0.0575, 0.0175, 0.037), (-0.0025, 0.0525, 0.059)]
                int[] faceVertexCounts = [4, 4, 4, 4, 4, 4]
                int[] faceVertexIndices = [0, 1, 3, 2, 4, 6, 7, 5, 0, 4, 5, 1, 2, 3, 7, 6, 0, 2, 6, 4, 1, 5, 7, 3]
                rel material:binding = </rc_car/Looks/blue_anod>
                point3f[] points = [(-0.0575, 0.0175, 0.037), (-0.0575, 0.0175, 0.059), (-0.0575, 0.0525, 0.037), (-0.0575, 0.0525, 0.059), (-0.0025, 0.0175, 0.037), (-0.0025, 0.0175, 0.059), (-0.0025, 0.0525, 0.037), (-0.0025, 0.0525, 0.059)]
                uniform token subdivisionScheme = "none"
            }

            def Mesh "power_switch" (
                prepend apiSchemas = ["MaterialBindingAPI"]
            )
            {
                uniform bool doubleSided = 1
                float3[] extent = [(0.014, -0.056, -0.011), (0.026, -0.051, 0.001)]
                int[] faceVertexCounts = [4, 4, 4, 4, 4, 4, 4, 4, 4, 4, 4, 4, 4, 4, 4, 4, 4, 4, 4, 4, 4, 4, 4, 4, 24, 24]
                int[] faceVertexIndices = [0, 2, 3, 1, 2, 4, 5, 3, 4, 6, 7, 5, 6, 8, 9, 7, 8, 10, 11, 9, 10, 12, 13, 11, 12, 14, 15, 13, 14, 16, 17, 15, 16, 18, 19, 17, 18, 20, 21, 19, 20, 22, 23, 21, 22, 24, 25, 23, 24, 26, 27, 25, 26, 28, 29, 27, 28, 30, 31, 29, 30, 32, 33, 31, 32, 34, 35, 33, 34, 36, 37, 35, 36, 38, 39, 37, 38, 40, 41, 39, 40, 42, 43, 41, 42, 44, 45, 43, 44, 46, 47, 45, 46, 0, 1, 47, 46, 44, 42, 40, 38, 36, 34, 32, 30, 28, 26, 24, 22, 20, 18, 16, 14, 12, 10, 8, 6, 4, 2, 0, 1, 3, 5, 7, 9, 11, 13, 15, 17, 19, 21, 23, 25, 27, 29, 31, 33, 35, 37, 39, 41, 43, 45, 47]
                rel material:binding = </rc_car/Looks/plastic_blk>
                point3f[] points = [(0.02, -0.051, 0.001), (0.02, -0.056, 0.001), (0.018447086, -0.051, 0.00079555495), (0.018447086, -0.056, 0.00079555495), (0.017, -0.051, 0.00019615242), (0.017, -0.056, 0.00019615242), (0.01575736, -0.051, -0.0007573593), (0.01575736, -0.056, -0.0007573593), (0.014803847, -0.051, -0.002), (0.014803847, -0.056, -0.002), (0.014204445, -0.051, -0.0034470856), (0.014204445, -0.056, -0.0034470856), (0.014, -0.051, -0.005), (0.014, -0.056, -0.005), (0.014204445, -0.051, -0.006552914), (0.014204445, -0.056, -0.006552914), (0.014803847, -0.051, -0.008), (0.014803847, -0.056, -0.008), (0.01575736, -0.051, -0.009242641), (0.01575736, -0.056, -0.009242641), (0.017, -0.051, -0.010196152), (0.017, -0.056, -0.010196152), (0.018447086, -0.051, -0.010795555), (0.018447086, -0.056, -0.010795555), (0.02, -0.051, -0.011), (0.02, -0.056, -0.011), (0.021552915, -0.051, -0.010795555), (0.021552915, -0.056, -0.010795555), (0.023, -0.051, -0.010196152), (0.023, -0.056, -0.010196152), (0.024242641, -0.051, -0.009242641), (0.024242641, -0.056, -0.009242641), (0.025196152, -0.051, -0.008), (0.025196152, -0.056, -0.008), (0.025795555, -0.051, -0.006552914), (0.025795555, -0.056, -0.006552914), (0.026, -0.051, -0.005), (0.026, -0.056, -0.005), (0.025795555, -0.051, -0.0034470856), (0.025795555, -0.056, -0.0034470856), (0.025196152, -0.051, -0.002), (0.025196152, -0.056, -0.002), (0.024242641, -0.051, -0.0007573593), (0.024242641, -0.056, -0.0007573593), (0.023, -0.051, 0.00019615242), (0.023, -0.056, 0.00019615242), (0.021552915, -0.051, 0.00079555495), (0.021552915, -0.056, 0.00079555495)]
                uniform token subdivisionScheme = "none"
            }

            def Mesh "front_bumper" (
                prepend apiSchemas = ["MaterialBindingAPI"]
            )
            {
                uniform bool doubleSided = 1
                float3[] extent = [(0.179, -0.045, -0.0055), (0.215, 0.045, 0.0195)]
                int[] faceVertexCounts = [4, 4, 4, 4, 4, 4]
                int[] faceVertexIndices = [0, 1, 3, 2, 4, 6, 7, 5, 0, 4, 5, 1, 2, 3, 7, 6, 0, 2, 6, 4, 1, 5, 7, 3]
                rel material:binding = </rc_car/Looks/plastic_blk>
                point3f[] points = [(0.179, -0.045, -0.0055), (0.179, -0.045, 0.0195), (0.179, 0.045, -0.0055), (0.179, 0.045, 0.0195), (0.215, -0.045, -0.0055), (0.215, -0.045, 0.0195), (0.215, 0.045, -0.0055), (0.215, 0.045, 0.0195)]
                uniform token subdivisionScheme = "none"
            }

            def Mesh "rear_bumper" (
                prepend apiSchemas = ["MaterialBindingAPI"]
            )
            {
                uniform bool doubleSided = 1
                float3[] extent = [(-0.215, -0.03, -0.007), (-0.179, 0.03, 0.013)]
                int[] faceVertexCounts = [4, 4, 4, 4, 4, 4]
                int[] faceVertexIndices = [0, 1, 3, 2, 4, 6, 7, 5, 0, 4, 5, 1, 2, 3, 7, 6, 0, 2, 6, 4, 1, 5, 7, 3]
                rel material:binding = </rc_car/Looks/plastic_blk>
                point3f[] points = [(-0.215, -0.03, -0.007), (-0.215, -0.03, 0.013), (-0.215, 0.03, -0.007), (-0.215, 0.03, 0.013), (-0.179, -0.03, -0.007), (-0.179, -0.03, 0.013), (-0.179, 0.03, -0.007), (-0.179, 0.03, 0.013)]
                uniform token subdivisionScheme = "none"
            }

            def Mesh "rear_bumper_plate" (
                prepend apiSchemas = ["MaterialBindingAPI"]
            )
            {
                uniform bool doubleSided = 1
                float3[] extent = [(-0.217, -0.0275, -0.009), (-0.211, 0.0275, 0.003)]
                int[] faceVertexCounts = [4, 4, 4, 4, 4, 4]
                int[] faceVertexIndices = [0, 1, 3, 2, 4, 6, 7, 5, 0, 4, 5, 1, 2, 3, 7, 6, 0, 2, 6, 4, 1, 5, 7, 3]
                rel material:binding = </rc_car/Looks/blue_anod>
                point3f[] points = [(-0.217, -0.0275, -0.009), (-0.217, -0.0275, 0.003), (-0.217, 0.0275, -0.009), (-0.217, 0.0275, 0.003), (-0.211, -0.0275, -0.009), (-0.211, -0.0275, 0.003), (-0.211, 0.0275, -0.009), (-0.211, 0.0275, 0.003)]
                uniform token subdivisionScheme = "none"
            }

            def Mesh "suspension_arms" (
                prepend apiSchemas = ["MaterialBindingAPI"]
            )
            {
                uniform bool doubleSided = 1
                float3[] extent = [(-0.16820633, -0.100218035, -0.012996037), (0.16820633, 0.100218035, 0.0655)]
                int[] faceVertexCounts = [4, 4, 4, 4, 4, 4, 4, 4, 4, 4, 4, 4, 4, 4, 4, 4, 10, 10, 4, 4, 4, 4, 4, 4, 4, 4, 8, 8, 4, 4, 4, 4, 4, 4, 4, 4, 4, 4, 10, 10, 4, 4, 4, 4, 4, 4, 4, 4, 8, 8, 4, 4, 4, 4, 4, 4, 4, 4, 4, 4, 4, 4, 4, 4, 4, 4, 10, 10, 4, 4, 4, 4, 4, 4, 4, 4, 8, 8, 4, 4, 4, 4, 4, 4, 4, 4, 4, 4, 10, 10, 4, 4, 4, 4, 4, 4, 4, 4, 8, 8]
                int[] faceVertexIndices = [0, 1, 3, 2, 4, 6, 7, 5, 0, 4, 5, 1, 2, 3, 7, 6, 0, 2, 6, 4, 1, 5, 7, 3, 8, 10, 11, 9, 10, 12, 13, 11, 12, 14, 15, 13, 14, 16, 17, 15, 16, 18, 19, 17, 18, 20, 21, 19, 20, 22, 23, 21, 22, 24, 25, 23, 24, 26, 27, 25, 26, 8, 9, 27, 26, 24, 22, 20, 18, 16, 14, 12, 10, 8, 9, 11, 13, 15, 17, 19, 21, 23, 25, 27, 28, 30, 31, 29, 30, 32, 33, 31, 32, 34, 35, 33, 34, 36, 37, 35, 36, 38, 39, 37, 38, 40, 41, 39, 40, 42, 43, 41, 42, 28, 29, 43, 42, 40, 38, 36, 34, 32, 30, 28, 29, 31, 33, 35, 37, 39, 41, 43, 44, 46, 47, 45, 46, 48, 49, 47, 48, 50, 51, 49, 50, 52, 53, 51, 52, 54, 55, 53, 54, 56, 57, 55, 56, 58, 59, 57, 58, 60, 61, 59, 60, 62, 63, 61, 62, 44, 45, 63, 62, 60, 58, 56, 54, 52, 50, 48, 46, 44, 45, 47, 49, 51, 53, 55, 57, 59, 61, 63, 64, 66, 67, 65, 66, 68, 69, 67, 68, 70, 71, 69, 70, 72, 73, 71, 72, 74, 75, 73, 74, 76, 77, 75, 76, 78, 79, 77, 78, 64, 65, 79, 78, 76, 74, 72, 70, 68, 66, 64, 65, 67, 69, 71, 73, 75, 77, 79, 80, 81, 83, 82, 84, 86, 87, 85, 80, 84, 85, 81, 82, 83, 87, 86, 80, 82, 86, 84, 81, 85, 87, 83, 88, 90, 91, 89, 90, 92, 93, 91, 92, 94, 95, 93, 94, 96, 97, 95, 96, 98, 99, 97, 98, 100, 101, 99, 100, 102, 103, 101, 102, 104, 105, 103, 104, 106, 107, 105, 106, 88, 89, 107, 106, 104, 102, 100, 98, 96, 94, 92, 90, 88, 89, 91, 93, 95, 97, 99, 101, 103, 105, 107, 108, 110, 111, 109, 110, 112, 113, 111, 112, 114, 115, 113, 114, 116, 117, 115, 116, 118, 119, 117, 118, 120, 121, 119, 120, 122, 123, 121, 122, 108, 109, 123, 122, 120, 118, 116, 114, 112, 110, 108, 109, 111, 113, 115, 117, 119, 121, 123, 124, 126, 127, 125, 126, 128, 129, 127, 128, 130, 131, 129, 130, 132, 133, 131, 132, 134, 135, 133, 134, 136, 137, 135, 136, 138, 139, 137, 138, 140, 141, 139, 140, 142, 143, 141, 142, 124, 125, 143, 142, 140, 138, 136, 134, 132, 130, 128, 126, 124, 125, 127, 129, 131, 133, 135, 137, 139, 141, 143, 144, 146, 147, 145, 146, 148, 149, 147, 148, 150, 151, 149, 150, 152, 153, 151, 152, 154, 155, 153, 154, 156, 157, 155, 156, 158, 159, 157, 158, 144, 145, 159, 158, 156, 154, 152, 150, 148, 146, 144, 145, 147, 149, 151, 153, 155, 157, 159]
                rel material:binding = </rc_car/Looks/plastic_blk>
                point3f[] points = [(0.1235, -0.05, 0.0205), (0.1235, -0.05, 0.0655), (0.1235, 0.05, 0.0205), (0.1235, 0.05, 0.0655), (0.1315, -0.05, 0.0205), (0.1315, -0.05, 0.0655), (0.1315, 0.05, 0.0205), (0.1315, 0.05, 0.0655), (0.1625, 0.04521804, -0.012996037), (0.1625, 0.100218035, -0.010996037), (0.15897329, 0.045176398, -0.011850895), (0.15897329, 0.100176394, -0.009850896), (0.15679365, 0.045067377, -0.008852878), (0.15679365, 0.10006738, -0.0068528773), (0.15679365, 0.044932622, -0.005147123), (0.15679365, 0.099932626, -0.0031471227), (0.15897329, 0.044823606, -0.0021491041), (0.15897329, 0.0998236, -0.00014910418), (0.1625, 0.04478196, -0.001003963), (0.1625, 0.09978196, 0.000996037), (0.16602671, 0.044823606, -0.0021491041), (0.16602671, 0.0998236, -0.00014910418), (0.16820633, 0.044932622, -0.005147123), (0.16820633, 0.099932626, -0.0031471227), (0.16820633, 0.045067377, -0.008852878), (0.16820633, 0.10006738, -0.0068528773), (0.16602671, 0.045176398, -0.011850895), (0.16602671, 0.100176394, -0.009850896), (0.1625, 0.044760764, 0.012009555), (0.1625, 0.09476076, 0.008009554), (0.16037868, 0.044830836, 0.0128854355), (0.16037868, 0.09483083, 0.008885436), (0.1595, 0.045, 0.015), (0.1595, 0.095, 0.011), (0.16037868, 0.045169163, 0.017114565), (0.16037868, 0.095169164, 0.013114564), (0.1625, 0.045239236, 0.017990446), (0.1625, 0.09523924, 0.013990446), (0.16462132, 0.045169163, 0.017114565), (0.16462132, 0.095169164, 0.013114564), (0.1655, 0.045, 0.015), (0.1655, 0.095, 0.011), (0.16462132, 0.044830836, 0.0128854355), (0.16462132, 0.09483083, 0.008885436), (0.1625, -0.04478196, -0.001003963), (0.1625, -0.09978196, 0.000996037), (0.15897329, -0.044823606, -0.0021491041), (0.15897329, -0.0998236, -0.00014910418), (0.15679365, -0.044932622, -0.005147123), (0.15679365, -0.099932626, -0.0031471227), (0.15679365, -0.045067377, -0.008852878), (0.15679365, -0.10006738, -0.0068528773), (0.15897329, -0.045176398, -0.011850895), (0.15897329, -0.100176394, -0.009850896), (0.1625, -0.04521804, -0.012996037), (0.1625, -0.100218035, -0.010996037), (0.16602671, -0.045176398, -0.011850895), (0.16602671, -0.100176394, -0.009850896), (0.16820633, -0.045067377, -0.008852878), (0.16820633, -0.10006738, -0.0068528773), (0.16820633, -0.044932622, -0.005147123), (0.16820633, -0.099932626, -0.0031471227), (0.16602671, -0.044823606, -0.0021491041), (0.16602671, -0.0998236, -0.00014910418), (0.1625, -0.045239236, 0.017990446), (0.1625, -0.09523924, 0.013990446), (0.16037868, -0.045169163, 0.017114565), (0.16037868, -0.095169164, 0.013114564), (0.1595, -0.045, 0.015), (0.1595, -0.095, 0.011), (0.16037868, -0.044830836, 0.0128854355), (0.16037868, -0.09483083, 0.008885436), (0.1625, -0.044760764, 0.012009555), (0.1625, -0.09476076, 0.008009554), (0.16462132, -0.044830836, 0.0128854355), (0.16462132, -0.09483083, 0.008885436), (0.1655, -0.045, 0.015), (0.1655, -0.095, 0.011), (0.16462132, -0.045169163, 0.017114565), (0.16462132, -0.095169164, 0.013114564), (-0.1315, -0.05, 0.0205), (-0.1315, -0.05, 0.0655), (-0.1315, 0.05, 0.0205), (-0.1315, 0.05, 0.0655), (-0.1235, -0.05, 0.0205), (-0.1235, -0.05, 0.0655), (-0.1235, 0.05, 0.0205), (-0.1235, 0.05, 0.0655), (-0.1625, 0.04523981, -0.012995206), (-0.1625, 0.09523981, -0.0109952055), (-0.16602671, 0.045194007, -0.011850223), (-0.16602671, 0.09519401, -0.009850224), (-0.16820633, 0.045074105, -0.008852621), (-0.16820633, 0.0950741, -0.0068526203), (-0.16820633, 0.044925895, -0.0051473794), (-0.16820633, 0.094925895, -0.0031473795), (-0.16602671, 0.044805992, -0.0021497766), (-0.16602671, 0.09480599, -0.00014977666), (-0.1625, 0.04476019, -0.0010047943), (-0.1625, 0.094760194, 0.0009952057), (-0.15897329, 0.044805992, -0.0021497766), (-0.15897329, 0.09480599, -0.00014977666), (-0.15679365, 0.044925895, -0.0051473794), (-0.15679365, 0.094925895, -0.0031473795), (-0.15679365, 0.045074105, -0.008852621), (-0.15679365, 0.0950741, -0.0068526203), (-0.15897329, 0.045194007, -0.011850223), (-0.15897329, 0.09519401, -0.009850224), (-0.1625, 0.04473438, 0.012011782), (-0.1625, 0.08973438, 0.008011783), (-0.16462132, 0.04481218, 0.012887011), (-0.16462132, 0.08981218, 0.008887011), (-0.1655, 0.045, 0.015), (-0.1655, 0.09, 0.011), (-0.16462132, 0.04518782, 0.017112989), (-0.16462132, 0.09018782, 0.013112989), (-0.1625, 0.04526562, 0.017988218), (-0.1625, 0.09026562, 0.013988218), (-0.16037868, 0.04518782, 0.017112989), (-0.16037868, 0.09018782, 0.013112989), (-0.1595, 0.045, 0.015), (-0.1595, 0.09, 0.011), (-0.16037868, 0.04481218, 0.012887011), (-0.16037868, 0.08981218, 0.008887011), (-0.1625, -0.04476019, -0.0010047943), (-0.1625, -0.094760194, 0.0009952057), (-0.16602671, -0.044805992, -0.0021497766), (-0.16602671, -0.09480599, -0.00014977666), (-0.16820633, -0.044925895, -0.0051473794), (-0.16820633, -0.094925895, -0.0031473795), (-0.16820633, -0.045074105, -0.008852621), (-0.16820633, -0.0950741, -0.0068526203), (-0.16602671, -0.045194007, -0.011850223), (-0.16602671, -0.09519401, -0.009850224), (-0.1625, -0.04523981, -0.012995206), (-0.1625, -0.09523981, -0.0109952055), (-0.15897329, -0.045194007, -0.011850223), (-0.15897329, -0.09519401, -0.009850224), (-0.15679365, -0.045074105, -0.008852621), (-0.15679365, -0.0950741, -0.0068526203), (-0.15679365, -0.044925895, -0.0051473794), (-0.15679365, -0.094925895, -0.0031473795), (-0.15897329, -0.044805992, -0.0021497766), (-0.15897329, -0.09480599, -0.00014977666), (-0.1625, -0.04526562, 0.017988218), (-0.1625, -0.09026562, 0.013988218), (-0.16462132, -0.04518782, 0.017112989), (-0.16462132, -0.09018782, 0.013112989), (-0.1655, -0.045, 0.015), (-0.1655, -0.09, 0.011), (-0.16462132, -0.04481218, 0.012887011), (-0.16462132, -0.08981218, 0.008887011), (-0.1625, -0.04473438, 0.012011782), (-0.1625, -0.08973438, 0.008011783), (-0.16037868, -0.04481218, 0.012887011), (-0.16037868, -0.08981218, 0.008887011), (-0.1595, -0.045, 0.015), (-0.1595, -0.09, 0.011), (-0.16037868, -0.04518782, 0.017112989), (-0.16037868, -0.09018782, 0.013112989)]
                uniform token subdivisionScheme = "none"
            }

            def Mesh "shock_bodies" (
                prepend apiSchemas = ["MaterialBindingAPI"]
            )
            {
                uniform bool doubleSided = 1
                float3[] extent = [(-0.15669599, -0.09354139, -0.0060385875), (0.15671626, 0.09354139, 0.06303859)]
                int[] faceVertexCounts = [4, 4, 4, 4, 4, 4, 4, 4, 4, 4, 4, 4, 12, 12, 4, 4, 4, 4, 4, 4, 4, 4, 4, 4, 4, 4, 12, 12, 4, 4, 4, 4, 4, 4, 4, 4, 4, 4, 4, 4, 12, 12, 4, 4, 4, 4, 4, 4, 4, 4, 4, 4, 4, 4, 12, 12]
                int[] faceVertexIndices = [0, 2, 3, 1, 2, 4, 5, 3, 4, 6, 7, 5, 6, 8, 9, 7, 8, 10, 11, 9, 10, 12, 13, 11, 12, 14, 15, 13, 14, 16, 17, 15, 16, 18, 19, 17, 18, 20, 21, 19, 20, 22, 23, 21, 22, 0, 1, 23, 22, 20, 18, 16, 14, 12, 10, 8, 6, 4, 2, 0, 1, 3, 5, 7, 9, 11, 13, 15, 17, 19, 21, 23, 24, 26, 27, 25, 26, 28, 29, 27, 28, 30, 31, 29, 30, 32, 33, 31, 32, 34, 35, 33, 34, 36, 37, 35, 36, 38, 39, 37, 38, 40, 41, 39, 40, 42, 43, 41, 42, 44, 45, 43, 44, 46, 47, 45, 46, 24, 25, 47, 46, 44, 42, 40, 38, 36, 34, 32, 30, 28, 26, 24, 25, 27, 29, 31, 33, 35, 37, 39, 41, 43, 45, 47, 48, 50, 51, 49, 50, 52, 53, 51, 52, 54, 55, 53, 54, 56, 57, 55, 56, 58, 59, 57, 58, 60, 61, 59, 60, 62, 63, 61, 62, 64, 65, 63, 64, 66, 67, 65, 66, 68, 69, 67, 68, 70, 71, 69, 70, 48, 49, 71, 70, 68, 66, 64, 62, 60, 58, 56, 54, 52, 50, 48, 49, 51, 53, 55, 57, 59, 61, 63, 65, 67, 69, 71, 72, 74, 75, 73, 74, 76, 77, 75, 76, 78, 79, 77, 78, 80, 81, 79, 80, 82, 83, 81, 82, 84, 85, 83, 84, 86, 87, 85, 86, 88, 89, 87, 88, 90, 91, 89, 90, 92, 93, 91, 92, 94, 95, 93, 94, 72, 73, 95, 94, 92, 90, 88, 86, 84, 82, 80, 78, 76, 74, 72, 73, 75, 77, 79, 81, 83, 85, 87, 89, 91, 93, 95]
                rel material:binding = </rc_car/Looks/steel>
                point3f[] points = [(0.1225, 0.0364752, 0.05720254), (0.1525, 0.0864752, -0.00579746), (0.120391876, 0.037436254, 0.056961413), (0.15039188, 0.08743626, -0.0060385875), (0.118848614, 0.039084263, 0.05753447), (0.14884862, 0.08908427, -0.005465528), (0.11828375, 0.040977646, 0.058768168), (0.14828375, 0.09097765, -0.004231832), (0.118848614, 0.042609066, 0.060331933), (0.14884862, 0.09260906, -0.0026680676), (0.120391876, 0.04354139, 0.061806757), (0.15039188, 0.09354139, -0.0011932442), (0.1225, 0.0435248, 0.06279746), (0.1525, 0.0935248, -0.00020253964), (0.12460813, 0.042563744, 0.06303859), (0.15460813, 0.09256374, 0.00003858772), (0.12615138, 0.040915735, 0.062465526), (0.15615138, 0.09091573, -0.00053447206), (0.12671626, 0.039022356, 0.061231833), (0.15671626, 0.08902235, -0.0017681681), (0.12615138, 0.037390936, 0.059668068), (0.15615138, 0.08739094, -0.0033319325), (0.12460813, 0.03645861, 0.058193244), (0.15460813, 0.08645861, -0.0048067556), (0.1225, -0.0435248, 0.06279746), (0.1525, -0.0935248, -0.00020253964), (0.120391876, -0.04354139, 0.061806757), (0.15039188, -0.09354139, -0.0011932442), (0.118848614, -0.042609066, 0.060331933), (0.14884862, -0.09260906, -0.0026680676), (0.11828375, -0.040977646, 0.058768168), (0.14828375, -0.09097765, -0.004231832), (0.118848614, -0.039084263, 0.05753447), (0.14884862, -0.08908427, -0.005465528), (0.120391876, -0.037436254, 0.056961413), (0.15039188, -0.08743626, -0.0060385875), (0.1225, -0.0364752, 0.05720254), (0.1525, -0.0864752, -0.00579746), (0.12460813, -0.03645861, 0.058193244), (0.15460813, -0.08645861, -0.0048067556), (0.12615138, -0.037390936, 0.059668068), (0.15615138, -0.08739094, -0.0033319325), (0.12671626, -0.039022356, 0.061231833), (0.15671626, -0.08902235, -0.0017681681), (0.12615138, -0.040915735, 0.062465526), (0.15615138, -0.09091573, -0.00053447206), (0.12460813, -0.042563744, 0.06303859), (0.15460813, -0.09256374, 0.00003858772), (-0.1225, 0.0363382, 0.057384428), (-0.1525, 0.0813382, -0.005615572), (-0.124598, 0.036356267, 0.05839638), (-0.154598, 0.081356265, -0.0046036206), (-0.12613384, 0.037350666, 0.05983802), (-0.15613385, 0.082350664, -0.0031619803), (-0.12669599, 0.039054956, 0.06132306), (-0.15669599, 0.084054954, -0.0016769377), (-0.12613384, 0.041012466, 0.06245359), (-0.15613385, 0.08601247, -0.00054640847), (-0.124598, 0.04269869, 0.06292668), (-0.154598, 0.08769869, -0.00007331714), (-0.1225, 0.0436618, 0.06261557), (-0.1525, 0.0886618, -0.00038442813), (-0.120402, 0.043643735, 0.06160362), (-0.150402, 0.08864374, -0.0013963794), (-0.11886616, 0.042649332, 0.06016198), (-0.14886616, 0.08764933, -0.0028380197), (-0.118304, 0.040945046, 0.05867694), (-0.148304, 0.08594505, -0.0043230625), (-0.11886616, 0.038987532, 0.057546407), (-0.14886616, 0.083987534, -0.0054535917), (-0.120402, 0.03730131, 0.057073317), (-0.150402, 0.08230131, -0.005926683), (-0.1225, -0.0436618, 0.06261557), (-0.1525, -0.0886618, -0.00038442813), (-0.124598, -0.04269869, 0.06292668), (-0.154598, -0.08769869, -0.00007331714), (-0.12613384, -0.041012466, 0.06245359), (-0.15613385, -0.08601247, -0.00054640847), (-0.12669599, -0.039054956, 0.06132306), (-0.15669599, -0.084054954, -0.0016769377), (-0.12613384, -0.037350666, 0.05983802), (-0.15613385, -0.082350664, -0.0031619803), (-0.124598, -0.036356267, 0.05839638), (-0.154598, -0.081356265, -0.0046036206), (-0.1225, -0.0363382, 0.057384428), (-0.1525, -0.0813382, -0.005615572), (-0.120402, -0.03730131, 0.057073317), (-0.150402, -0.08230131, -0.005926683), (-0.11886616, -0.038987532, 0.057546407), (-0.14886616, -0.083987534, -0.0054535917), (-0.118304, -0.040945046, 0.05867694), (-0.148304, -0.08594505, -0.0043230625), (-0.11886616, -0.042649332, 0.06016198), (-0.14886616, -0.08764933, -0.0028380197), (-0.120402, -0.043643735, 0.06160362), (-0.150402, -0.08864374, -0.0013963794)]
                uniform token subdivisionScheme = "none"
            }

            def Mesh "shock_caps" (
                prepend apiSchemas = ["MaterialBindingAPI"]
            )
            {
                uniform bool doubleSided = 1
                float3[] extent = [(-0.13365377, -0.05298938, 0.04601053), (0.13354461, 0.05298938, 0.06802709)]
                int[] faceVertexCounts = [4, 4, 4, 4, 4, 4, 4, 4, 4, 4, 4, 4, 4, 4, 14, 14, 4, 4, 4, 4, 4, 4, 4, 4, 4, 4, 4, 4, 4, 4, 14, 14, 4, 4, 4, 4, 4, 4, 4, 4, 4, 4, 4, 4, 4, 4, 14, 14, 4, 4, 4, 4, 4, 4, 4, 4, 4, 4, 4, 4, 4, 4, 14, 14]
                int[] faceVertexIndices = [0, 2, 3, 1, 2, 4, 5, 3, 4, 6, 7, 5, 6, 8, 9, 7, 8, 10, 11, 9, 10, 12, 13, 11, 12, 14, 15, 13, 14, 16, 17, 15, 16, 18, 19, 17, 18, 20, 21, 19, 20, 22, 23, 21, 22, 24, 25, 23, 24, 26, 27, 25, 26, 0, 1, 27, 26, 24, 22, 20, 18, 16, 14, 12, 10, 8, 6, 4, 2, 0, 1, 3, 5, 7, 9, 11, 13, 15, 17, 19, 21, 23, 25, 27, 28, 30, 31, 29, 30, 32, 33, 31, 32, 34, 35, 33, 34, 36, 37, 35, 36, 38, 39, 37, 38, 40, 41, 39, 40, 42, 43, 41, 42, 44, 45, 43, 44, 46, 47, 45, 46, 48, 49, 47, 48, 50, 51, 49, 50, 52, 53, 51, 52, 54, 55, 53, 54, 28, 29, 55, 54, 52, 50, 48, 46, 44, 42, 40, 38, 36, 34, 32, 30, 28, 29, 31, 33, 35, 37, 39, 41, 43, 45, 47, 49, 51, 53, 55, 56, 58, 59, 57, 58, 60, 61, 59, 60, 62, 63, 61, 62, 64, 65, 63, 64, 66, 67, 65, 66, 68, 69, 67, 68, 70, 71, 69, 70, 72, 73, 71, 72, 74, 75, 73, 74, 76, 77, 75, 76, 78, 79, 77, 78, 80, 81, 79, 80, 82, 83, 81, 82, 56, 57, 83, 82, 80, 78, 76, 74, 72, 70, 68, 66, 64, 62, 60, 58, 56, 57, 59, 61, 63, 65, 67, 69, 71, 73, 75, 77, 79, 81, 83, 84, 86, 87, 85, 86, 88, 89, 87, 88, 90, 91, 89, 90, 92, 93, 91, 92, 94, 95, 93, 94, 96, 97, 95, 96, 98, 99, 97, 98, 100, 101, 99, 100, 102, 103, 101, 102, 104, 105, 103, 104, 106, 107, 105, 106, 108, 109, 107, 108, 110, 111, 109, 110, 84, 85, 111, 110, 108, 106, 104, 102, 100, 98, 96, 94, 92, 90, 88, 86, 84, 85, 87, 89, 91, 93, 95, 97, 99, 101, 103, 105, 107, 109, 111]
                rel material:binding = </rc_car/Looks/blue_anod>
                point3f[] points = [(0.121102095, 0.031795494, 0.058273163), (0.12669371, 0.041114848, 0.04653078), (0.11805315, 0.033084244, 0.057844102), (0.12364477, 0.042403594, 0.04610172), (0.115608096, 0.03528129, 0.058423474), (0.121199705, 0.04460064, 0.04668109), (0.11425119, 0.03795148, 0.05989653), (0.119842805, 0.04727083, 0.048154145), (0.11425119, 0.040565953, 0.061971504), (0.119842805, 0.049885307, 0.05022912), (0.115608096, 0.04260688, 0.06423743), (0.121199705, 0.05192623, 0.05249505), (0.11805315, 0.04367003, 0.06624552), (0.12364477, 0.05298938, 0.054503135), (0.121102095, 0.04354483, 0.06759803), (0.12669371, 0.05286418, 0.055855647), (0.124151036, 0.04225608, 0.06802709), (0.12974265, 0.051575433, 0.056284707), (0.1265961, 0.040059034, 0.067447715), (0.13218771, 0.049378388, 0.055705335), (0.12795301, 0.037388843, 0.06597466), (0.13354461, 0.046708196, 0.05423228), (0.12795301, 0.03477437, 0.06389969), (0.13354461, 0.044093724, 0.0521573), (0.1265961, 0.032733444, 0.06163376), (0.13218771, 0.042052798, 0.049891375), (0.124151036, 0.0316703, 0.059625674), (0.12974265, 0.04098965, 0.04788329), (0.121102095, -0.04354483, 0.06759803), (0.12669371, -0.05286418, 0.055855647), (0.11805315, -0.04367003, 0.06624552), (0.12364477, -0.05298938, 0.054503135), (0.115608096, -0.04260688, 0.06423743), (0.121199705, -0.05192623, 0.05249505), (0.11425119, -0.040565953, 0.061971504), (0.119842805, -0.049885307, 0.05022912), (0.11425119, -0.03795148, 0.05989653), (0.119842805, -0.04727083, 0.048154145), (0.115608096, -0.03528129, 0.058423474), (0.121199705, -0.04460064, 0.04668109), (0.11805315, -0.033084244, 0.057844102), (0.12364477, -0.042403594, 0.04610172), (0.121102095, -0.031795494, 0.058273163), (0.12669371, -0.041114848, 0.04653078), (0.124151036, -0.0316703, 0.059625674), (0.12974265, -0.04098965, 0.04788329), (0.1265961, -0.032733444, 0.06163376), (0.13218771, -0.042052798, 0.049891375), (0.12795301, -0.03477437, 0.06389969), (0.13354461, -0.044093724, 0.0521573), (0.12795301, -0.037388843, 0.06597466), (0.13354461, -0.046708196, 0.05423228), (0.1265961, -0.040059034, 0.067447715), (0.13218771, -0.049378388, 0.055705335), (0.124151036, -0.04225608, 0.06802709), (0.12974265, -0.051575433, 0.056284707), (-0.12105474, 0.03172911, 0.05867576), (-0.12683578, 0.04040066, 0.046535585), (-0.12408903, 0.0316501, 0.06006422), (-0.12987007, 0.04032165, 0.047924045), (-0.12652235, 0.03279551, 0.062041093), (-0.13230339, 0.041467063, 0.04990092), (-0.12787274, 0.034938484, 0.064214826), (-0.13365377, 0.043610036, 0.052074656), (-0.12787274, 0.037654575, 0.06615489), (-0.13365377, 0.046326127, 0.05401472), (-0.12652235, 0.04040583, 0.06747703), (-0.13230339, 0.04907738, 0.05533686), (-0.12408903, 0.04264733, 0.06791938), (-0.12987007, 0.05131888, 0.05577921), (-0.12105474, 0.043935113, 0.06739433), (-0.12683578, 0.052606665, 0.055254158), (-0.11802045, 0.044014126, 0.06600586), (-0.123801485, 0.052685678, 0.053865694), (-0.11558714, 0.042868715, 0.06402899), (-0.12136817, 0.051540267, 0.05188882), (-0.11423675, 0.04072574, 0.06185526), (-0.12001778, 0.049397293, 0.049715087), (-0.11423675, 0.03800965, 0.059915192), (-0.12001778, 0.046681203, 0.04777502), (-0.11558714, 0.035258394, 0.058593053), (-0.12136817, 0.04392995, 0.04645288), (-0.11802045, 0.033016898, 0.058150705), (-0.123801485, 0.04168845, 0.04601053), (-0.12105474, -0.043935113, 0.06739433), (-0.12683578, -0.052606665, 0.055254158), (-0.12408903, -0.04264733, 0.06791938), (-0.12987007, -0.05131888, 0.05577921), (-0.12652235, -0.04040583, 0.06747703), (-0.13230339, -0.04907738, 0.05533686), (-0.12787274, -0.037654575, 0.06615489), (-0.13365377, -0.046326127, 0.05401472), (-0.12787274, -0.034938484, 0.064214826), (-0.13365377, -0.043610036, 0.052074656), (-0.12652235, -0.03279551, 0.062041093), (-0.13230339, -0.041467063, 0.04990092), (-0.12408903, -0.0316501, 0.06006422), (-0.12987007, -0.04032165, 0.047924045), (-0.12105474, -0.03172911, 0.05867576), (-0.12683578, -0.04040066, 0.046535585), (-0.11802045, -0.033016898, 0.058150705), (-0.123801485, -0.04168845, 0.04601053), (-0.11558714, -0.035258394, 0.058593053), (-0.12136817, -0.04392995, 0.04645288), (-0.11423675, -0.03800965, 0.059915192), (-0.12001778, -0.046681203, 0.04777502), (-0.11423675, -0.04072574, 0.06185526), (-0.12001778, -0.049397293, 0.049715087), (-0.11558714, -0.042868715, 0.06402899), (-0.12136817, -0.051540267, 0.05188882), (-0.11802045, -0.044014126, 0.06600586), (-0.123801485, -0.052685678, 0.053865694)]
                uniform token subdivisionScheme = "none"
            }

            def Mesh "shock_springs" (
                prepend apiSchemas = ["MaterialBindingAPI"]
            )
            {
                uniform bool doubleSided = 1
                float3[] extent = [(-0.15805916, -0.09330509, -0.0043669664), (0.15816751, 0.09330509, 0.055495776)]
                int[] faceVertexCounts = [4, 4, 4, 4, 4, 4, 4, 4, 4, 4, 4, 4, 4, 4, 14, 14, 4, 4, 4, 4, 4, 4, 4, 4, 4, 4, 4, 4, 4, 4, 14, 14, 4, 4, 4, 4, 4, 4, 4, 4, 4, 4, 4, 4, 4, 4, 14, 14, 4, 4, 4, 4, 4, 4, 4, 4, 4, 4, 4, 4, 4, 4, 14, 14]
                int[] faceVertexIndices = [0, 2, 3, 1, 2, 4, 5, 3, 4, 6, 7, 5, 6, 8, 9, 7, 8, 10, 11, 9, 10, 12, 13, 11, 12, 14, 15, 13, 14, 16, 17, 15, 16, 18, 19, 17, 18, 20, 21, 19, 20, 22, 23, 21, 22, 24, 25, 23, 24, 26, 27, 25, 26, 0, 1, 27, 26, 24, 22, 20, 18, 16, 14, 12, 10, 8, 6, 4, 2, 0, 1, 3, 5, 7, 9, 11, 13, 15, 17, 19, 21, 23, 25, 27, 28, 30, 31, 29, 30, 32, 33, 31, 32, 34, 35, 33, 34, 36, 37, 35, 36, 38, 39, 37, 38, 40, 41, 39, 40, 42, 43, 41, 42, 44, 45, 43, 44, 46, 47, 45, 46, 48, 49, 47, 48, 50, 51, 49, 50, 52, 53, 51, 52, 54, 55, 53, 54, 28, 29, 55, 54, 52, 50, 48, 46, 44, 42, 40, 38, 36, 34, 32, 30, 28, 29, 31, 33, 35, 37, 39, 41, 43, 45, 47, 49, 51, 53, 55, 56, 58, 59, 57, 58, 60, 61, 59, 60, 62, 63, 61, 62, 64, 65, 63, 64, 66, 67, 65, 66, 68, 69, 67, 68, 70, 71, 69, 70, 72, 73, 71, 72, 74, 75, 73, 74, 76, 77, 75, 76, 78, 79, 77, 78, 80, 81, 79, 80, 82, 83, 81, 82, 56, 57, 83, 82, 80, 78, 76, 74, 72, 70, 68, 66, 64, 62, 60, 58, 56, 57, 59, 61, 63, 65, 67, 69, 71, 73, 75, 77, 79, 81, 83, 84, 86, 87, 85, 86, 88, 89, 87, 88, 90, 91, 89, 90, 92, 93, 91, 92, 94, 95, 93, 94, 96, 97, 95, 96, 98, 99, 97, 98, 100, 101, 99, 100, 102, 103, 101, 102, 104, 105, 103, 104, 106, 107, 105, 106, 108, 109, 107, 108, 110, 111, 109, 110, 84, 85, 111, 110, 108, 106, 104, 102, 100, 98, 96, 94, 92, 90, 88, 86, 84, 85, 87, 89, 91, 93, 95, 97, 99, 101, 103, 105, 107, 109, 111]
                rel material:binding = </rc_car/Looks/plastic_blk>
                point3f[] points = [(0.12739266, 0.041496478, 0.044441324), (0.15040314, 0.07984728, -0.003880698), (0.1239372, 0.04295706, 0.043955054), (0.14694768, 0.081307866, -0.0043669664), (0.121166125, 0.045447044, 0.044611678), (0.14417662, 0.08379786, -0.0037103442), (0.119628295, 0.04847326, 0.046281137), (0.14263879, 0.08682407, -0.0020408833), (0.119628295, 0.05143633, 0.04863278), (0.14263879, 0.08978714, 0.00031075868), (0.121166125, 0.05374938, 0.051200833), (0.14417662, 0.09210019, 0.0028788105), (0.1239372, 0.05495428, 0.053476658), (0.14694768, 0.09330509, 0.005154638), (0.12739266, 0.05481239, 0.055009507), (0.15040314, 0.0931632, 0.0066874856), (0.13084812, 0.05335181, 0.055495776), (0.15385862, 0.09170262, 0.007173754), (0.13361919, 0.05086182, 0.054839153), (0.15662968, 0.08921263, 0.006517132), (0.13515702, 0.047835607, 0.05316969), (0.15816751, 0.08618642, 0.004847671), (0.13515702, 0.044872537, 0.05081805), (0.15816751, 0.08322334, 0.0024960288), (0.13361919, 0.042559486, 0.048249997), (0.15662968, 0.080910295, -0.00007202305), (0.13084812, 0.041354585, 0.04597417), (0.15385862, 0.079705395, -0.0023478505), (0.12739266, -0.05481239, 0.055009507), (0.15040314, -0.0931632, 0.0066874856), (0.1239372, -0.05495428, 0.053476658), (0.14694768, -0.09330509, 0.005154638), (0.121166125, -0.05374938, 0.051200833), (0.14417662, -0.09210019, 0.0028788105), (0.119628295, -0.05143633, 0.04863278), (0.14263879, -0.08978714, 0.00031075868), (0.119628295, -0.04847326, 0.046281137), (0.14263879, -0.08682407, -0.0020408833), (0.121166125, -0.045447044, 0.044611678), (0.14417662, -0.08379786, -0.0037103442), (0.1239372, -0.04295706, 0.043955054), (0.14694768, -0.081307866, -0.0043669664), (0.12739266, -0.041496478, 0.044441324), (0.15040314, -0.07984728, -0.003880698), (0.13084812, -0.041354585, 0.04597417), (0.15385862, -0.079705395, -0.0023478505), (0.13361919, -0.042559486, 0.048249997), (0.15662968, -0.080910295, -0.00007202305), (0.13515702, -0.044872537, 0.05081805), (0.15816751, -0.08322334, 0.0024960288), (0.13515702, -0.047835607, 0.05316969), (0.15816751, -0.08618642, 0.004847671), (0.13361919, -0.05086182, 0.054839153), (0.15662968, -0.08921263, 0.006517132), (0.13084812, -0.05335181, 0.055495776), (0.15385862, -0.09170262, 0.007173754), (-0.12755841, 0.040670875, 0.044436824), (-0.15033211, 0.07483143, -0.0033879597), (-0.13099727, 0.040581327, 0.046010416), (-0.15377098, 0.074741885, -0.0018143672), (-0.13375503, 0.04187946, 0.04825087), (-0.15652873, 0.07604002, 0.00042608727), (-0.13528547, 0.044308163, 0.050714437), (-0.15805916, 0.07846872, 0.0028896546), (-0.13528547, 0.047386397, 0.052913178), (-0.15805916, 0.081546955, 0.005088395), (-0.13375503, 0.050504487, 0.054411605), (-0.15652873, 0.084665045, 0.006586821), (-0.13099727, 0.053044852, 0.054912932), (-0.15377098, 0.08720541, 0.0070881504), (-0.12755841, 0.054504342, 0.054317873), (-0.15033211, 0.088664904, 0.0064930897), (-0.12411954, 0.05459389, 0.05274428), (-0.14689325, 0.08875445, 0.0049194973), (-0.121361785, 0.053295758, 0.050503828), (-0.14413549, 0.087456316, 0.0026790428), (-0.119831346, 0.050867055, 0.04804026), (-0.14260505, 0.08502761, 0.00021547555), (-0.119831346, 0.047788817, 0.04584152), (-0.14260505, 0.081949376, -0.0019832647), (-0.121361785, 0.04467073, 0.04434309), (-0.14413549, 0.07883129, -0.0034816905), (-0.12411954, 0.042130366, 0.043841764), (-0.14689325, 0.07629093, -0.0039830203), (-0.12755841, -0.054504342, 0.054317873), (-0.15033211, -0.088664904, 0.0064930897), (-0.13099727, -0.053044852, 0.054912932), (-0.15377098, -0.08720541, 0.0070881504), (-0.13375503, -0.050504487, 0.054411605), (-0.15652873, -0.084665045, 0.006586821), (-0.13528547, -0.047386397, 0.052913178), (-0.15805916, -0.081546955, 0.005088395), (-0.13528547, -0.044308163, 0.050714437), (-0.15805916, -0.07846872, 0.0028896546), (-0.13375503, -0.04187946, 0.04825087), (-0.15652873, -0.07604002, 0.00042608727), (-0.13099727, -0.040581327, 0.046010416), (-0.15377098, -0.074741885, -0.0018143672), (-0.12755841, -0.040670875, 0.044436824), (-0.15033211, -0.07483143, -0.0033879597), (-0.12411954, -0.042130366, 0.043841764), (-0.14689325, -0.07629093, -0.0039830203), (-0.121361785, -0.04467073, 0.04434309), (-0.14413549, -0.07883129, -0.0034816905), (-0.119831346, -0.047788817, 0.04584152), (-0.14260505, -0.081949376, -0.0019832647), (-0.119831346, -0.050867055, 0.04804026), (-0.14260505, -0.08502761, 0.00021547555), (-0.121361785, -0.053295758, 0.050503828), (-0.14413549, -0.087456316, 0.0026790428), (-0.12411954, -0.05459389, 0.05274428), (-0.14689325, -0.08875445, 0.0049194973)]
                uniform token subdivisionScheme = "none"
            }

            def Mesh "drive_shafts" (
                prepend apiSchemas = ["MaterialBindingAPI"]
            )
            {
                uniform bool doubleSided = 1
                float3[] extent = [(-0.1658287, -0.097, -0.0035), (0.1658287, 0.097, 0.0035)]
                int[] faceVertexCounts = [4, 4, 4, 4, 4, 4, 4, 4, 4, 4, 10, 10, 4, 4, 4, 4, 4, 4, 4, 4, 4, 4, 10, 10, 4, 4, 4, 4, 4, 4, 4, 4, 4, 4, 10, 10, 4, 4, 4, 4, 4, 4, 4, 4, 4, 4, 10, 10]
                int[] faceVertexIndices = [0, 2, 3, 1, 2, 4, 5, 3, 4, 6, 7, 5, 6, 8, 9, 7, 8, 10, 11, 9, 10, 12, 13, 11, 12, 14, 15, 13, 14, 16, 17, 15, 16, 18, 19, 17, 18, 0, 1, 19, 18, 16, 14, 12, 10, 8, 6, 4, 2, 0, 1, 3, 5, 7, 9, 11, 13, 15, 17, 19, 20, 22, 23, 21, 22, 24, 25, 23, 24, 26, 27, 25, 26, 28, 29, 27, 28, 30, 31, 29, 30, 32, 33, 31, 32, 34, 35, 33, 34, 36, 37, 35, 36, 38, 39, 37, 38, 20, 21, 39, 38, 36, 34, 32, 30, 28, 26, 24, 22, 20, 21, 23, 25, 27, 29, 31, 33, 35, 37, 39, 40, 42, 43, 41, 42, 44, 45, 43, 44, 46, 47, 45, 46, 48, 49, 47, 48, 50, 51, 49, 50, 52, 53, 51, 52, 54, 55, 53, 54, 56, 57, 55, 56, 58, 59, 57, 58, 40, 41, 59, 58, 56, 54, 52, 50, 48, 46, 44, 42, 40, 41, 43, 45, 47, 49, 51, 53, 55, 57, 59, 60, 62, 63, 61, 62, 64, 65, 63, 64, 66, 67, 65, 66, 68, 69, 67, 68, 70, 71, 69, 70, 72, 73, 71, 72, 74, 75, 73, 74, 76, 77, 75, 76, 78, 79, 77, 78, 60, 61, 79, 78, 76, 74, 72, 70, 68, 66, 64, 62, 60, 61, 63, 65, 67, 69, 71, 73, 75, 77, 79]
                rel material:binding = </rc_car/Looks/steel>
                point3f[] points = [(0.1625, 0.05, -0.0035), (0.1625, 0.097, -0.0035), (0.16044275, 0.05, -0.0028315594), (0.16044275, 0.097, -0.0028315594), (0.1591713, 0.05, -0.0010815595), (0.1591713, 0.097, -0.0010815595), (0.1591713, 0.05, 0.0010815595), (0.1591713, 0.097, 0.0010815595), (0.16044275, 0.05, 0.0028315594), (0.16044275, 0.097, 0.0028315594), (0.1625, 0.05, 0.0035), (0.1625, 0.097, 0.0035), (0.16455725, 0.05, 0.0028315594), (0.16455725, 0.097, 0.0028315594), (0.1658287, 0.05, 0.0010815595), (0.1658287, 0.097, 0.0010815595), (0.1658287, 0.05, -0.0010815595), (0.1658287, 0.097, -0.0010815595), (0.16455725, 0.05, -0.0028315594), (0.16455725, 0.097, -0.0028315594), (0.1625, -0.05, 0.0035), (0.1625, -0.097, 0.0035), (0.16044275, -0.05, 0.0028315594), (0.16044275, -0.097, 0.0028315594), (0.1591713, -0.05, 0.0010815595), (0.1591713, -0.097, 0.0010815595), (0.1591713, -0.05, -0.0010815595), (0.1591713, -0.097, -0.0010815595), (0.16044275, -0.05, -0.0028315594), (0.16044275, -0.097, -0.0028315594), (0.1625, -0.05, -0.0035), (0.1625, -0.097, -0.0035), (0.16455725, -0.05, -0.0028315594), (0.16455725, -0.097, -0.0028315594), (0.1658287, -0.05, -0.0010815595), (0.1658287, -0.097, -0.0010815595), (0.1658287, -0.05, 0.0010815595), (0.1658287, -0.097, 0.0010815595), (0.16455725, -0.05, 0.0028315594), (0.16455725, -0.097, 0.0028315594), (-0.1625, 0.05, -0.0035), (-0.1625, 0.092, -0.0035), (-0.16455725, 0.05, -0.0028315594), (-0.16455725, 0.092, -0.0028315594), (-0.1658287, 0.05, -0.0010815595), (-0.1658287, 0.092, -0.0010815595), (-0.1658287, 0.05, 0.0010815595), (-0.1658287, 0.092, 0.0010815595), (-0.16455725, 0.05, 0.0028315594), (-0.16455725, 0.092, 0.0028315594), (-0.1625, 0.05, 0.0035), (-0.1625, 0.092, 0.0035), (-0.16044275, 0.05, 0.0028315594), (-0.16044275, 0.092, 0.0028315594), (-0.1591713, 0.05, 0.0010815595), (-0.1591713, 0.092, 0.0010815595), (-0.1591713, 0.05, -0.0010815595), (-0.1591713, 0.092, -0.0010815595), (-0.16044275, 0.05, -0.0028315594), (-0.16044275, 0.092, -0.0028315594), (-0.1625, -0.05, 0.0035), (-0.1625, -0.092, 0.0035), (-0.16455725, -0.05, 0.0028315594), (-0.16455725, -0.092, 0.0028315594), (-0.1658287, -0.05, 0.0010815595), (-0.1658287, -0.092, 0.0010815595), (-0.1658287, -0.05, -0.0010815595), (-0.1658287, -0.092, -0.0010815595), (-0.16455725, -0.05, -0.0028315594), (-0.16455725, -0.092, -0.0028315594), (-0.1625, -0.05, -0.0035), (-0.1625, -0.092, -0.0035), (-0.16044275, -0.05, -0.0028315594), (-0.16044275, -0.092, -0.0028315594), (-0.1591713, -0.05, -0.0010815595), (-0.1591713, -0.092, -0.0010815595), (-0.1591713, -0.05, 0.0010815595), (-0.1591713, -0.092, 0.0010815595), (-0.16044275, -0.05, 0.0028315594), (-0.16044275, -0.092, 0.0028315594)]
                uniform token subdivisionScheme = "none"
            }

            def Mesh "rear_hub_carriers" (
                prepend apiSchemas = ["MaterialBindingAPI"]
            )
            {
                uniform bool doubleSided = 1
                float3[] extent = [(-0.1735, -0.097, -0.016), (-0.1515, 0.097, 0.016)]
                int[] faceVertexCounts = [4, 4, 4, 4, 4, 4, 4, 4, 4, 4, 4, 4]
                int[] faceVertexIndices = [0, 1, 3, 2, 4, 6, 7, 5, 0, 4, 5, 1, 2, 3, 7, 6, 0, 2, 6, 4, 1, 5, 7, 3, 8, 9, 11, 10, 12, 14, 15, 13, 8, 12, 13, 9, 10, 11, 15, 14, 8, 10, 14, 12, 9, 13, 15, 11]
                rel material:binding = </rc_car/Looks/plastic_blk>
                point3f[] points = [(-0.1735, 0.083, -0.016), (-0.1735, 0.083, 0.016), (-0.1735, 0.097, -0.016), (-0.1735, 0.097, 0.016), (-0.1515, 0.083, -0.016), (-0.1515, 0.083, 0.016), (-0.1515, 0.097, -0.016), (-0.1515, 0.097, 0.016), (-0.1735, -0.097, -0.016), (-0.1735, -0.097, 0.016), (-0.1735, -0.083, -0.016), (-0.1735, -0.083, 0.016), (-0.1515, -0.097, -0.016), (-0.1515, -0.097, 0.016), (-0.1515, -0.083, -0.016), (-0.1515, -0.083, 0.016)]
                uniform token subdivisionScheme = "none"
            }

            def Mesh "main_plate" (
                prepend apiSchemas = ["MaterialBindingAPI"]
            )
            {
                uniform bool doubleSided = 1
                float3[] extent = [(-0.203, -0.127, 0.06), (0.202, 0.127, 0.063)]
                int[] faceVertexCounts = [4, 4, 4, 4, 4, 4, 4, 4, 4, 4, 4, 4, 4, 4, 4, 4, 4, 4, 4, 4, 20, 20]
                int[] faceVertexIndices = [0, 1, 21, 20, 1, 2, 22, 21, 2, 3, 23, 22, 3, 4, 24, 23, 4, 5, 25, 24, 5, 6, 26, 25, 6, 7, 27, 26, 7, 8, 28, 27, 8, 9, 29, 28, 9, 10, 30, 29, 10, 11, 31, 30, 11, 12, 32, 31, 12, 13, 33, 32, 13, 14, 34, 33, 14, 15, 35, 34, 15, 16, 36, 35, 16, 17, 37, 36, 17, 18, 38, 37, 18, 19, 39, 38, 19, 0, 20, 39, 20, 21, 22, 23, 24, 25, 26, 27, 28, 29, 30, 31, 32, 33, 34, 35, 36, 37, 38, 39, 19, 18, 17, 16, 15, 14, 13, 12, 11, 10, 9, 8, 7, 6, 5, 4, 3, 2, 1, 0]
                rel material:binding = </rc_car/Looks/wood>
                point3f[] points = [(0.202, 0.09, 0.06), (0.192, 0.1, 0.06), (0.15, 0.1, 0.06), (0.14, 0.122, 0.06), (0.134, 0.127, 0.06), (-0.11, 0.127, 0.06), (-0.121, 0.112, 0.06), (-0.121, 0.105, 0.06), (-0.193, 0.105, 0.06), (-0.203, 0.095, 0.06), (-0.203, -0.095, 0.06), (-0.193, -0.105, 0.06), (-0.121, -0.105, 0.06), (-0.121, -0.112, 0.06), (-0.11, -0.127, 0.06), (0.134, -0.127, 0.06), (0.14, -0.122, 0.06), (0.15, -0.1, 0.06), (0.192, -0.1, 0.06), (0.202, -0.09, 0.06), (0.202, 0.09, 0.063), (0.192, 0.1, 0.063), (0.15, 0.1, 0.063), (0.14, 0.122, 0.063), (0.134, 0.127, 0.063), (-0.11, 0.127, 0.063), (-0.121, 0.112, 0.063), (-0.121, 0.105, 0.063), (-0.193, 0.105, 0.063), (-0.203, 0.095, 0.063), (-0.203, -0.095, 0.063), (-0.193, -0.105, 0.063), (-0.121, -0.105, 0.063), (-0.121, -0.112, 0.063), (-0.11, -0.127, 0.063), (0.134, -0.127, 0.063), (0.14, -0.122, 0.063), (0.15, -0.1, 0.063), (0.192, -0.1, 0.063), (0.202, -0.09, 0.063)]
                uniform token subdivisionScheme = "none"
            }

            def Mesh "main_plate_cutouts" (
                prepend apiSchemas = ["MaterialBindingAPI"]
            )
            {
                uniform bool doubleSided = 1
                float3[] extent = [(-0.17, -0.093, 0.063), (0.185, 0.093, 0.0634)]
                int[] faceVertexCounts = [4, 4, 4, 3, 3, 4, 4, 4, 3, 3, 4, 4, 4, 4, 4, 4, 4, 4, 4, 3, 3, 4, 4, 4, 3, 3, 4, 4, 4, 4, 4, 4, 4, 4, 4, 4, 4, 4]
                int[] faceVertexIndices = [0, 1, 4, 3, 1, 2, 5, 4, 2, 0, 3, 5, 3, 4, 5, 2, 1, 0, 6, 7, 10, 9, 7, 8, 11, 10, 8, 6, 9, 11, 9, 10, 11, 8, 7, 6, 12, 13, 15, 14, 16, 18, 19, 17, 12, 16, 17, 13, 14, 15, 19, 18, 12, 14, 18, 16, 13, 17, 19, 15, 20, 21, 24, 23, 21, 22, 25, 24, 22, 20, 23, 25, 23, 24, 25, 22, 21, 20, 26, 27, 30, 29, 27, 28, 31, 30, 28, 26, 29, 31, 29, 30, 31, 28, 27, 26, 32, 33, 35, 34, 36, 38, 39, 37, 32, 36, 37, 33, 34, 35, 39, 38, 32, 34, 38, 36, 33, 37, 39, 35, 40, 41, 43, 42, 44, 46, 47, 45, 40, 44, 45, 41, 42, 43, 47, 46, 40, 42, 46, 44, 41, 45, 47, 43]
                rel material:binding = </rc_car/Looks/wood_cut>
                point3f[] points = [(0.185, 0.06, 0.063), (0.16, 0.085, 0.063), (0.16, 0.045, 0.063), (0.185, 0.06, 0.0634), (0.16, 0.085, 0.0634), (0.16, 0.045, 0.0634), (-0.15, 0.04, 0.063), (-0.15, 0.085, 0.063), (-0.17, 0.06, 0.063), (-0.15, 0.04, 0.0634), (-0.15, 0.085, 0.0634), (-0.17, 0.06, 0.0634), (-0.05, 0.087, 0.063), (-0.05, 0.087, 0.0634), (-0.05, 0.093, 0.063), (-0.05, 0.093, 0.0634), (0.05, 0.087, 0.063), (0.05, 0.087, 0.0634), (0.05, 0.093, 0.063), (0.05, 0.093, 0.0634), (0.16, -0.045, 0.063), (0.16, -0.085, 0.063), (0.185, -0.06, 0.063), (0.16, -0.045, 0.0634), (0.16, -0.085, 0.0634), (0.185, -0.06, 0.0634), (-0.17, -0.06, 0.063), (-0.15, -0.085, 0.063), (-0.15, -0.04, 0.063), (-0.17, -0.06, 0.0634), (-0.15, -0.085, 0.0634), (-0.15, -0.04, 0.0634), (-0.05, -0.093, 0.063), (-0.05, -0.093, 0.0634), (-0.05, -0.087, 0.063), (-0.05, -0.087, 0.0634), (0.05, -0.093, 0.063), (0.05, -0.093, 0.0634), (0.05, -0.087, 0.063), (0.05, -0.087, 0.0634), (0.095, -0.015, 0.063), (0.095, -0.015, 0.0634), (0.095, 0.015, 0.063), (0.095, 0.015, 0.0634), (0.125, -0.015, 0.063), (0.125, -0.015, 0.0634), (0.125, 0.015, 0.063), (0.125, 0.015, 0.0634)]
                uniform token subdivisionScheme = "none"
            }

            def Mesh "vhb_tape" (
                prepend apiSchemas = ["MaterialBindingAPI"]
            )
            {
                uniform bool doubleSided = 1
                float3[] extent = [(0.161, -0.036, 0.063), (0.189, 0.036, 0.0642)]
                int[] faceVertexCounts = [4, 4, 4, 4, 4, 4, 4, 4, 4, 4, 4, 4]
                int[] faceVertexIndices = [0, 1, 3, 2, 4, 6, 7, 5, 0, 4, 5, 1, 2, 3, 7, 6, 0, 2, 6, 4, 1, 5, 7, 3, 8, 9, 11, 10, 12, 14, 15, 13, 8, 12, 13, 9, 10, 11, 15, 14, 8, 10, 14, 12, 9, 13, 15, 11]
                rel material:binding = </rc_car/Looks/tape_red>
                point3f[] points = [(0.177, -0.036, 0.063), (0.177, -0.036, 0.0642), (0.177, 0.036, 0.063), (0.177, 0.036, 0.0642), (0.189, -0.036, 0.063), (0.189, -0.036, 0.0642), (0.189, 0.036, 0.063), (0.189, 0.036, 0.0642), (0.161, -0.036, 0.063), (0.161, -0.036, 0.0642), (0.161, 0.036, 0.063), (0.161, 0.036, 0.0642), (0.173, -0.036, 0.063), (0.173, -0.036, 0.0642), (0.173, 0.036, 0.063), (0.173, 0.036, 0.0642)]
                uniform token subdivisionScheme = "none"
            }

            def Mesh "body_posts" (
                prepend apiSchemas = ["MaterialBindingAPI"]
            )
            {
                uniform bool doubleSided = 1
                float3[] extent = [(0.1715, -0.0255, 0.063), (0.1785, 0.0255, 0.087)]
                int[] faceVertexCounts = [4, 4, 4, 4, 4, 4, 4, 4, 4, 4, 4, 4, 12, 12, 4, 4, 4, 4, 4, 4, 4, 4, 4, 4, 4, 4, 12, 12]
                int[] faceVertexIndices = [0, 2, 3, 1, 2, 4, 5, 3, 4, 6, 7, 5, 6, 8, 9, 7, 8, 10, 11, 9, 10, 12, 13, 11, 12, 14, 15, 13, 14, 16, 17, 15, 16, 18, 19, 17, 18, 20, 21, 19, 20, 22, 23, 21, 22, 0, 1, 23, 22, 20, 18, 16, 14, 12, 10, 8, 6, 4, 2, 0, 1, 3, 5, 7, 9, 11, 13, 15, 17, 19, 21, 23, 24, 26, 27, 25, 26, 28, 29, 27, 28, 30, 31, 29, 30, 32, 33, 31, 32, 34, 35, 33, 34, 36, 37, 35, 36, 38, 39, 37, 38, 40, 41, 39, 40, 42, 43, 41, 42, 44, 45, 43, 44, 46, 47, 45, 46, 24, 25, 47, 46, 44, 42, 40, 38, 36, 34, 32, 30, 28, 26, 24, 25, 27, 29, 31, 33, 35, 37, 39, 41, 43, 45, 47]
                rel material:binding = </rc_car/Looks/plastic_blk>
                point3f[] points = [(0.175, 0.0255, 0.063), (0.175, 0.0255, 0.087), (0.17325, 0.02503109, 0.063), (0.17325, 0.02503109, 0.087), (0.1719689, 0.02375, 0.063), (0.1719689, 0.02375, 0.087), (0.1715, 0.022, 0.063), (0.1715, 0.022, 0.087), (0.1719689, 0.02025, 0.063), (0.1719689, 0.02025, 0.087), (0.17325, 0.018968912, 0.063), (0.17325, 0.018968912, 0.087), (0.175, 0.0185, 0.063), (0.175, 0.0185, 0.087), (0.17675, 0.018968912, 0.063), (0.17675, 0.018968912, 0.087), (0.17803109, 0.02025, 0.063), (0.17803109, 0.02025, 0.087), (0.1785, 0.022, 0.063), (0.1785, 0.022, 0.087), (0.17803109, 0.02375, 0.063), (0.17803109, 0.02375, 0.087), (0.17675, 0.02503109, 0.063), (0.17675, 0.02503109, 0.087), (0.175, -0.0185, 0.063), (0.175, -0.0185, 0.087), (0.17325, -0.018968912, 0.063), (0.17325, -0.018968912, 0.087), (0.1719689, -0.02025, 0.063), (0.1719689, -0.02025, 0.087), (0.1715, -0.022, 0.063), (0.1715, -0.022, 0.087), (0.1719689, -0.02375, 0.063), (0.1719689, -0.02375, 0.087), (0.17325, -0.02503109, 0.063), (0.17325, -0.02503109, 0.087), (0.175, -0.0255, 0.063), (0.175, -0.0255, 0.087), (0.17675, -0.02503109, 0.063), (0.17675, -0.02503109, 0.087), (0.17803109, -0.02375, 0.063), (0.17803109, -0.02375, 0.087), (0.1785, -0.022, 0.063), (0.1785, -0.022, 0.087), (0.17803109, -0.02025, 0.063), (0.17803109, -0.02025, 0.087), (0.17675, -0.018968912, 0.063), (0.17675, -0.018968912, 0.087)]
                uniform token subdivisionScheme = "none"
            }

            def Mesh "lidar_deck" (
                prepend apiSchemas = ["MaterialBindingAPI"]
            )
            {
                uniform bool doubleSided = 1
                float3[] extent = [(-0.03, -0.075, 0.117), (0.14, 0.075, 0.12)]
                int[] faceVertexCounts = [4, 4, 4, 4, 4, 4]
                int[] faceVertexIndices = [0, 1, 3, 2, 4, 6, 7, 5, 0, 4, 5, 1, 2, 3, 7, 6, 0, 2, 6, 4, 1, 5, 7, 3]
                rel material:binding = </rc_car/Looks/wood>
                point3f[] points = [(-0.03, -0.075, 0.117), (-0.03, -0.075, 0.12), (-0.03, 0.075, 0.117), (-0.03, 0.075, 0.12), (0.14, -0.075, 0.117), (0.14, -0.075, 0.12), (0.14, 0.075, 0.117), (0.14, 0.075, 0.12)]
                uniform token subdivisionScheme = "none"
            }

            def Mesh "lidar_deck_slots" (
                prepend apiSchemas = ["MaterialBindingAPI"]
            )
            {
                uniform bool doubleSided = 1
                float3[] extent = [(-0.02, -0.07, 0.12), (0.118, 0.07, 0.1204)]
                int[] faceVertexCounts = [4, 4, 4, 4, 4, 4, 4, 4, 4, 4, 4, 4, 4, 4, 4, 4, 4, 4, 4, 4, 4, 4, 4, 4, 4, 4, 4, 4, 4, 4, 4, 4, 4, 4, 4, 4, 4, 4, 4, 4, 4, 4, 4, 4, 4, 4, 4, 4]
                int[] faceVertexIndices = [0, 1, 3, 2, 4, 6, 7, 5, 0, 4, 5, 1, 2, 3, 7, 6, 0, 2, 6, 4, 1, 5, 7, 3, 8, 9, 11, 10, 12, 14, 15, 13, 8, 12, 13, 9, 10, 11, 15, 14, 8, 10, 14, 12, 9, 13, 15, 11, 16, 17, 19, 18, 20, 22, 23, 21, 16, 20, 21, 17, 18, 19, 23, 22, 16, 18, 22, 20, 17, 21, 23, 19, 24, 25, 27, 26, 28, 30, 31, 29, 24, 28, 29, 25, 26, 27, 31, 30, 24, 26, 30, 28, 25, 29, 31, 27, 32, 33, 35, 34, 36, 38, 39, 37, 32, 36, 37, 33, 34, 35, 39, 38, 32, 34, 38, 36, 33, 37, 39, 35, 40, 41, 43, 42, 44, 46, 47, 45, 40, 44, 45, 41, 42, 43, 47, 46, 40, 42, 46, 44, 41, 45, 47, 43, 48, 49, 51, 50, 52, 54, 55, 53, 48, 52, 53, 49, 50, 51, 55, 54, 48, 50, 54, 52, 49, 53, 55, 51, 56, 57, 59, 58, 60, 62, 63, 61, 56, 60, 61, 57, 58, 59, 63, 62, 56, 58, 62, 60, 57, 61, 63, 59]
                rel material:binding = </rc_car/Looks/wood_cut>
                point3f[] points = [(0.112, 0.03, 0.12), (0.112, 0.03, 0.1204), (0.112, 0.07, 0.12), (0.112, 0.07, 0.1204), (0.118, 0.03, 0.12), (0.118, 0.03, 0.1204), (0.118, 0.07, 0.12), (0.118, 0.07, 0.1204), (0.1, 0.03, 0.12), (0.1, 0.03, 0.1204), (0.1, 0.07, 0.12), (0.1, 0.07, 0.1204), (0.106, 0.03, 0.12), (0.106, 0.03, 0.1204), (0.106, 0.07, 0.12), (0.106, 0.07, 0.1204), (-0.008, 0.03, 0.12), (-0.008, 0.03, 0.1204), (-0.008, 0.07, 0.12), (-0.008, 0.07, 0.1204), (-0.002, 0.03, 0.12), (-0.002, 0.03, 0.1204), (-0.002, 0.07, 0.12), (-0.002, 0.07, 0.1204), (-0.02, 0.03, 0.12), (-0.02, 0.03, 0.1204), (-0.02, 0.07, 0.12), (-0.02, 0.07, 0.1204), (-0.014, 0.03, 0.12), (-0.014, 0.03, 0.1204), (-0.014, 0.07, 0.12), (-0.014, 0.07, 0.1204), (0.112, -0.07, 0.12), (0.112, -0.07, 0.1204), (0.112, -0.03, 0.12), (0.112, -0.03, 0.1204), (0.118, -0.07, 0.12), (0.118, -0.07, 0.1204), (0.118, -0.03, 0.12), (0.118, -0.03, 0.1204), (0.1, -0.07, 0.12), (0.1, -0.07, 0.1204), (0.1, -0.03, 0.12), (0.1, -0.03, 0.1204), (0.106, -0.07, 0.12), (0.106, -0.07, 0.1204), (0.106, -0.03, 0.12), (0.106, -0.03, 0.1204), (-0.008, -0.07, 0.12), (-0.008, -0.07, 0.1204), (-0.008, -0.03, 0.12), (-0.008, -0.03, 0.1204), (-0.002, -0.07, 0.12), (-0.002, -0.07, 0.1204), (-0.002, -0.03, 0.12), (-0.002, -0.03, 0.1204), (-0.02, -0.07, 0.12), (-0.02, -0.07, 0.1204), (-0.02, -0.03, 0.12), (-0.02, -0.03, 0.1204), (-0.014, -0.07, 0.12), (-0.014, -0.07, 0.1204), (-0.014, -0.03, 0.12), (-0.014, -0.03, 0.1204)]
                uniform token subdivisionScheme = "none"
            }

            def Mesh "deck_standoffs" (
                prepend apiSchemas = ["MaterialBindingAPI"]
            )
            {
                uniform bool doubleSided = 1
                float3[] extent = [(-0.02485317, -0.071, 0.063), (0.13485317, 0.071, 0.117)]
                int[] faceVertexCounts = [4, 4, 4, 4, 4, 4, 4, 4, 4, 4, 10, 10, 4, 4, 4, 4, 4, 4, 4, 4, 4, 4, 10, 10, 4, 4, 4, 4, 4, 4, 4, 4, 4, 4, 10, 10, 4, 4, 4, 4, 4, 4, 4, 4, 4, 4, 10, 10]
                int[] faceVertexIndices = [0, 2, 3, 1, 2, 4, 5, 3, 4, 6, 7, 5, 6, 8, 9, 7, 8, 10, 11, 9, 10, 12, 13, 11, 12, 14, 15, 13, 14, 16, 17, 15, 16, 18, 19, 17, 18, 0, 1, 19, 18, 16, 14, 12, 10, 8, 6, 4, 2, 0, 1, 3, 5, 7, 9, 11, 13, 15, 17, 19, 20, 22, 23, 21, 22, 24, 25, 23, 24, 26, 27, 25, 26, 28, 29, 27, 28, 30, 31, 29, 30, 32, 33, 31, 32, 34, 35, 33, 34, 36, 37, 35, 36, 38, 39, 37, 38, 20, 21, 39, 38, 36, 34, 32, 30, 28, 26, 24, 22, 20, 21, 23, 25, 27, 29, 31, 33, 35, 37, 39, 40, 42, 43, 41, 42, 44, 45, 43, 44, 46, 47, 45, 46, 48, 49, 47, 48, 50, 51, 49, 50, 52, 53, 51, 52, 54, 55, 53, 54, 56, 57, 55, 56, 58, 59, 57, 58, 40, 41, 59, 58, 56, 54, 52, 50, 48, 46, 44, 42, 40, 41, 43, 45, 47, 49, 51, 53, 55, 57, 59, 60, 62, 63, 61, 62, 64, 65, 63, 64, 66, 67, 65, 66, 68, 69, 67, 68, 70, 71, 69, 70, 72, 73, 71, 72, 74, 75, 73, 74, 76, 77, 75, 76, 78, 79, 77, 78, 60, 61, 79, 78, 76, 74, 72, 70, 68, 66, 64, 62, 60, 61, 63, 65, 67, 69, 71, 73, 75, 77, 79]
                rel material:binding = </rc_car/Looks/plastic_blk>
                point3f[] points = [(0.132, 0.071, 0.063), (0.132, 0.071, 0.117), (0.13023664, 0.07042705, 0.063), (0.13023664, 0.07042705, 0.117), (0.12914683, 0.06892705, 0.063), (0.12914683, 0.06892705, 0.117), (0.12914683, 0.06707295, 0.063), (0.12914683, 0.06707295, 0.117), (0.13023664, 0.06557295, 0.063), (0.13023664, 0.06557295, 0.117), (0.132, 0.065, 0.063), (0.132, 0.065, 0.117), (0.13376336, 0.06557295, 0.063), (0.13376336, 0.06557295, 0.117), (0.13485317, 0.06707295, 0.063), (0.13485317, 0.06707295, 0.117), (0.13485317, 0.06892705, 0.063), (0.13485317, 0.06892705, 0.117), (0.13376336, 0.07042705, 0.063), (0.13376336, 0.07042705, 0.117), (0.132, -0.065, 0.063), (0.132, -0.065, 0.117), (0.13023664, -0.06557295, 0.063), (0.13023664, -0.06557295, 0.117), (0.12914683, -0.06707295, 0.063), (0.12914683, -0.06707295, 0.117), (0.12914683, -0.06892705, 0.063), (0.12914683, -0.06892705, 0.117), (0.13023664, -0.07042705, 0.063), (0.13023664, -0.07042705, 0.117), (0.132, -0.071, 0.063), (0.132, -0.071, 0.117), (0.13376336, -0.07042705, 0.063), (0.13376336, -0.07042705, 0.117), (0.13485317, -0.06892705, 0.063), (0.13485317, -0.06892705, 0.117), (0.13485317, -0.06707295, 0.063), (0.13485317, -0.06707295, 0.117), (0.13376336, -0.06557295, 0.063), (0.13376336, -0.06557295, 0.117), (-0.022, 0.071, 0.063), (-0.022, 0.071, 0.117), (-0.023763355, 0.07042705, 0.063), (-0.023763355, 0.07042705, 0.117), (-0.02485317, 0.06892705, 0.063), (-0.02485317, 0.06892705, 0.117), (-0.02485317, 0.06707295, 0.063), (-0.02485317, 0.06707295, 0.117), (-0.023763355, 0.06557295, 0.063), (-0.023763355, 0.06557295, 0.117), (-0.022, 0.065, 0.063), (-0.022, 0.065, 0.117), (-0.020236645, 0.06557295, 0.063), (-0.020236645, 0.06557295, 0.117), (-0.01914683, 0.06707295, 0.063), (-0.01914683, 0.06707295, 0.117), (-0.01914683, 0.06892705, 0.063), (-0.01914683, 0.06892705, 0.117), (-0.020236645, 0.07042705, 0.063), (-0.020236645, 0.07042705, 0.117), (-0.022, -0.065, 0.063), (-0.022, -0.065, 0.117), (-0.023763355, -0.06557295, 0.063), (-0.023763355, -0.06557295, 0.117), (-0.02485317, -0.06707295, 0.063), (-0.02485317, -0.06707295, 0.117), (-0.02485317, -0.06892705, 0.063), (-0.02485317, -0.06892705, 0.117), (-0.023763355, -0.07042705, 0.063), (-0.023763355, -0.07042705, 0.117), (-0.022, -0.071, 0.063), (-0.022, -0.071, 0.117), (-0.020236645, -0.07042705, 0.063), (-0.020236645, -0.07042705, 0.117), (-0.01914683, -0.06892705, 0.063), (-0.01914683, -0.06892705, 0.117), (-0.01914683, -0.06707295, 0.063), (-0.01914683, -0.06707295, 0.117), (-0.020236645, -0.06557295, 0.063), (-0.020236645, -0.06557295, 0.117)]
                uniform token subdivisionScheme = "none"
            }

            def Mesh "mid360_body" (
                prepend apiSchemas = ["MaterialBindingAPI"]
            )
            {
                uniform bool doubleSided = 1
                float3[] extent = [(0.0255, -0.0325, 0.12), (0.0905, 0.0325, 0.152)]
                int[] faceVertexCounts = [4, 4, 4, 4, 4, 4, 4, 4, 4, 4, 4, 4]
                int[] faceVertexIndices = [0, 1, 3, 2, 4, 6, 7, 5, 0, 4, 5, 1, 2, 3, 7, 6, 0, 2, 6, 4, 1, 5, 7, 3, 8, 9, 11, 10, 12, 14, 15, 13, 8, 12, 13, 9, 10, 11, 15, 14, 8, 10, 14, 12, 9, 13, 15, 11]
                rel material:binding = </rc_car/Looks/alu>
                point3f[] points = [(0.03, -0.028, 0.12), (0.03, -0.028, 0.152), (0.03, 0.028, 0.12), (0.03, 0.028, 0.152), (0.086, -0.028, 0.12), (0.086, -0.028, 0.152), (0.086, 0.028, 0.12), (0.086, 0.028, 0.152), (0.0255, -0.0325, 0.12), (0.0255, -0.0325, 0.122), (0.0255, 0.0325, 0.12), (0.0255, 0.0325, 0.122), (0.0905, -0.0325, 0.12), (0.0905, -0.0325, 0.122), (0.0905, 0.0325, 0.12), (0.0905, 0.0325, 0.122)]
                uniform token subdivisionScheme = "none"
            }

            def Mesh "mid360_fins" (
                prepend apiSchemas = ["MaterialBindingAPI"]
            )
            {
                uniform bool doubleSided = 1
                float3[] extent = [(0.0265, -0.0315, 0.121), (0.0895, 0.0315, 0.151)]
                int[] faceVertexCounts = [4, 4, 4, 4, 4, 4, 4, 4, 4, 4, 4, 4, 4, 4, 4, 4, 4, 4, 4, 4, 4, 4, 4, 4, 4, 4, 4, 4, 4, 4, 4, 4, 4, 4, 4, 4, 4, 4, 4, 4, 4, 4, 4, 4, 4, 4, 4, 4, 4, 4, 4, 4, 4, 4, 4, 4, 4, 4, 4, 4, 4, 4, 4, 4, 4, 4, 4, 4, 4, 4, 4, 4, 4, 4, 4, 4, 4, 4, 4, 4, 4, 4, 4, 4, 4, 4, 4, 4, 4, 4, 4, 4, 4, 4, 4, 4, 4, 4, 4, 4, 4, 4, 4, 4, 4, 4, 4, 4, 4, 4, 4, 4, 4, 4, 4, 4, 4, 4, 4, 4, 4, 4, 4, 4, 4, 4, 4, 4, 4, 4, 4, 4, 4, 4, 4, 4, 4, 4, 4, 4, 4, 4, 4, 4, 4, 4, 4, 4, 4, 4, 4, 4, 4, 4, 4, 4, 4, 4, 4, 4, 4, 4, 4, 4, 4, 4, 4, 4]
                int[] faceVertexIndices = [0, 1, 3, 2, 4, 6, 7, 5, 0, 4, 5, 1, 2, 3, 7, 6, 0, 2, 6, 4, 1, 5, 7, 3, 8, 9, 11, 10, 12, 14, 15, 13, 8, 12, 13, 9, 10, 11, 15, 14, 8, 10, 14, 12, 9, 13, 15, 11, 16, 17, 19, 18, 20, 22, 23, 21, 16, 20, 21, 17, 18, 19, 23, 22, 16, 18, 22, 20, 17, 21, 23, 19, 24, 25, 27, 26, 28, 30, 31, 29, 24, 28, 29, 25, 26, 27, 31, 30, 24, 26, 30, 28, 25, 29, 31, 27, 32, 33, 35, 34, 36, 38, 39, 37, 32, 36, 37, 33, 34, 35, 39, 38, 32, 34, 38, 36, 33, 37, 39, 35, 40, 41, 43, 42, 44, 46, 47, 45, 40, 44, 45, 41, 42, 43, 47, 46, 40, 42, 46, 44, 41, 45, 47, 43, 48, 49, 51, 50, 52, 54, 55, 53, 48, 52, 53, 49, 50, 51, 55, 54, 48, 50, 54, 52, 49, 53, 55, 51, 56, 57, 59, 58, 60, 62, 63, 61, 56, 60, 61, 57, 58, 59, 63, 62, 56, 58, 62, 60, 57, 61, 63, 59, 64, 65, 67, 66, 68, 70, 71, 69, 64, 68, 69, 65, 66, 67, 71, 70, 64, 66, 70, 68, 65, 69, 71, 67, 72, 73, 75, 74, 76, 78, 79, 77, 72, 76, 77, 73, 74, 75, 79, 78, 72, 74, 78, 76, 73, 77, 79, 75, 80, 81, 83, 82, 84, 86, 87, 85, 80, 84, 85, 81, 82, 83, 87, 86, 80, 82, 86, 84, 81, 85, 87, 83, 88, 89, 91, 90, 92, 94, 95, 93, 88, 92, 93, 89, 90, 91, 95, 94, 88, 90, 94, 92, 89, 93, 95, 91, 96, 97, 99, 98, 100, 102, 103, 101, 96, 100, 101, 97, 98, 99, 103, 102, 96, 98, 102, 100, 97, 101, 103, 99, 104, 105, 107, 106, 108, 110, 111, 109, 104, 108, 109, 105, 106, 107, 111, 110, 104, 106, 110, 108, 105, 109, 111, 107, 112, 113, 115, 114, 116, 118, 119, 117, 112, 116, 117, 113, 114, 115, 119, 118, 112, 114, 118, 116, 113, 117, 119, 115, 120, 121, 123, 122, 124, 126, 127, 125, 120, 124, 125, 121, 122, 123, 127, 126, 120, 122, 126, 124, 121, 125, 127, 123, 128, 129, 131, 130, 132, 134, 135, 133, 128, 132, 133, 129, 130, 131, 135, 134, 128, 130, 134, 132, 129, 133, 135, 131, 136, 137, 139, 138, 140, 142, 143, 141, 136, 140, 141, 137, 138, 139, 143, 142, 136, 138, 142, 140, 137, 141, 143, 139, 144, 145, 147, 146, 148, 150, 151, 149, 144, 148, 149, 145, 146, 147, 151, 150, 144, 146, 150, 148, 145, 149, 151, 147, 152, 153, 155, 154, 156, 158, 159, 157, 152, 156, 157, 153, 154, 155, 159, 158, 152, 154, 158, 156, 153, 157, 159, 155, 160, 161, 163, 162, 164, 166, 167, 165, 160, 164, 165, 161, 162, 163, 167, 166, 160, 162, 166, 164, 161, 165, 167, 163, 168, 169, 171, 170, 172, 174, 175, 173, 168, 172, 173, 169, 170, 171, 175, 174, 168, 170, 174, 172, 169, 173, 175, 171, 176, 177, 179, 178, 180, 182, 183, 181, 176, 180, 181, 177, 178, 179, 183, 182, 176, 178, 182, 180, 177, 181, 183, 179, 184, 185, 187, 186, 188, 190, 191, 189, 184, 188, 189, 185, 186, 187, 191, 190, 184, 186, 190, 188, 185, 189, 191, 187, 192, 193, 195, 194, 196, 198, 199, 197, 192, 196, 197, 193, 194, 195, 199, 198, 192, 194, 198, 196, 193, 197, 199, 195, 200, 201, 203, 202, 204, 206, 207, 205, 200, 204, 205, 201, 202, 203, 207, 206, 200, 202, 206, 204, 201, 205, 207, 203, 208, 209, 211, 210, 212, 214, 215, 213, 208, 212, 213, 209, 210, 211, 215, 214, 208, 210, 214, 212, 209, 213, 215, 211, 216, 217, 219, 218, 220, 222, 223, 221, 216, 220, 221, 217, 218, 219, 223, 222, 216, 218, 222, 220, 217, 221, 223, 219]
                rel material:binding = </rc_car/Looks/alu>
                point3f[] points = [(0.0855, -0.02575, 0.121), (0.0855, -0.02575, 0.151), (0.0855, -0.02225, 0.121), (0.0855, -0.02225, 0.151), (0.0895, -0.02575, 0.121), (0.0895, -0.02575, 0.151), (0.0895, -0.02225, 0.121), (0.0895, -0.02225, 0.151), (0.03225, 0.0275, 0.121), (0.03225, 0.0275, 0.151), (0.03225, 0.0315, 0.121), (0.03225, 0.0315, 0.151), (0.03575, 0.0275, 0.121), (0.03575, 0.0275, 0.151), (0.03575, 0.0315, 0.121), (0.03575, 0.0315, 0.151), (0.0265, -0.02575, 0.121), (0.0265, -0.02575, 0.151), (0.0265, -0.02225, 0.121), (0.0265, -0.02225, 0.151), (0.0305, -0.02575, 0.121), (0.0305, -0.02575, 0.151), (0.0305, -0.02225, 0.121), (0.0305, -0.02225, 0.151), (0.03225, -0.0315, 0.121), (0.03225, -0.0315, 0.151), (0.03225, -0.0275, 0.121), (0.03225, -0.0275, 0.151), (0.03575, -0.0315, 0.121), (0.03575, -0.0315, 0.151), (0.03575, -0.0275, 0.121), (0.03575, -0.0275, 0.151), (0.0855, -0.01775, 0.121), (0.0855, -0.01775, 0.151), (0.0855, -0.01425, 0.121), (0.0855, -0.01425, 0.151), (0.0895, -0.01775, 0.121), (0.0895, -0.01775, 0.151), (0.0895, -0.01425, 0.121), (0.0895, -0.01425, 0.151), (0.04025, 0.0275, 0.121), (0.04025, 0.0275, 0.151), (0.04025, 0.0315, 0.121), (0.04025, 0.0315, 0.151), (0.04375, 0.0275, 0.121), (0.04375, 0.0275, 0.151), (0.04375, 0.0315, 0.121), (0.04375, 0.0315, 0.151), (0.0265, -0.01775, 0.121), (0.0265, -0.01775, 0.151), (0.0265, -0.01425, 0.121), (0.0265, -0.01425, 0.151), (0.0305, -0.01775, 0.121), (0.0305, -0.01775, 0.151), (0.0305, -0.01425, 0.121), (0.0305, -0.01425, 0.151), (0.04025, -0.0315, 0.121), (0.04025, -0.0315, 0.151), (0.04025, -0.0275, 0.121), (0.04025, -0.0275, 0.151), (0.04375, -0.0315, 0.121), (0.04375, -0.0315, 0.151), (0.04375, -0.0275, 0.121), (0.04375, -0.0275, 0.151), (0.0855, -0.00975, 0.121), (0.0855, -0.00975, 0.151), (0.0855, -0.00625, 0.121), (0.0855, -0.00625, 0.151), (0.0895, -0.00975, 0.121), (0.0895, -0.00975, 0.151), (0.0895, -0.00625, 0.121), (0.0895, -0.00625, 0.151), (0.04825, 0.0275, 0.121), (0.04825, 0.0275, 0.151), (0.04825, 0.0315, 0.121), (0.04825, 0.0315, 0.151), (0.05175, 0.0275, 0.121), (0.05175, 0.0275, 0.151), (0.05175, 0.0315, 0.121), (0.05175, 0.0315, 0.151), (0.0265, -0.00975, 0.121), (0.0265, -0.00975, 0.151), (0.0265, -0.00625, 0.121), (0.0265, -0.00625, 0.151), (0.0305, -0.00975, 0.121), (0.0305, -0.00975, 0.151), (0.0305, -0.00625, 0.121), (0.0305, -0.00625, 0.151), (0.04825, -0.0315, 0.121), (0.04825, -0.0315, 0.151), (0.04825, -0.0275, 0.121), (0.04825, -0.0275, 0.151), (0.05175, -0.0315, 0.121), (0.05175, -0.0315, 0.151), (0.05175, -0.0275, 0.121), (0.05175, -0.0275, 0.151), (0.0855, -0.00175, 0.121), (0.0855, -0.00175, 0.151), (0.0855, 0.00175, 0.121), (0.0855, 0.00175, 0.151), (0.0895, -0.00175, 0.121), (0.0895, -0.00175, 0.151), (0.0895, 0.00175, 0.121), (0.0895, 0.00175, 0.151), (0.05625, 0.0275, 0.121), (0.05625, 0.0275, 0.151), (0.05625, 0.0315, 0.121), (0.05625, 0.0315, 0.151), (0.05975, 0.0275, 0.121), (0.05975, 0.0275, 0.151), (0.05975, 0.0315, 0.121), (0.05975, 0.0315, 0.151), (0.0265, -0.00175, 0.121), (0.0265, -0.00175, 0.151), (0.0265, 0.00175, 0.121), (0.0265, 0.00175, 0.151), (0.0305, -0.00175, 0.121), (0.0305, -0.00175, 0.151), (0.0305, 0.00175, 0.121), (0.0305, 0.00175, 0.151), (0.05625, -0.0315, 0.121), (0.05625, -0.0315, 0.151), (0.05625, -0.0275, 0.121), (0.05625, -0.0275, 0.151), (0.05975, -0.0315, 0.121), (0.05975, -0.0315, 0.151), (0.05975, -0.0275, 0.121), (0.05975, -0.0275, 0.151), (0.0855, 0.00625, 0.121), (0.0855, 0.00625, 0.151), (0.0855, 0.00975, 0.121), (0.0855, 0.00975, 0.151), (0.0895, 0.00625, 0.121), (0.0895, 0.00625, 0.151), (0.0895, 0.00975, 0.121), (0.0895, 0.00975, 0.151), (0.06425, 0.0275, 0.121), (0.06425, 0.0275, 0.151), (0.06425, 0.0315, 0.121), (0.06425, 0.0315, 0.151), (0.06775, 0.0275, 0.121), (0.06775, 0.0275, 0.151), (0.06775, 0.0315, 0.121), (0.06775, 0.0315, 0.151), (0.0265, 0.00625, 0.121), (0.0265, 0.00625, 0.151), (0.0265, 0.00975, 0.121), (0.0265, 0.00975, 0.151), (0.0305, 0.00625, 0.121), (0.0305, 0.00625, 0.151), (0.0305, 0.00975, 0.121), (0.0305, 0.00975, 0.151), (0.06425, -0.0315, 0.121), (0.06425, -0.0315, 0.151), (0.06425, -0.0275, 0.121), (0.06425, -0.0275, 0.151), (0.06775, -0.0315, 0.121), (0.06775, -0.0315, 0.151), (0.06775, -0.0275, 0.121), (0.06775, -0.0275, 0.151), (0.0855, 0.01425, 0.121), (0.0855, 0.01425, 0.151), (0.0855, 0.01775, 0.121), (0.0855, 0.01775, 0.151), (0.0895, 0.01425, 0.121), (0.0895, 0.01425, 0.151), (0.0895, 0.01775, 0.121), (0.0895, 0.01775, 0.151), (0.07225, 0.0275, 0.121), (0.07225, 0.0275, 0.151), (0.07225, 0.0315, 0.121), (0.07225, 0.0315, 0.151), (0.07575, 0.0275, 0.121), (0.07575, 0.0275, 0.151), (0.07575, 0.0315, 0.121), (0.07575, 0.0315, 0.151), (0.0265, 0.01425, 0.121), (0.0265, 0.01425, 0.151), (0.0265, 0.01775, 0.121), (0.0265, 0.01775, 0.151), (0.0305, 0.01425, 0.121), (0.0305, 0.01425, 0.151), (0.0305, 0.01775, 0.121), (0.0305, 0.01775, 0.151), (0.07225, -0.0315, 0.121), (0.07225, -0.0315, 0.151), (0.07225, -0.0275, 0.121), (0.07225, -0.0275, 0.151), (0.07575, -0.0315, 0.121), (0.07575, -0.0315, 0.151), (0.07575, -0.0275, 0.121), (0.07575, -0.0275, 0.151), (0.0855, 0.02225, 0.121), (0.0855, 0.02225, 0.151), (0.0855, 0.02575, 0.121), (0.0855, 0.02575, 0.151), (0.0895, 0.02225, 0.121), (0.0895, 0.02225, 0.151), (0.0895, 0.02575, 0.121), (0.0895, 0.02575, 0.151), (0.08025, 0.0275, 0.121), (0.08025, 0.0275, 0.151), (0.08025, 0.0315, 0.121), (0.08025, 0.0315, 0.151), (0.08375, 0.0275, 0.121), (0.08375, 0.0275, 0.151), (0.08375, 0.0315, 0.121), (0.08375, 0.0315, 0.151), (0.0265, 0.02225, 0.121), (0.0265, 0.02225, 0.151), (0.0265, 0.02575, 0.121), (0.0265, 0.02575, 0.151), (0.0305, 0.02225, 0.121), (0.0305, 0.02225, 0.151), (0.0305, 0.02575, 0.121), (0.0305, 0.02575, 0.151), (0.08025, -0.0315, 0.121), (0.08025, -0.0315, 0.151), (0.08025, -0.0275, 0.121), (0.08025, -0.0275, 0.151), (0.08375, -0.0315, 0.121), (0.08375, -0.0315, 0.151), (0.08375, -0.0275, 0.121), (0.08375, -0.0275, 0.151)]
                uniform token subdivisionScheme = "none"
            }

            def Mesh "mid360_ring" (
                prepend apiSchemas = ["MaterialBindingAPI"]
            )
            {
                uniform bool doubleSided = 1
                float3[] extent = [(0.027, -0.031, 0.15), (0.089, 0.031, 0.158)]
                int[] faceVertexCounts = [4, 4, 4, 4, 4, 4, 4, 4, 4, 4, 4, 4, 4, 4, 4, 4, 4, 4, 4, 4, 4, 4, 4, 4, 4, 4, 4, 4, 4, 4, 4, 4, 4, 4, 4, 4, 4, 4, 4, 4, 40, 40]
                int[] faceVertexIndices = [0, 2, 3, 1, 2, 4, 5, 3, 4, 6, 7, 5, 6, 8, 9, 7, 8, 10, 11, 9, 10, 12, 13, 11, 12, 14, 15, 13, 14, 16, 17, 15, 16, 18, 19, 17, 18, 20, 21, 19, 20, 22, 23, 21, 22, 24, 25, 23, 24, 26, 27, 25, 26, 28, 29, 27, 28, 30, 31, 29, 30, 32, 33, 31, 32, 34, 35, 33, 34, 36, 37, 35, 36, 38, 39, 37, 38, 40, 41, 39, 40, 42, 43, 41, 42, 44, 45, 43, 44, 46, 47, 45, 46, 48, 49, 47, 48, 50, 51, 49, 50, 52, 53, 51, 52, 54, 55, 53, 54, 56, 57, 55, 56, 58, 59, 57, 58, 60, 61, 59, 60, 62, 63, 61, 62, 64, 65, 63, 64, 66, 67, 65, 66, 68, 69, 67, 68, 70, 71, 69, 70, 72, 73, 71, 72, 74, 75, 73, 74, 76, 77, 75, 76, 78, 79, 77, 78, 0, 1, 79, 78, 76, 74, 72, 70, 68, 66, 64, 62, 60, 58, 56, 54, 52, 50, 48, 46, 44, 42, 40, 38, 36, 34, 32, 30, 28, 26, 24, 22, 20, 18, 16, 14, 12, 10, 8, 6, 4, 2, 0, 1, 3, 5, 7, 9, 11, 13, 15, 17, 19, 21, 23, 25, 27, 29, 31, 33, 35, 37, 39, 41, 43, 45, 47, 49, 51, 53, 55, 57, 59, 61, 63, 65, 67, 69, 71, 73, 75, 77, 79]
                rel material:binding = </rc_car/Looks/alu_dark>
                point3f[] points = [(0.058, 0.031, 0.15), (0.058, 0.028, 0.158), (0.05315053, 0.030618338, 0.15), (0.053619836, 0.027655274, 0.158), (0.048420474, 0.029482752, 0.15), (0.049347524, 0.026629582, 0.158), (0.043926295, 0.027621202, 0.15), (0.045288265, 0.024948183, 0.158), (0.039778657, 0.025079526, 0.15), (0.041542012, 0.022652475, 0.158), (0.03607969, 0.02192031, 0.15), (0.03820101, 0.01979899, 0.158), (0.032920472, 0.018221343, 0.15), (0.035347525, 0.016457988, 0.158), (0.030378798, 0.014073705, 0.15), (0.03305182, 0.012711734, 0.158), (0.028517248, 0.009579527, 0.15), (0.031370416, 0.008652476, 0.158), (0.027381662, 0.0048494684, 0.15), (0.030344727, 0.004380165, 0.158), (0.027, 1.8982025e-18, 0.15), (0.03, 1.7145055e-18, 0.158), (0.027381662, -0.0048494684, 0.15), (0.030344727, -0.004380165, 0.158), (0.028517248, -0.009579527, 0.15), (0.031370416, -0.008652476, 0.158), (0.030378798, -0.014073705, 0.15), (0.03305182, -0.012711734, 0.158), (0.032920472, -0.018221343, 0.15), (0.035347525, -0.016457988, 0.158), (0.03607969, -0.02192031, 0.15), (0.03820101, -0.01979899, 0.158), (0.039778657, -0.025079526, 0.15), (0.041542012, -0.022652475, 0.158), (0.043926295, -0.027621202, 0.15), (0.045288265, -0.024948183, 0.158), (0.048420474, -0.029482752, 0.15), (0.049347524, -0.026629582, 0.158), (0.05315053, -0.030618338, 0.15), (0.053619836, -0.027655274, 0.158), (0.058, -0.031, 0.15), (0.058, -0.028, 0.158), (0.06284947, -0.030618338, 0.15), (0.062380165, -0.027655274, 0.158), (0.06757953, -0.029482752, 0.15), (0.06665248, -0.026629582, 0.158), (0.072073705, -0.027621202, 0.15), (0.07071173, -0.024948183, 0.158), (0.07622134, -0.025079526, 0.15), (0.07445799, -0.022652475, 0.158), (0.07992031, -0.02192031, 0.15), (0.07779899, -0.01979899, 0.158), (0.083079524, -0.018221343, 0.15), (0.080652475, -0.016457988, 0.158), (0.0856212, -0.014073705, 0.15), (0.082948186, -0.012711734, 0.158), (0.08748275, -0.009579527, 0.15), (0.08462958, -0.008652476, 0.158), (0.08861834, -0.0048494684, 0.15), (0.08565527, -0.004380165, 0.158), (0.089, -5.6946075e-18, 0.15), (0.086, -5.1435166e-18, 0.158), (0.08861834, 0.0048494684, 0.15), (0.08565527, 0.004380165, 0.158), (0.08748275, 0.009579527, 0.15), (0.08462958, 0.008652476, 0.158), (0.0856212, 0.014073705, 0.15), (0.082948186, 0.012711734, 0.158), (0.083079524, 0.018221343, 0.15), (0.080652475, 0.016457988, 0.158), (0.07992031, 0.02192031, 0.15), (0.07779899, 0.01979899, 0.158), (0.07622134, 0.025079526, 0.15), (0.07445799, 0.022652475, 0.158), (0.072073705, 0.027621202, 0.15), (0.07071173, 0.024948183, 0.158), (0.06757953, 0.029482752, 0.15), (0.06665248, 0.026629582, 0.158), (0.06284947, 0.030618338, 0.15), (0.062380165, 0.027655274, 0.158)]
                uniform token subdivisionScheme = "none"
            }

            def Mesh "mid360_dome" (
                prepend apiSchemas = ["MaterialBindingAPI"]
            )
            {
                uniform bool doubleSided = 1
                float3[] extent = [(0.034, -0.024, 0.158), (0.082, 0.024, 0.182)]
                int[] faceVertexCounts = [3, 3, 3, 3, 3, 3, 3, 3, 3, 3, 3, 3, 3, 3, 3, 3, 3, 3, 3, 3, 3, 3, 3, 3, 3, 3, 3, 3, 3, 3, 3, 3, 3, 3, 3, 3, 3, 3, 3, 3, 4, 4, 4, 4, 4, 4, 4, 4, 4, 4, 4, 4, 4, 4, 4, 4, 4, 4, 4, 4, 4, 4, 4, 4, 4, 4, 4, 4, 4, 4, 4, 4, 4, 4, 4, 4, 4, 4, 4, 4, 4, 4, 4, 4, 4, 4, 4, 4, 4, 4, 4, 4, 4, 4, 4, 4, 4, 4, 4, 4, 4, 4, 4, 4, 4, 4, 4, 4, 4, 4, 4, 4, 4, 4, 4, 4, 4, 4, 4, 4, 4, 4, 4, 4, 4, 4, 4, 4, 4, 4, 4, 4, 4, 4, 4, 4, 4, 4, 4, 4, 4, 4, 4, 4, 4, 4, 4, 4, 4, 4, 4, 4, 4, 4, 4, 4, 4, 4, 4, 4, 4, 4, 4, 4, 4, 4, 4, 4, 4, 4, 4, 4, 4, 4, 4, 4, 4, 4, 4, 4, 4, 4, 4, 4, 4, 4, 4, 4, 4, 4, 4, 4, 4, 4, 4, 4, 4, 4, 4, 4, 4, 4, 4, 4, 4, 4, 4, 4, 4, 4, 4, 4, 4, 4, 4, 4, 4, 4, 4, 4, 4, 4, 4, 4, 4, 4, 4, 4, 4, 4, 4, 4, 4, 4, 4, 4, 4, 4, 4, 4, 4, 4, 4, 4, 4, 4, 4, 4, 4, 4, 4, 4, 4, 4, 4, 4, 4, 4, 4, 4, 4, 4, 4, 4, 4, 4, 4, 4, 4, 4, 4, 4, 4, 4, 4, 4, 4, 4, 4, 4, 4, 4, 4, 4, 4, 4, 4, 4, 4, 4, 4, 4, 4, 4, 4, 4, 4, 4, 4, 4, 4, 4, 4, 4, 4, 4, 4, 4, 4, 4, 4, 4, 4, 4, 4, 4, 4, 4, 4, 4, 4, 4, 4, 4, 4, 4, 4, 4, 4, 4, 4, 4, 4, 4, 4, 4, 4, 4, 4, 4, 4, 4, 4, 4, 4, 4, 4, 4, 4, 4, 4, 4, 4, 4, 4, 4, 4, 4, 4, 4, 4, 4, 4, 4, 4, 4, 4, 4, 4, 4, 4, 4, 4, 4, 4, 4, 4, 4, 4, 4, 4, 4, 4, 4, 4, 4, 4, 4, 4, 4, 4, 4, 4, 4, 4, 4, 4, 4, 4, 4, 4, 4, 4, 4, 4, 4, 4, 4, 4, 4, 4, 4, 4, 4, 4, 4, 4, 4, 4, 4, 4, 4, 4, 4, 4, 4, 4, 4, 4, 4, 4, 4, 4, 4, 4, 4, 4, 4, 4, 4, 4, 4, 4, 4, 4, 4, 4, 4, 4, 4, 4, 4, 4, 4, 4, 4, 4, 4, 4, 4, 4, 4, 4, 4, 4, 4, 4, 4, 4, 4, 4, 4, 4, 4, 4, 4, 4, 4, 4, 4, 40]
                int[] faceVertexIndices = [0, 1, 2, 0, 2, 3, 0, 3, 4, 0, 4, 5, 0, 5, 6, 0, 6, 7, 0, 7, 8, 0, 8, 9, 0, 9, 10, 0, 10, 11, 0, 11, 12, 0, 12, 13, 0, 13, 14, 0, 14, 15, 0, 15, 16, 0, 16, 17, 0, 17, 18, 0, 18, 19, 0, 19, 20, 0, 20, 21, 0, 21, 22, 0, 22, 23, 0, 23, 24, 0, 24, 25, 0, 25, 26, 0, 26, 27, 0, 27, 28, 0, 28, 29, 0, 29, 30, 0, 30, 31, 0, 31, 32, 0, 32, 33, 0, 33, 34, 0, 34, 35, 0, 35, 36, 0, 36, 37, 0, 37, 38, 0, 38, 39, 0, 39, 40, 0, 40, 1, 1, 41, 42, 2, 2, 42, 43, 3, 3, 43, 44, 4, 4, 44, 45, 5, 5, 45, 46, 6, 6, 46, 47, 7, 7, 47, 48, 8, 8, 48, 49, 9, 9, 49, 50, 10, 10, 50, 51, 11, 11, 51, 52, 12, 12, 52, 53, 13, 13, 53, 54, 14, 14, 54, 55, 15, 15, 55, 56, 16, 16, 56, 57, 17, 17, 57, 58, 18, 18, 58, 59, 19, 19, 59, 60, 20, 20, 60, 61, 21, 21, 61, 62, 22, 22, 62, 63, 23, 23, 63, 64, 24, 24, 64, 65, 25, 25, 65, 66, 26, 26, 66, 67, 27, 27, 67, 68, 28, 28, 68, 69, 29, 29, 69, 70, 30, 30, 70, 71, 31, 31, 71, 72, 32, 32, 72, 73, 33, 33, 73, 74, 34, 34, 74, 75, 35, 35, 75, 76, 36, 36, 76, 77, 37, 37, 77, 78, 38, 38, 78, 79, 39, 39, 79, 80, 40, 40, 80, 41, 1, 41, 81, 82, 42, 42, 82, 83, 43, 43, 83, 84, 44, 44, 84, 85, 45, 45, 85, 86, 46, 46, 86, 87, 47, 47, 87, 88, 48, 48, 88, 89, 49, 49, 89, 90, 50, 50, 90, 91, 51, 51, 91, 92, 52, 52, 92, 93, 53, 53, 93, 94, 54, 54, 94, 95, 55, 55, 95, 96, 56, 56, 96, 97, 57, 57, 97, 98, 58, 58, 98, 99, 59, 59, 99, 100, 60, 60, 100, 101, 61, 61, 101, 102, 62, 62, 102, 103, 63, 63, 103, 104, 64, 64, 104, 105, 65, 65, 105, 106, 66, 66, 106, 107, 67, 67, 107, 108, 68, 68, 108, 109, 69, 69, 109, 110, 70, 70, 110, 111, 71, 71, 111, 112, 72, 72, 112, 113, 73, 73, 113, 114, 74, 74, 114, 115, 75, 75, 115, 116, 76, 76, 116, 117, 77, 77, 117, 118, 78, 78, 118, 119, 79, 79, 119, 120, 80, 80, 120, 81, 41, 81, 121, 122, 82, 82, 122, 123, 83, 83, 123, 124, 84, 84, 124, 125, 85, 85, 125, 126, 86, 86, 126, 127, 87, 87, 127, 128, 88, 88, 128, 129, 89, 89, 129, 130, 90, 90, 130, 131, 91, 91, 131, 132, 92, 92, 132, 133, 93, 93, 133, 134, 94, 94, 134, 135, 95, 95, 135, 136, 96, 96, 136, 137, 97, 97, 137, 138, 98, 98, 138, 139, 99, 99, 139, 140, 100, 100, 140, 141, 101, 101, 141, 142, 102, 102, 142, 143, 103, 103, 143, 144, 104, 104, 144, 145, 105, 105, 145, 146, 106, 106, 146, 147, 107, 107, 147, 148, 108, 108, 148, 149, 109, 109, 149, 150, 110, 110, 150, 151, 111, 111, 151, 152, 112, 112, 152, 153, 113, 113, 153, 154, 114, 114, 154, 155, 115, 115, 155, 156, 116, 116, 156, 157, 117, 117, 157, 158, 118, 118, 158, 159, 119, 119, 159, 160, 120, 120, 160, 121, 81, 121, 161, 162, 122, 122, 162, 163, 123, 123, 163, 164, 124, 124, 164, 165, 125, 125, 165, 166, 126, 126, 166, 167, 127, 127, 167, 168, 128, 128, 168, 169, 129, 129, 169, 170, 130, 130, 170, 171, 131, 131, 171, 172, 132, 132, 172, 173, 133, 133, 173, 174, 134, 134, 174, 175, 135, 135, 175, 176, 136, 136, 176, 177, 137, 137, 177, 178, 138, 138, 178, 179, 139, 139, 179, 180, 140, 140, 180, 181, 141, 141, 181, 182, 142, 142, 182, 183, 143, 143, 183, 184, 144, 144, 184, 185, 145, 145, 185, 186, 146, 146, 186, 187, 147, 147, 187, 188, 148, 148, 188, 189, 149, 149, 189, 190, 150, 150, 190, 191, 151, 151, 191, 192, 152, 152, 192, 193, 153, 153, 193, 194, 154, 154, 194, 195, 155, 155, 195, 196, 156, 156, 196, 197, 157, 157, 197, 198, 158, 158, 198, 199, 159, 159, 199, 200, 160, 160, 200, 161, 121, 161, 201, 202, 162, 162, 202, 203, 163, 163, 203, 204, 164, 164, 204, 205, 165, 165, 205, 206, 166, 166, 206, 207, 167, 167, 207, 208, 168, 168, 208, 209, 169, 169, 209, 210, 170, 170, 210, 211, 171, 171, 211, 212, 172, 172, 212, 213, 173, 173, 213, 214, 174, 174, 214, 215, 175, 175, 215, 216, 176, 176, 216, 217, 177, 177, 217, 218, 178, 178, 218, 219, 179, 179, 219, 220, 180, 180, 220, 221, 181, 181, 221, 222, 182, 182, 222, 223, 183, 183, 223, 224, 184, 184, 224, 225, 185, 185, 225, 226, 186, 186, 226, 227, 187, 187, 227, 228, 188, 188, 228, 229, 189, 189, 229, 230, 190, 190, 230, 231, 191, 191, 231, 232, 192, 192, 232, 233, 193, 193, 233, 234, 194, 194, 234, 235, 195, 195, 235, 236, 196, 196, 236, 237, 197, 197, 237, 238, 198, 198, 238, 239, 199, 199, 239, 240, 200, 200, 240, 201, 161, 201, 241, 242, 202, 202, 242, 243, 203, 203, 243, 244, 204, 204, 244, 245, 205, 205, 245, 246, 206, 206, 246, 247, 207, 207, 247, 248, 208, 208, 248, 249, 209, 209, 249, 250, 210, 210, 250, 251, 211, 211, 251, 252, 212, 212, 252, 253, 213, 213, 253, 254, 214, 214, 254, 255, 215, 215, 255, 256, 216, 216, 256, 257, 217, 217, 257, 258, 218, 218, 258, 259, 219, 219, 259, 260, 220, 220, 260, 261, 221, 221, 261, 262, 222, 222, 262, 263, 223, 223, 263, 264, 224, 224, 264, 265, 225, 225, 265, 266, 226, 226, 266, 267, 227, 227, 267, 268, 228, 228, 268, 269, 229, 229, 269, 270, 230, 230, 270, 271, 231, 231, 271, 272, 232, 232, 272, 273, 233, 233, 273, 274, 234, 234, 274, 275, 235, 235, 275, 276, 236, 236, 276, 277, 237, 237, 277, 278, 238, 238, 278, 279, 239, 239, 279, 280, 240, 240, 280, 241, 201, 241, 281, 282, 242, 242, 282, 283, 243, 243, 283, 284, 244, 244, 284, 285, 245, 245, 285, 286, 246, 246, 286, 287, 247, 247, 287, 288, 248, 248, 288, 289, 249, 249, 289, 290, 250, 250, 290, 291, 251, 251, 291, 292, 252, 252, 292, 293, 253, 253, 293, 294, 254, 254, 294, 295, 255, 255, 295, 296, 256, 256, 296, 297, 257, 257, 297, 298, 258, 258, 298, 299, 259, 259, 299, 300, 260, 260, 300, 301, 261, 261, 301, 302, 262, 262, 302, 303, 263, 263, 303, 304, 264, 264, 304, 305, 265, 265, 305, 306, 266, 266, 306, 307, 267, 267, 307, 308, 268, 268, 308, 309, 269, 269, 309, 310, 270, 270, 310, 311, 271, 271, 311, 312, 272, 272, 312, 313, 273, 273, 313, 314, 274, 274, 314, 315, 275, 275, 315, 316, 276, 276, 316, 317, 277, 277, 317, 318, 278, 278, 318, 319, 279, 279, 319, 320, 280, 280, 320, 281, 241, 281, 321, 322, 282, 282, 322, 323, 283, 283, 323, 324, 284, 284, 324, 325, 285, 285, 325, 326, 286, 286, 326, 327, 287, 287, 327, 328, 288, 288, 328, 329, 289, 289, 329, 330, 290, 290, 330, 331, 291, 291, 331, 332, 292, 292, 332, 333, 293, 293, 333, 334, 294, 294, 334, 335, 295, 295, 335, 336, 296, 296, 336, 337, 297, 297, 337, 338, 298, 298, 338, 339, 299, 299, 339, 340, 300, 300, 340, 341, 301, 301, 341, 342, 302, 302, 342, 343, 303, 303, 343, 344, 304, 304, 344, 345, 305, 305, 345, 346, 306, 306, 346, 347, 307, 307, 347, 348, 308, 308, 348, 349, 309, 309, 349, 350, 310, 310, 350, 351, 311, 311, 351, 352, 312, 312, 352, 353, 313, 313, 353, 354, 314, 314, 354, 355, 315, 315, 355, 356, 316, 316, 356, 357, 317, 317, 357, 358, 318, 318, 358, 359, 319, 319, 359, 360, 320, 320, 360, 321, 281, 321, 361, 362, 322, 322, 362, 363, 323, 323, 363, 364, 324, 324, 364, 365, 325, 325, 365, 366, 326, 326, 366, 367, 327, 327, 367, 368, 328, 328, 368, 369, 329, 329, 369, 370, 330, 330, 370, 371, 331, 331, 371, 372, 332, 332, 372, 373, 333, 333, 373, 374, 334, 334, 374, 375, 335, 335, 375, 376, 336, 336, 376, 377, 337, 337, 377, 378, 338, 338, 378, 379, 339, 339, 379, 380, 340, 340, 380, 381, 341, 341, 381, 382, 342, 342, 382, 383, 343, 343, 383, 384, 344, 344, 384, 385, 345, 345, 385, 386, 346, 346, 386, 387, 347, 347, 387, 388, 348, 348, 388, 389, 349, 349, 389, 390, 350, 350, 390, 391, 351, 351, 391, 392, 352, 352, 392, 393, 353, 353, 393, 394, 354, 354, 394, 395, 355, 355, 395, 396, 356, 356, 396, 397, 357, 357, 397, 398, 358, 358, 398, 399, 359, 359, 399, 400, 360, 360, 400, 361, 321, 361, 401, 402, 362, 362, 402, 403, 363, 363, 403, 404, 364, 364, 404, 405, 365, 365, 405, 406, 366, 366, 406, 407, 367, 367, 407, 408, 368, 368, 408, 409, 369, 369, 409, 410, 370, 370, 410, 411, 371, 371, 411, 412, 372, 372, 412, 413, 373, 373, 413, 414, 374, 374, 414, 415, 375, 375, 415, 416, 376, 376, 416, 417, 377, 377, 417, 418, 378, 378, 418, 419, 379, 379, 419, 420, 380, 380, 420, 421, 381, 381, 421, 422, 382, 382, 422, 423, 383, 383, 423, 424, 384, 384, 424, 425, 385, 385, 425, 426, 386, 386, 426, 427, 387, 387, 427, 428, 388, 388, 428, 429, 389, 389, 429, 430, 390, 390, 430, 431, 391, 391, 431, 432, 392, 392, 432, 433, 393, 393, 433, 434, 394, 394, 434, 435, 395, 395, 435, 436, 396, 396, 436, 437, 397, 397, 437, 438, 398, 398, 438, 439, 399, 399, 439, 440, 400, 400, 440, 401, 361, 401, 441, 442, 402, 402, 442, 443, 403, 403, 443, 444, 404, 404, 444, 445, 405, 405, 445, 446, 406, 406, 446, 447, 407, 407, 447, 448, 408, 408, 448, 449, 409, 409, 449, 450, 410, 410, 450, 451, 411, 411, 451, 452, 412, 412, 452, 453, 413, 413, 453, 454, 414, 414, 454, 455, 415, 415, 455, 456, 416, 416, 456, 457, 417, 417, 457, 458, 418, 418, 458, 459, 419, 419, 459, 460, 420, 420, 460, 461, 421, 421, 461, 462, 422, 422, 462, 463, 423, 423, 463, 464, 424, 424, 464, 465, 425, 425, 465, 466, 426, 426, 466, 467, 427, 427, 467, 468, 428, 428, 468, 469, 429, 429, 469, 470, 430, 430, 470, 471, 431, 431, 471, 472, 432, 432, 472, 473, 433, 433, 473, 474, 434, 434, 474, 475, 435, 435, 475, 476, 436, 436, 476, 477, 437, 437, 477, 478, 438, 438, 478, 479, 439, 439, 479, 480, 440, 440, 480, 441, 401, 480, 479, 478, 477, 476, 475, 474, 473, 472, 471, 470, 469, 468, 467, 466, 465, 464, 463, 462, 461, 460, 459, 458, 457, 456, 455, 454, 453, 452, 451, 450, 449, 448, 447, 446, 445, 444, 443, 442, 441]
                rel material:binding = </rc_car/Looks/dome>
                point3f[] points = [(0.058, 0, 0.182), (0.06113263, 0, 0.18179467), (0.06109406, 0.00049005105, 0.18179467), (0.060979307, 0.0009680355, 0.18179467), (0.06079119, 0.0014221836, 0.18179467), (0.06053435, 0.0018413129, 0.18179467), (0.060215104, 0.002215103, 0.18179467), (0.059841312, 0.0025343497, 0.18179467), (0.059422184, 0.0027911926, 0.18179467), (0.058968034, 0.002979307, 0.18179467), (0.058490053, 0.0030940608, 0.18179467), (0.058, 0.0031326285, 0.18179467), (0.057509948, 0.0030940608, 0.18179467), (0.057031963, 0.002979307, 0.18179467), (0.056577817, 0.0027911926, 0.18179467), (0.056158688, 0.0025343497, 0.18179467), (0.055784896, 0.002215103, 0.18179467), (0.05546565, 0.0018413129, 0.18179467), (0.055208806, 0.0014221836, 0.18179467), (0.055020694, 0.0009680355, 0.18179467), (0.05490594, 0.00049005105, 0.18179467), (0.054867372, 3.8363636e-19, 0.18179467), (0.05490594, -0.00049005105, 0.18179467), (0.055020694, -0.0009680355, 0.18179467), (0.055208806, -0.0014221836, 0.18179467), (0.05546565, -0.0018413129, 0.18179467), (0.055784896, -0.002215103, 0.18179467), (0.056158688, -0.0025343497, 0.18179467), (0.056577817, -0.0027911926, 0.18179467), (0.057031963, -0.002979307, 0.18179467), (0.057509948, -0.0030940608, 0.18179467), (0.058, -0.0031326285, 0.18179467), (0.058490053, -0.0030940608, 0.18179467), (0.058968034, -0.002979307, 0.18179467), (0.059422184, -0.0027911926, 0.18179467), (0.059841312, -0.0025343497, 0.18179467), (0.060215104, -0.002215103, 0.18179467), (0.06053435, -0.0018413129, 0.18179467), (0.06079119, -0.0014221836, 0.18179467), (0.060979307, -0.0009680355, 0.18179467), (0.06109406, -0.00049005105, 0.18179467), (0.06421166, 0, 0.18118222), (0.06413518, 0.00097171724, 0.18118222), (0.06390764, 0.0019195076, 0.18118222), (0.063534625, 0.0028200333, 0.18118222), (0.06302533, 0.0036511205, 0.18118222), (0.062392306, 0.004392305, 0.18118222), (0.06165112, 0.005025336, 0.18118222), (0.060820032, 0.005534627, 0.18118222), (0.059919506, 0.005907637, 0.18118222), (0.058971718, 0.006135181, 0.18118222), (0.058, 0.006211657, 0.18118222), (0.057028282, 0.006135181, 0.18118222), (0.056080494, 0.005907637, 0.18118222), (0.05517997, 0.005534627, 0.18118222), (0.05434888, 0.005025336, 0.18118222), (0.053607695, 0.004392305, 0.18118222), (0.052974664, 0.0036511205, 0.18118222), (0.05246537, 0.0028200333, 0.18118222), (0.052092362, 0.0019195076, 0.18118222), (0.051864818, 0.00097171724, 0.18118222), (0.05178834, 7.607086e-19, 0.18118222), (0.051864818, -0.00097171724, 0.18118222), (0.052092362, -0.0019195076, 0.18118222), (0.05246537, -0.0028200333, 0.18118222), (0.052974664, -0.0036511205, 0.18118222), (0.053607695, -0.004392305, 0.18118222), (0.05434888, -0.005025336, 0.18118222), (0.05517997, -0.005534627, 0.18118222), (0.056080494, -0.005907637, 0.18118222), (0.057028282, -0.006135181, 0.18118222), (0.058, -0.006211657, 0.18118222), (0.058971718, -0.006135181, 0.18118222), (0.059919506, -0.005907637, 0.18118222), (0.060820032, -0.005534627, 0.18118222), (0.06165112, -0.005025336, 0.18118222), (0.062392306, -0.004392305, 0.18118222), (0.06302533, -0.0036511205, 0.18118222), (0.063534625, -0.0028200333, 0.18118222), (0.06390764, -0.0019195076, 0.18118222), (0.06413518, -0.00097171724, 0.18118222), (0.0671844, 0, 0.18017311), (0.067071326, 0.001436757, 0.18017311), (0.06673489, 0.0028381364, 0.18017311), (0.066183366, 0.0041696313, 0.18017311), (0.065430336, 0.0053984565, 0.18017311), (0.06449436, 0.006494353, 0.18017311), (0.06339846, 0.007430338, 0.18017311), (0.06216963, 0.008183363, 0.18017311), (0.060838137, 0.008734886, 0.18017311), (0.059436757, 0.009071327, 0.18017311), (0.058, 0.009184402, 0.18017311), (0.056563243, 0.009071327, 0.18017311), (0.055161864, 0.008734886, 0.18017311), (0.05383037, 0.008183363, 0.18017311), (0.052601542, 0.007430338, 0.18017311), (0.051505648, 0.006494353, 0.18017311), (0.05056966, 0.0053984565, 0.18017311), (0.04981664, 0.0041696313, 0.18017311), (0.049265113, 0.0028381364, 0.18017311), (0.048928674, 0.001436757, 0.18017311), (0.048815597, 1.1247649e-18, 0.18017311), (0.048928674, -0.001436757, 0.18017311), (0.049265113, -0.0028381364, 0.18017311), (0.04981664, -0.0041696313, 0.18017311), (0.05056966, -0.0053984565, 0.18017311), (0.051505648, -0.006494353, 0.18017311), (0.052601542, -0.007430338, 0.18017311), (0.05383037, -0.008183363, 0.18017311), (0.055161864, -0.008734886, 0.18017311), (0.056563243, -0.009071327, 0.18017311), (0.058, -0.009184402, 0.18017311), (0.059436757, -0.009071327, 0.18017311), (0.060838137, -0.008734886, 0.18017311), (0.06216963, -0.008183363, 0.18017311), (0.06339846, -0.007430338, 0.18017311), (0.06449436, -0.006494353, 0.18017311), (0.065430336, -0.0053984565, 0.18017311), (0.066183366, -0.0041696313, 0.18017311), (0.06673489, -0.0028381364, 0.18017311), (0.067071326, -0.001436757, 0.18017311), (0.07, 0, 0.17878461), (0.06985226, 0.0018772136, 0.17878461), (0.06941268, 0.003708204, 0.17878461), (0.06869208, 0.005447886, 0.17878461), (0.0677082, 0.007053423, 0.17878461), (0.06648528, 0.008485281, 0.17878461), (0.065053426, 0.009708204, 0.17878461), (0.063447885, 0.010692079, 0.17878461), (0.061708204, 0.011412678, 0.17878461), (0.059877213, 0.01185226, 0.17878461), (0.058, 0.012, 0.17878461), (0.056122787, 0.01185226, 0.17878461), (0.054291796, 0.011412678, 0.17878461), (0.052552115, 0.010692079, 0.17878461), (0.05094658, 0.009708204, 0.17878461), (0.04951472, 0.008485281, 0.17878461), (0.048291795, 0.007053423, 0.17878461), (0.047307923, 0.005447886, 0.17878461), (0.046587322, 0.003708204, 0.17878461), (0.04614774, 0.0018772136, 0.17878461), (0.046, 1.4695761e-18, 0.17878461), (0.04614774, -0.0018772136, 0.17878461), (0.046587322, -0.003708204, 0.17878461), (0.047307923, -0.005447886, 0.17878461), (0.048291795, -0.007053423, 0.17878461), (0.04951472, -0.008485281, 0.17878461), (0.05094658, -0.009708204, 0.17878461), (0.052552115, -0.010692079, 0.17878461), (0.054291796, -0.011412678, 0.17878461), (0.056122787, -0.01185226, 0.17878461), (0.058, -0.012, 0.17878461), (0.059877213, -0.01185226, 0.17878461), (0.061708204, -0.011412678, 0.17878461), (0.063447885, -0.010692079, 0.17878461), (0.065053426, -0.009708204, 0.17878461), (0.06648528, -0.008485281, 0.17878461), (0.0677082, -0.007053423, 0.17878461), (0.06869208, -0.005447886, 0.17878461), (0.06941268, -0.003708204, 0.17878461), (0.06985226, -0.0018772136, 0.17878461), (0.072610274, 0, 0.17704049), (0.072430395, 0.0022855503, 0.17704049), (0.0718952, 0.004514823, 0.17704049), (0.07101785, 0.006632926, 0.17704049), (0.06981996, 0.008587704, 0.17704049), (0.068331026, 0.010331024, 0.17704049), (0.0665877, 0.011819961, 0.17704049), (0.06463292, 0.01301785, 0.17704049), (0.06251483, 0.013895197, 0.17704049), (0.06028555, 0.014430397, 0.17704049), (0.058, 0.014610275, 0.17704049), (0.05571445, 0.014430397, 0.17704049), (0.053485177, 0.013895197, 0.17704049), (0.051367074, 0.01301785, 0.17704049), (0.049412295, 0.011819961, 0.17704049), (0.047668975, 0.010331024, 0.17704049), (0.04618004, 0.008587704, 0.17704049), (0.04498215, 0.006632926, 0.17704049), (0.044104803, 0.004514823, 0.17704049), (0.043569602, 0.0022855503, 0.17704049), (0.043389726, 1.7892425e-18, 0.17704049), (0.043569602, -0.0022855503, 0.17704049), (0.044104803, -0.004514823, 0.17704049), (0.04498215, -0.006632926, 0.17704049), (0.04618004, -0.008587704, 0.17704049), (0.047668975, -0.010331024, 0.17704049), (0.049412295, -0.011819961, 0.17704049), (0.051367074, -0.01301785, 0.17704049), (0.053485177, -0.013895197, 0.17704049), (0.05571445, -0.014430397, 0.17704049), (0.058, -0.014610275, 0.17704049), (0.06028555, -0.014430397, 0.17704049), (0.06251483, -0.013895197, 0.17704049), (0.06463292, -0.01301785, 0.17704049), (0.0665877, -0.011819961, 0.17704049), (0.068331026, -0.010331024, 0.17704049), (0.06981996, -0.008587704, 0.17704049), (0.07101785, -0.006632926, 0.17704049), (0.0718952, -0.004514823, 0.17704049), (0.072430395, -0.0022855503, 0.17704049), (0.074970566, 0, 0.17497057), (0.07476163, 0.0026547809, 0.17497057), (0.07413997, 0.005244192, 0.17497057), (0.073120885, 0.007704474, 0.17497057), (0.071729474, 0.009975047, 0.17497057), (0.07, 0.012, 0.17497057), (0.067975044, 0.013729474, 0.17497057), (0.06570447, 0.015120883, 0.17497057), (0.063244194, 0.016139964, 0.17497057), (0.06065478, 0.016761627, 0.17497057), (0.058, 0.016970562, 0.17497057), (0.05534522, 0.016761627, 0.17497057), (0.052755807, 0.016139964, 0.17497057), (0.050295524, 0.015120883, 0.17497057), (0.048024952, 0.013729474, 0.17497057), (0.046, 0.012, 0.17497057), (0.044270527, 0.009975047, 0.17497057), (0.04287912, 0.007704474, 0.17497057), (0.041860037, 0.005244192, 0.17497057), (0.04123837, 0.0026547809, 0.17497057), (0.04102944, 2.0782946e-18, 0.17497057), (0.04123837, -0.0026547809, 0.17497057), (0.041860037, -0.005244192, 0.17497057), (0.04287912, -0.007704474, 0.17497057), (0.044270527, -0.009975047, 0.17497057), (0.046, -0.012, 0.17497057), (0.048024952, -0.013729474, 0.17497057), (0.050295524, -0.015120883, 0.17497057), (0.052755807, -0.016139964, 0.17497057), (0.05534522, -0.016761627, 0.17497057), (0.058, -0.016970562, 0.17497057), (0.06065478, -0.016761627, 0.17497057), (0.063244194, -0.016139964, 0.17497057), (0.06570447, -0.015120883, 0.17497057), (0.067975044, -0.013729474, 0.17497057), (0.07, -0.012, 0.17497057), (0.071729474, -0.009975047, 0.17497057), (0.073120885, -0.007704474, 0.17497057), (0.07413997, -0.005244192, 0.17497057), (0.07476163, -0.0026547809, 0.17497057), (0.07704048, 0, 0.17261027), (0.07680606, 0.0029785873, 0.17261027), (0.076108575, 0.005883832, 0.17261027), (0.074965194, 0.008644197, 0.17261027), (0.07340407, 0.011191714, 0.17261027), (0.07146365, 0.013463653, 0.17261027), (0.06919172, 0.015404072, 0.17261027), (0.0666442, 0.016965192, 0.17261027), (0.06388383, 0.018108573, 0.17261027), (0.060978588, 0.01880606, 0.17261027), (0.058, 0.01904048, 0.17261027), (0.055021413, 0.01880606, 0.17261027), (0.052116167, 0.018108573, 0.17261027), (0.0493558, 0.016965192, 0.17261027), (0.046808288, 0.015404072, 0.17261027), (0.04453635, 0.013463653, 0.17261027), (0.042595927, 0.011191714, 0.17261027), (0.041034807, 0.008644197, 0.17261027), (0.039891426, 0.005883832, 0.17261027), (0.03919394, 0.0029785873, 0.17261027), (0.038959518, 2.3317864e-18, 0.17261027), (0.03919394, -0.0029785873, 0.17261027), (0.039891426, -0.005883832, 0.17261027), (0.041034807, -0.008644197, 0.17261027), (0.042595927, -0.011191714, 0.17261027), (0.04453635, -0.013463653, 0.17261027), (0.046808288, -0.015404072, 0.17261027), (0.0493558, -0.016965192, 0.17261027), (0.052116167, -0.018108573, 0.17261027), (0.055021413, -0.01880606, 0.17261027), (0.058, -0.01904048, 0.17261027), (0.060978588, -0.01880606, 0.17261027), (0.06388383, -0.018108573, 0.17261027), (0.0666442, -0.016965192, 0.17261027), (0.06919172, -0.015404072, 0.17261027), (0.07146365, -0.013463653, 0.17261027), (0.07340407, -0.011191714, 0.17261027), (0.074965194, -0.008644197, 0.17261027), (0.076108575, -0.005883832, 0.17261027), (0.07680606, -0.0029785873, 0.17261027), (0.07878461, 0, 0.17), (0.07852872, 0.0032514294, 0.17), (0.077767335, 0.0064227977, 0.17), (0.07651922, 0.009436015, 0.17), (0.0748151, 0.012216887, 0.17), (0.07269694, 0.014696939, 0.17), (0.07021689, 0.016815102, 0.17), (0.06743602, 0.018519223, 0.17), (0.0644228, 0.019767338, 0.17), (0.061251428, 0.020528717, 0.17), (0.058, 0.020784609, 0.17), (0.054748572, 0.020528717, 0.17), (0.051577203, 0.019767338, 0.17), (0.048563983, 0.018519223, 0.17), (0.045783114, 0.016815102, 0.17), (0.04330306, 0.014696939, 0.17), (0.0411849, 0.012216887, 0.17), (0.039480776, 0.009436015, 0.17), (0.03823266, 0.0064227977, 0.17), (0.037471283, 0.0032514294, 0.17), (0.03721539, 2.5453805e-18, 0.17), (0.037471283, -0.0032514294, 0.17), (0.03823266, -0.0064227977, 0.17), (0.039480776, -0.009436015, 0.17), (0.0411849, -0.012216887, 0.17), (0.04330306, -0.014696939, 0.17), (0.045783114, -0.016815102, 0.17), (0.048563983, -0.018519223, 0.17), (0.051577203, -0.019767338, 0.17), (0.054748572, -0.020528717, 0.17), (0.058, -0.020784609, 0.17), (0.061251428, -0.020528717, 0.17), (0.0644228, -0.019767338, 0.17), (0.06743602, -0.018519223, 0.17), (0.07021689, -0.016815102, 0.17), (0.07269694, -0.014696939, 0.17), (0.0748151, -0.012216887, 0.17), (0.07651922, -0.009436015, 0.17), (0.077767335, -0.0064227977, 0.17), (0.07852872, -0.0032514294, 0.17), (0.08017311, 0, 0.1671844), (0.07990012, 0.0034686385, 0.1671844), (0.07908788, 0.0068518673, 0.1671844), (0.07775638, 0.010066381, 0.1671844), (0.07593842, 0.013033026, 0.1671844), (0.073678754, 0.015678756, 0.1671844), (0.07103302, 0.017938422, 0.1671844), (0.06806638, 0.019756384, 0.1671844), (0.064851865, 0.02108788, 0.1671844), (0.06146864, 0.021900121, 0.1671844), (0.058, 0.022173109, 0.1671844), (0.054531362, 0.021900121, 0.1671844), (0.05114813, 0.02108788, 0.1671844), (0.04793362, 0.019756384, 0.1671844), (0.044966973, 0.017938422, 0.1671844), (0.042321246, 0.015678756, 0.1671844), (0.04006158, 0.013033026, 0.1671844), (0.038243614, 0.010066381, 0.1671844), (0.03691212, 0.0068518673, 0.1671844), (0.036099877, 0.0034686385, 0.1671844), (0.03582689, 2.7154226e-18, 0.1671844), (0.036099877, -0.0034686385, 0.1671844), (0.03691212, -0.0068518673, 0.1671844), (0.038243614, -0.010066381, 0.1671844), (0.04006158, -0.013033026, 0.1671844), (0.042321246, -0.015678756, 0.1671844), (0.044966973, -0.017938422, 0.1671844), (0.04793362, -0.019756384, 0.1671844), (0.05114813, -0.02108788, 0.1671844), (0.054531362, -0.021900121, 0.1671844), (0.058, -0.022173109, 0.1671844), (0.06146864, -0.021900121, 0.1671844), (0.064851865, -0.02108788, 0.1671844), (0.06806638, -0.019756384, 0.1671844), (0.07103302, -0.017938422, 0.1671844), (0.073678754, -0.015678756, 0.1671844), (0.07593842, -0.013033026, 0.1671844), (0.07775638, -0.010066381, 0.1671844), (0.07908788, -0.0068518673, 0.1671844), (0.07990012, -0.0034686385, 0.1671844), (0.08118222, 0, 0.16421166), (0.08089681, 0.0036264982, 0.16421166), (0.0800476, 0.0071636997, 0.16421166), (0.07865551, 0.010524508, 0.16421166), (0.07675481, 0.013626167, 0.16421166), (0.074392304, 0.016392305, 0.16421166), (0.071626164, 0.01875481, 0.16421166), (0.06852451, 0.02065551, 0.16421166), (0.0651637, 0.022047602, 0.16421166), (0.061626498, 0.022896808, 0.16421166), (0.058, 0.02318222, 0.16421166), (0.054373503, 0.022896808, 0.16421166), (0.0508363, 0.022047602, 0.16421166), (0.04747549, 0.02065551, 0.16421166), (0.044373833, 0.01875481, 0.16421166), (0.041607697, 0.016392305, 0.16421166), (0.039245192, 0.013626167, 0.16421166), (0.03734449, 0.010524508, 0.16421166), (0.0359524, 0.0071636997, 0.16421166), (0.03510319, 0.0036264982, 0.16421166), (0.03481778, 2.8390032e-18, 0.16421166), (0.03510319, -0.0036264982, 0.16421166), (0.0359524, -0.0071636997, 0.16421166), (0.03734449, -0.010524508, 0.16421166), (0.039245192, -0.013626167, 0.16421166), (0.041607697, -0.016392305, 0.16421166), (0.044373833, -0.01875481, 0.16421166), (0.04747549, -0.02065551, 0.16421166), (0.0508363, -0.022047602, 0.16421166), (0.054373503, -0.022896808, 0.16421166), (0.058, -0.02318222, 0.16421166), (0.061626498, -0.022896808, 0.16421166), (0.0651637, -0.022047602, 0.16421166), (0.06852451, -0.02065551, 0.16421166), (0.071626164, -0.01875481, 0.16421166), (0.074392304, -0.016392305, 0.16421166), (0.07675481, -0.013626167, 0.16421166), (0.07865551, -0.010524508, 0.16421166), (0.0800476, -0.0071636997, 0.16421166), (0.08089681, -0.0036264982, 0.16421166), (0.08179468, 0, 0.16113263), (0.08150172, 0.0037223075, 0.16113263), (0.08063008, 0.0073529594, 0.16113263), (0.079201214, 0.010802557, 0.16113263), (0.077250294, 0.01398616, 0.16113263), (0.074825376, 0.016825378, 0.16113263), (0.07198616, 0.019250298, 0.16113263), (0.06880256, 0.021201212, 0.16113263), (0.06535296, 0.022630082, 0.16113263), (0.06172231, 0.023501724, 0.16113263), (0.058, 0.023794677, 0.16113263), (0.054277692, 0.023501724, 0.16113263), (0.05064704, 0.022630082, 0.16113263), (0.047197443, 0.021201212, 0.16113263), (0.04401384, 0.019250298, 0.16113263), (0.041174624, 0.016825378, 0.16113263), (0.038749702, 0.01398616, 0.16113263), (0.036798786, 0.010802557, 0.16113263), (0.035369918, 0.0073529594, 0.16113263), (0.034498274, 0.0037223075, 0.16113263), (0.034205325, 2.9140074e-18, 0.16113263), (0.034498274, -0.0037223075, 0.16113263), (0.035369918, -0.0073529594, 0.16113263), (0.036798786, -0.010802557, 0.16113263), (0.038749702, -0.01398616, 0.16113263), (0.041174624, -0.016825378, 0.16113263), (0.04401384, -0.019250298, 0.16113263), (0.047197443, -0.021201212, 0.16113263), (0.05064704, -0.022630082, 0.16113263), (0.054277692, -0.023501724, 0.16113263), (0.058, -0.023794677, 0.16113263), (0.06172231, -0.023501724, 0.16113263), (0.06535296, -0.022630082, 0.16113263), (0.06880256, -0.021201212, 0.16113263), (0.07198616, -0.019250298, 0.16113263), (0.074825376, -0.016825378, 0.16113263), (0.077250294, -0.01398616, 0.16113263), (0.079201214, -0.010802557, 0.16113263), (0.08063008, -0.0073529594, 0.16113263), (0.08150172, -0.0037223075, 0.16113263), (0.082, 0, 0.158), (0.08170452, 0.0037544272, 0.158), (0.08082536, 0.007416408, 0.158), (0.079384156, 0.010895772, 0.158), (0.077416405, 0.014106846, 0.158), (0.074970566, 0.016970562, 0.158), (0.072106846, 0.019416409, 0.158), (0.06889577, 0.021384157, 0.158), (0.06541641, 0.022825357, 0.158), (0.061754428, 0.02370452, 0.158), (0.058, 0.024, 0.158), (0.054245573, 0.02370452, 0.158), (0.050583594, 0.022825357, 0.158), (0.04710423, 0.021384157, 0.158), (0.043893155, 0.019416409, 0.158), (0.04102944, 0.016970562, 0.158), (0.03858359, 0.014106846, 0.158), (0.036615845, 0.010895772, 0.158), (0.03517464, 0.007416408, 0.158), (0.03429548, 0.0037544272, 0.158), (0.034, 2.9391522e-18, 0.158), (0.03429548, -0.0037544272, 0.158), (0.03517464, -0.007416408, 0.158), (0.036615845, -0.010895772, 0.158), (0.03858359, -0.014106846, 0.158), (0.04102944, -0.016970562, 0.158), (0.043893155, -0.019416409, 0.158), (0.04710423, -0.021384157, 0.158), (0.050583594, -0.022825357, 0.158), (0.054245573, -0.02370452, 0.158), (0.058, -0.024, 0.158), (0.061754428, -0.02370452, 0.158), (0.06541641, -0.022825357, 0.158), (0.06889577, -0.021384157, 0.158), (0.072106846, -0.019416409, 0.158), (0.074970566, -0.016970562, 0.158), (0.077416405, -0.014106846, 0.158), (0.079384156, -0.010895772, 0.158), (0.08082536, -0.007416408, 0.158), (0.08170452, -0.0037544272, 0.158)]
                uniform token subdivisionScheme = "none"
            }

            def Mesh "mid360_connector" (
                prepend apiSchemas = ["MaterialBindingAPI"]
            )
            {
                uniform bool doubleSided = 1
                float3[] extent = [(0.01, -0.007, 0.127), (0.028, 0.007, 0.141)]
                int[] faceVertexCounts = [4, 4, 4, 4, 4, 4, 4, 4, 4, 4, 4, 4, 4, 4, 4, 4, 16, 16]
                int[] faceVertexIndices = [0, 2, 3, 1, 2, 4, 5, 3, 4, 6, 7, 5, 6, 8, 9, 7, 8, 10, 11, 9, 10, 12, 13, 11, 12, 14, 15, 13, 14, 16, 17, 15, 16, 18, 19, 17, 18, 20, 21, 19, 20, 22, 23, 21, 22, 24, 25, 23, 24, 26, 27, 25, 26, 28, 29, 27, 28, 30, 31, 29, 30, 0, 1, 31, 30, 28, 26, 24, 22, 20, 18, 16, 14, 12, 10, 8, 6, 4, 2, 0, 1, 3, 5, 7, 9, 11, 13, 15, 17, 19, 21, 23, 25, 27, 29, 31]
                rel material:binding = </rc_car/Looks/steel>
                point3f[] points = [(0.028, 0, 0.127), (0.01, 0, 0.127), (0.028, -0.002678784, 0.12753284), (0.01, -0.002678784, 0.12753284), (0.028, -0.0049497476, 0.12905025), (0.01, -0.0049497476, 0.12905025), (0.028, -0.0064671566, 0.13132122), (0.01, -0.0064671566, 0.13132122), (0.028, -0.007, 0.134), (0.01, -0.007, 0.134), (0.028, -0.0064671566, 0.13667879), (0.01, -0.0064671566, 0.13667879), (0.028, -0.0049497476, 0.13894975), (0.01, -0.0049497476, 0.13894975), (0.028, -0.002678784, 0.14046715), (0.01, -0.002678784, 0.14046715), (0.028, -8.5725276e-19, 0.141), (0.01, -8.5725276e-19, 0.141), (0.028, 0.002678784, 0.14046715), (0.01, 0.002678784, 0.14046715), (0.028, 0.0049497476, 0.13894975), (0.01, 0.0049497476, 0.13894975), (0.028, 0.0064671566, 0.13667879), (0.01, 0.0064671566, 0.13667879), (0.028, 0.007, 0.134), (0.01, 0.007, 0.134), (0.028, 0.0064671566, 0.13132122), (0.01, 0.0064671566, 0.13132122), (0.028, 0.0049497476, 0.12905025), (0.01, 0.0049497476, 0.12905025), (0.028, 0.002678784, 0.12753284), (0.01, 0.002678784, 0.12753284)]
                uniform token subdivisionScheme = "none"
            }

            def Mesh "mid360_cable" (
                prepend apiSchemas = ["MaterialBindingAPI"]
            )
            {
                uniform bool doubleSided = 1
                float3[] extent = [(-0.018475708, -0.0035720381, 0.12604319), (0.011475708, 0.013572038, 0.13795681)]
                int[] faceVertexCounts = [4, 4, 4, 4, 4, 4, 4, 4, 4, 4, 10, 10]
                int[] faceVertexIndices = [0, 2, 3, 1, 2, 4, 5, 3, 4, 6, 7, 5, 6, 8, 9, 7, 8, 10, 11, 9, 10, 12, 13, 11, 12, 14, 15, 13, 14, 16, 17, 15, 16, 18, 19, 17, 18, 0, 1, 19, 18, 16, 14, 12, 10, 8, 6, 4, 2, 0, 1, 3, 5, 7, 9, 11, 13, 15, 17, 19]
                rel material:binding = </rc_car/Looks/plastic_blk>
                point3f[] points = [(0.010586195, 0, 0.13004318), (-0.016413806, 0.01, 0.12604319), (0.009674157, -0.002207641, 0.13068034), (-0.017325843, 0.0077923588, 0.12668034), (0.00888658, -0.0035720381, 0.1325855), (-0.01811342, 0.006427962, 0.12858549), (0.008524292, -0.0035720381, 0.13503094), (-0.018475708, 0.006427962, 0.13103093), (0.008725674, -0.002207641, 0.13708259), (-0.018274326, 0.0077923588, 0.1330826), (0.009413806, -4.599606e-19, 0.13795681), (-0.017586194, 0.01, 0.13395682), (0.0103258435, 0.002207641, 0.13731965), (-0.016674157, 0.012207641, 0.13331966), (0.01111342, 0.0035720381, 0.13541451), (-0.01588658, 0.013572038, 0.1314145), (0.011475708, 0.0035720381, 0.13296907), (-0.015524291, 0.013572038, 0.12896906), (0.011274326, 0.002207641, 0.1309174), (-0.015725674, 0.012207641, 0.1269174)]
                uniform token subdivisionScheme = "none"
            }

            def Mesh "camera_body" (
                prepend apiSchemas = ["MaterialBindingAPI"]
            )
            {
                uniform bool doubleSided = 1
                float3[] extent = [(0.116, -0.02, 0.08), (0.14, 0.02, 0.12)]
                int[] faceVertexCounts = [4, 4, 4, 4, 4, 4]
                int[] faceVertexIndices = [0, 1, 3, 2, 4, 6, 7, 5, 0, 4, 5, 1, 2, 3, 7, 6, 0, 2, 6, 4, 1, 5, 7, 3]
                rel material:binding = </rc_car/Looks/plastic_blk>
                point3f[] points = [(0.116, -0.02, 0.08), (0.116, -0.02, 0.12), (0.116, 0.02, 0.08), (0.116, 0.02, 0.12), (0.14, -0.02, 0.08), (0.14, -0.02, 0.12), (0.14, 0.02, 0.08), (0.14, 0.02, 0.12)]
                uniform token subdivisionScheme = "none"
            }

            def Mesh "camera_lens" (
                prepend apiSchemas = ["MaterialBindingAPI"]
            )
            {
                uniform bool doubleSided = 1
                float3[] extent = [(0.14, -0.0095, 0.0905), (0.154, 0.0095, 0.1095)]
                int[] faceVertexCounts = [4, 4, 4, 4, 4, 4, 4, 4, 4, 4, 4, 4, 4, 4, 4, 4, 4, 4, 4, 4, 4, 4, 4, 4, 24, 24]
                int[] faceVertexIndices = [0, 2, 3, 1, 2, 4, 5, 3, 4, 6, 7, 5, 6, 8, 9, 7, 8, 10, 11, 9, 10, 12, 13, 11, 12, 14, 15, 13, 14, 16, 17, 15, 16, 18, 19, 17, 18, 20, 21, 19, 20, 22, 23, 21, 22, 24, 25, 23, 24, 26, 27, 25, 26, 28, 29, 27, 28, 30, 31, 29, 30, 32, 33, 31, 32, 34, 35, 33, 34, 36, 37, 35, 36, 38, 39, 37, 38, 40, 41, 39, 40, 42, 43, 41, 42, 44, 45, 43, 44, 46, 47, 45, 46, 0, 1, 47, 46, 44, 42, 40, 38, 36, 34, 32, 30, 28, 26, 24, 22, 20, 18, 16, 14, 12, 10, 8, 6, 4, 2, 0, 1, 3, 5, 7, 9, 11, 13, 15, 17, 19, 21, 23, 25, 27, 29, 31, 33, 35, 37, 39, 41, 43, 45, 47]
                rel material:binding = </rc_car/Looks/rim_blk>
                point3f[] points = [(0.14, 0, 0.1095), (0.154, 0, 0.1085), (0.14, -0.002458781, 0.10917629), (0.154, -0.0021999618, 0.10821037), (0.14, -0.00475, 0.10822724), (0.154, -0.00425, 0.10736121), (0.14, -0.0067175142, 0.10671751), (0.154, -0.0060104076, 0.10601041), (0.14, -0.008227241, 0.10475), (0.154, -0.007361216, 0.10425), (0.14, -0.009176295, 0.10245878), (0.154, -0.008210369, 0.102199964), (0.14, -0.0095, 0.1), (0.154, -0.0085, 0.1), (0.14, -0.009176295, 0.09754122), (0.154, -0.008210369, 0.09780004), (0.14, -0.008227241, 0.09525), (0.154, -0.007361216, 0.09575), (0.14, -0.0067175142, 0.09328248), (0.154, -0.0060104076, 0.093989596), (0.14, -0.00475, 0.09177276), (0.154, -0.00425, 0.09263878), (0.14, -0.002458781, 0.0908237), (0.154, -0.0021999618, 0.09178963), (0.14, -1.1634144e-18, 0.0905), (0.154, -1.0409498e-18, 0.0915), (0.14, 0.002458781, 0.0908237), (0.154, 0.0021999618, 0.09178963), (0.14, 0.00475, 0.09177276), (0.154, 0.00425, 0.09263878), (0.14, 0.0067175142, 0.09328248), (0.154, 0.0060104076, 0.093989596), (0.14, 0.008227241, 0.09525), (0.154, 0.007361216, 0.09575), (0.14, 0.009176295, 0.09754122), (0.154, 0.008210369, 0.09780004), (0.14, 0.0095, 0.1), (0.154, 0.0085, 0.1), (0.14, 0.009176295, 0.10245878), (0.154, 0.008210369, 0.102199964), (0.14, 0.008227241, 0.10475), (0.154, 0.007361216, 0.10425), (0.14, 0.0067175142, 0.10671751), (0.154, 0.0060104076, 0.10601041), (0.14, 0.00475, 0.10822724), (0.154, 0.00425, 0.10736121), (0.14, 0.002458781, 0.10917629), (0.154, 0.0021999618, 0.10821037)]
                uniform token subdivisionScheme = "none"
            }

            def Mesh "camera_lens_glass" (
                prepend apiSchemas = ["MaterialBindingAPI"]
            )
            {
                uniform bool doubleSided = 1
                float3[] extent = [(0.154, -0.006, 0.094), (0.1545, 0.006, 0.106)]
                int[] faceVertexCounts = [4, 4, 4, 4, 4, 4, 4, 4, 4, 4, 4, 4, 4, 4, 4, 4, 4, 4, 4, 4, 4, 4, 4, 4, 24, 24]
                int[] faceVertexIndices = [0, 2, 3, 1, 2, 4, 5, 3, 4, 6, 7, 5, 6, 8, 9, 7, 8, 10, 11, 9, 10, 12, 13, 11, 12, 14, 15, 13, 14, 16, 17, 15, 16, 18, 19, 17, 18, 20, 21, 19, 20, 22, 23, 21, 22, 24, 25, 23, 24, 26, 27, 25, 26, 28, 29, 27, 28, 30, 31, 29, 30, 32, 33, 31, 32, 34, 35, 33, 34, 36, 37, 35, 36, 38, 39, 37, 38, 40, 41, 39, 40, 42, 43, 41, 42, 44, 45, 43, 44, 46, 47, 45, 46, 0, 1, 47, 46, 44, 42, 40, 38, 36, 34, 32, 30, 28, 26, 24, 22, 20, 18, 16, 14, 12, 10, 8, 6, 4, 2, 0, 1, 3, 5, 7, 9, 11, 13, 15, 17, 19, 21, 23, 25, 27, 29, 31, 33, 35, 37, 39, 41, 43, 45, 47]
                rel material:binding = </rc_car/Looks/dome>
                point3f[] points = [(0.154, 0, 0.106), (0.1545, 0, 0.106), (0.154, -0.0015529143, 0.105795555), (0.1545, -0.0015529143, 0.105795555), (0.154, -0.003, 0.105196156), (0.1545, -0.003, 0.105196156), (0.154, -0.0042426405, 0.10424264), (0.1545, -0.0042426405, 0.10424264), (0.154, -0.0051961523, 0.103), (0.1545, -0.0051961523, 0.103), (0.154, -0.005795555, 0.10155291), (0.1545, -0.005795555, 0.10155291), (0.154, -0.006, 0.1), (0.1545, -0.006, 0.1), (0.154, -0.005795555, 0.098447084), (0.1545, -0.005795555, 0.098447084), (0.154, -0.0051961523, 0.097), (0.1545, -0.0051961523, 0.097), (0.154, -0.0042426405, 0.09575736), (0.1545, -0.0042426405, 0.09575736), (0.154, -0.003, 0.09480385), (0.1545, -0.003, 0.09480385), (0.154, -0.0015529143, 0.09420445), (0.1545, -0.0015529143, 0.09420445), (0.154, -7.3478805e-19, 0.094), (0.1545, -7.3478805e-19, 0.094), (0.154, 0.0015529143, 0.09420445), (0.1545, 0.0015529143, 0.09420445), (0.154, 0.003, 0.09480385), (0.1545, 0.003, 0.09480385), (0.154, 0.0042426405, 0.09575736), (0.1545, 0.0042426405, 0.09575736), (0.154, 0.0051961523, 0.097), (0.1545, 0.0051961523, 0.097), (0.154, 0.005795555, 0.098447084), (0.1545, 0.005795555, 0.098447084), (0.154, 0.006, 0.1), (0.1545, 0.006, 0.1), (0.154, 0.005795555, 0.10155291), (0.1545, 0.005795555, 0.10155291), (0.154, 0.0051961523, 0.103), (0.1545, 0.0051961523, 0.103), (0.154, 0.0042426405, 0.10424264), (0.1545, 0.0042426405, 0.10424264), (0.154, 0.003, 0.105196156), (0.1545, 0.003, 0.105196156), (0.154, 0.0015529143, 0.105795555), (0.1545, 0.0015529143, 0.105795555)]
                uniform token subdivisionScheme = "none"
            }

            def Mesh "jetson_carrier" (
                prepend apiSchemas = ["MaterialBindingAPI"]
            )
            {
                uniform bool doubleSided = 1
                float3[] extent = [(0, -0.0395, 0.073), (0.1, 0.0395, 0.076)]
                int[] faceVertexCounts = [4, 4, 4, 4, 4, 4]
                int[] faceVertexIndices = [0, 1, 3, 2, 4, 6, 7, 5, 0, 4, 5, 1, 2, 3, 7, 6, 0, 2, 6, 4, 1, 5, 7, 3]
                rel material:binding = </rc_car/Looks/pcb_blk>
                point3f[] points = [(0, -0.0395, 0.073), (0, -0.0395, 0.076), (0, 0.0395, 0.073), (0, 0.0395, 0.076), (0.1, -0.0395, 0.073), (0.1, -0.0395, 0.076), (0.1, 0.0395, 0.073), (0.1, 0.0395, 0.076)]
                uniform token subdivisionScheme = "none"
            }

            def Mesh "jetson_module_heatsink" (
                prepend apiSchemas = ["MaterialBindingAPI"]
            )
            {
                uniform bool doubleSided = 1
                float3[] extent = [(0.02, -0.031, 0.076), (0.09, 0.031, 0.096)]
                int[] faceVertexCounts = [4, 4, 4, 4, 4, 4]
                int[] faceVertexIndices = [0, 1, 3, 2, 4, 6, 7, 5, 0, 4, 5, 1, 2, 3, 7, 6, 0, 2, 6, 4, 1, 5, 7, 3]
                rel material:binding = </rc_car/Looks/alu_dark>
                point3f[] points = [(0.02, -0.031, 0.076), (0.02, -0.031, 0.096), (0.02, 0.031, 0.076), (0.02, 0.031, 0.096), (0.09, -0.031, 0.076), (0.09, -0.031, 0.096), (0.09, 0.031, 0.076), (0.09, 0.031, 0.096)]
                uniform token subdivisionScheme = "none"
            }

            def Mesh "jetson_fan" (
                prepend apiSchemas = ["MaterialBindingAPI"]
            )
            {
                uniform bool doubleSided = 1
                float3[] extent = [(0.037, -0.018, 0.096), (0.073, 0.018, 0.097)]
                int[] faceVertexCounts = [4, 4, 4, 4, 4, 4, 4, 4, 4, 4, 4, 4, 4, 4, 4, 4, 4, 4, 4, 4, 4, 4, 4, 4, 24, 24]
                int[] faceVertexIndices = [0, 2, 3, 1, 2, 4, 5, 3, 4, 6, 7, 5, 6, 8, 9, 7, 8, 10, 11, 9, 10, 12, 13, 11, 12, 14, 15, 13, 14, 16, 17, 15, 16, 18, 19, 17, 18, 20, 21, 19, 20, 22, 23, 21, 22, 24, 25, 23, 24, 26, 27, 25, 26, 28, 29, 27, 28, 30, 31, 29, 30, 32, 33, 31, 32, 34, 35, 33, 34, 36, 37, 35, 36, 38, 39, 37, 38, 40, 41, 39, 40, 42, 43, 41, 42, 44, 45, 43, 44, 46, 47, 45, 46, 0, 1, 47, 46, 44, 42, 40, 38, 36, 34, 32, 30, 28, 26, 24, 22, 20, 18, 16, 14, 12, 10, 8, 6, 4, 2, 0, 1, 3, 5, 7, 9, 11, 13, 15, 17, 19, 21, 23, 25, 27, 29, 31, 33, 35, 37, 39, 41, 43, 45, 47]
                rel material:binding = </rc_car/Looks/plastic_blk>
                point3f[] points = [(0.055, 0.018, 0.096), (0.055, 0.018, 0.097), (0.050341256, 0.017386666, 0.096), (0.050341256, 0.017386666, 0.097), (0.046, 0.015588458, 0.096), (0.046, 0.015588458, 0.097), (0.04227208, 0.012727922, 0.096), (0.04227208, 0.012727922, 0.097), (0.03941154, 0.009, 0.096), (0.03941154, 0.009, 0.097), (0.037613336, 0.004658743, 0.096), (0.037613336, 0.004658743, 0.097), (0.037, 1.1021821e-18, 0.096), (0.037, 1.1021821e-18, 0.097), (0.037613336, -0.004658743, 0.096), (0.037613336, -0.004658743, 0.097), (0.03941154, -0.009, 0.096), (0.03941154, -0.009, 0.097), (0.04227208, -0.012727922, 0.096), (0.04227208, -0.012727922, 0.097), (0.046, -0.015588458, 0.096), (0.046, -0.015588458, 0.097), (0.050341256, -0.017386666, 0.096), (0.050341256, -0.017386666, 0.097), (0.055, -0.018, 0.096), (0.055, -0.018, 0.097), (0.059658743, -0.017386666, 0.096), (0.059658743, -0.017386666, 0.097), (0.064, -0.015588458, 0.096), (0.064, -0.015588458, 0.097), (0.06772792, -0.012727922, 0.096), (0.06772792, -0.012727922, 0.097), (0.070588455, -0.009, 0.096), (0.070588455, -0.009, 0.097), (0.07238667, -0.004658743, 0.096), (0.07238667, -0.004658743, 0.097), (0.073, -3.3065463e-18, 0.096), (0.073, -3.3065463e-18, 0.097), (0.07238667, 0.004658743, 0.096), (0.07238667, 0.004658743, 0.097), (0.070588455, 0.009, 0.096), (0.070588455, 0.009, 0.097), (0.06772792, 0.012727922, 0.096), (0.06772792, 0.012727922, 0.097), (0.064, 0.015588458, 0.096), (0.064, 0.015588458, 0.097), (0.059658743, 0.017386666, 0.096), (0.059658743, 0.017386666, 0.097)]
                uniform token subdivisionScheme = "none"
            }

            def Mesh "jetson_ports" (
                prepend apiSchemas = ["MaterialBindingAPI"]
            )
            {
                uniform bool doubleSided = 1
                float3[] extent = [(-0.004, -0.032, 0.076), (0.01, 0.018, 0.088)]
                int[] faceVertexCounts = [4, 4, 4, 4, 4, 4, 4, 4, 4, 4, 4, 4, 4, 4, 4, 4, 4, 4]
                int[] faceVertexIndices = [0, 1, 3, 2, 4, 6, 7, 5, 0, 4, 5, 1, 2, 3, 7, 6, 0, 2, 6, 4, 1, 5, 7, 3, 8, 9, 11, 10, 12, 14, 15, 13, 8, 12, 13, 9, 10, 11, 15, 14, 8, 10, 14, 12, 9, 13, 15, 11, 16, 17, 19, 18, 20, 22, 23, 21, 16, 20, 21, 17, 18, 19, 23, 22, 16, 18, 22, 20, 17, 21, 23, 19]
                rel material:binding = </rc_car/Looks/steel>
                point3f[] points = [(-0.004, -0.032, 0.076), (-0.004, -0.032, 0.088), (-0.004, -0.018, 0.076), (-0.004, -0.018, 0.088), (0.01, -0.032, 0.076), (0.01, -0.032, 0.088), (0.01, -0.018, 0.076), (0.01, -0.018, 0.088), (-0.004, -0.014, 0.076), (-0.004, -0.014, 0.088), (-0.004, -2.6020852e-18, 0.076), (-0.004, -2.6020852e-18, 0.088), (0.01, -0.014, 0.076), (0.01, -0.014, 0.088), (0.01, -2.6020852e-18, 0.076), (0.01, -2.6020852e-18, 0.088), (-0.004, 0.004, 0.076), (-0.004, 0.004, 0.088), (-0.004, 0.018, 0.076), (-0.004, 0.018, 0.088), (0.01, 0.004, 0.076), (0.01, 0.004, 0.088), (0.01, 0.018, 0.076), (0.01, 0.018, 0.088)]
                uniform token subdivisionScheme = "none"
            }

            def Mesh "jetson_standoffs" (
                prepend apiSchemas = ["MaterialBindingAPI"]
            )
            {
                uniform bool doubleSided = 1
                float3[] extent = [(0.0045, -0.0355, 0.063), (0.0955, 0.0355, 0.073)]
                int[] faceVertexCounts = [4, 4, 4, 4, 4, 4, 4, 4, 8, 8, 4, 4, 4, 4, 4, 4, 4, 4, 8, 8, 4, 4, 4, 4, 4, 4, 4, 4, 8, 8, 4, 4, 4, 4, 4, 4, 4, 4, 8, 8]
                int[] faceVertexIndices = [0, 2, 3, 1, 2, 4, 5, 3, 4, 6, 7, 5, 6, 8, 9, 7, 8, 10, 11, 9, 10, 12, 13, 11, 12, 14, 15, 13, 14, 0, 1, 15, 14, 12, 10, 8, 6, 4, 2, 0, 1, 3, 5, 7, 9, 11, 13, 15, 16, 18, 19, 17, 18, 20, 21, 19, 20, 22, 23, 21, 22, 24, 25, 23, 24, 26, 27, 25, 26, 28, 29, 27, 28, 30, 31, 29, 30, 16, 17, 31, 30, 28, 26, 24, 22, 20, 18, 16, 17, 19, 21, 23, 25, 27, 29, 31, 32, 34, 35, 33, 34, 36, 37, 35, 36, 38, 39, 37, 38, 40, 41, 39, 40, 42, 43, 41, 42, 44, 45, 43, 44, 46, 47, 45, 46, 32, 33, 47, 46, 44, 42, 40, 38, 36, 34, 32, 33, 35, 37, 39, 41, 43, 45, 47, 48, 50, 51, 49, 50, 52, 53, 51, 52, 54, 55, 53, 54, 56, 57, 55, 56, 58, 59, 57, 58, 60, 61, 59, 60, 62, 63, 61, 62, 48, 49, 63, 62, 60, 58, 56, 54, 52, 50, 48, 49, 51, 53, 55, 57, 59, 61, 63]
                rel material:binding = </rc_car/Looks/white>
                point3f[] points = [(0.007, 0.0355, 0.063), (0.007, 0.0355, 0.073), (0.005232233, 0.034767766, 0.063), (0.005232233, 0.034767766, 0.073), (0.0045, 0.033, 0.063), (0.0045, 0.033, 0.073), (0.005232233, 0.031232232, 0.063), (0.005232233, 0.031232232, 0.073), (0.007, 0.0305, 0.063), (0.007, 0.0305, 0.073), (0.008767767, 0.031232232, 0.063), (0.008767767, 0.031232232, 0.073), (0.0095, 0.033, 0.063), (0.0095, 0.033, 0.073), (0.008767767, 0.034767766, 0.063), (0.008767767, 0.034767766, 0.073), (0.007, -0.0305, 0.063), (0.007, -0.0305, 0.073), (0.005232233, -0.031232232, 0.063), (0.005232233, -0.031232232, 0.073), (0.0045, -0.033, 0.063), (0.0045, -0.033, 0.073), (0.005232233, -0.034767766, 0.063), (0.005232233, -0.034767766, 0.073), (0.007, -0.0355, 0.063), (0.007, -0.0355, 0.073), (0.008767767, -0.034767766, 0.063), (0.008767767, -0.034767766, 0.073), (0.0095, -0.033, 0.063), (0.0095, -0.033, 0.073), (0.008767767, -0.031232232, 0.063), (0.008767767, -0.031232232, 0.073), (0.093, 0.0355, 0.063), (0.093, 0.0355, 0.073), (0.09123223, 0.034767766, 0.063), (0.09123223, 0.034767766, 0.073), (0.0905, 0.033, 0.063), (0.0905, 0.033, 0.073), (0.09123223, 0.031232232, 0.063), (0.09123223, 0.031232232, 0.073), (0.093, 0.0305, 0.063), (0.093, 0.0305, 0.073), (0.094767764, 0.031232232, 0.063), (0.094767764, 0.031232232, 0.073), (0.0955, 0.033, 0.063), (0.0955, 0.033, 0.073), (0.094767764, 0.034767766, 0.063), (0.094767764, 0.034767766, 0.073), (0.093, -0.0305, 0.063), (0.093, -0.0305, 0.073), (0.09123223, -0.031232232, 0.063), (0.09123223, -0.031232232, 0.073), (0.0905, -0.033, 0.063), (0.0905, -0.033, 0.073), (0.09123223, -0.034767766, 0.063), (0.09123223, -0.034767766, 0.073), (0.093, -0.0355, 0.063), (0.093, -0.0355, 0.073), (0.094767764, -0.034767766, 0.063), (0.094767764, -0.034767766, 0.073), (0.0955, -0.033, 0.063), (0.0955, -0.033, 0.073), (0.094767764, -0.031232232, 0.063), (0.094767764, -0.031232232, 0.073)]
                uniform token subdivisionScheme = "none"
            }

            def Mesh "usb_hub" (
                prepend apiSchemas = ["MaterialBindingAPI"]
            )
            {
                uniform bool doubleSided = 1
                float3[] extent = [(-0.015, 0.041, 0.104), (0.075, 0.069, 0.116)]
                int[] faceVertexCounts = [4, 4, 4, 4, 4, 4]
                int[] faceVertexIndices = [0, 1, 3, 2, 4, 6, 7, 5, 0, 4, 5, 1, 2, 3, 7, 6, 0, 2, 6, 4, 1, 5, 7, 3]
                rel material:binding = </rc_car/Looks/alu>
                point3f[] points = [(-0.015, 0.041, 0.104), (-0.015, 0.041, 0.116), (-0.015, 0.069, 0.104), (-0.015, 0.069, 0.116), (0.075, 0.041, 0.104), (0.075, 0.041, 0.116), (0.075, 0.069, 0.104), (0.075, 0.069, 0.116)]
                uniform token subdivisionScheme = "none"
            }

            def Mesh "esp32_perfboard" (
                prepend apiSchemas = ["MaterialBindingAPI"]
            )
            {
                uniform bool doubleSided = 1
                float3[] extent = [(-0.04, -0.125, 0.0637), (0.04, -0.075, 0.0653)]
                int[] faceVertexCounts = [4, 4, 4, 4, 4, 4]
                int[] faceVertexIndices = [0, 1, 3, 2, 4, 6, 7, 5, 0, 4, 5, 1, 2, 3, 7, 6, 0, 2, 6, 4, 1, 5, 7, 3]
                rel material:binding = </rc_car/Looks/pcb_blk>
                point3f[] points = [(-0.04, -0.125, 0.0637), (-0.04, -0.125, 0.0653), (-0.04, -0.075, 0.0637), (-0.04, -0.075, 0.0653), (0.04, -0.125, 0.0637), (0.04, -0.125, 0.0653), (0.04, -0.075, 0.0637), (0.04, -0.075, 0.0653)]
                uniform token subdivisionScheme = "none"
            }

            def Mesh "esp32_devkit" (
                prepend apiSchemas = ["MaterialBindingAPI"]
            )
            {
                uniform bool doubleSided = 1
                float3[] extent = [(-0.018, -0.112, 0.066), (0.034, -0.084, 0.078)]
                int[] faceVertexCounts = [4, 4, 4, 4, 4, 4]
                int[] faceVertexIndices = [0, 1, 3, 2, 4, 6, 7, 5, 0, 4, 5, 1, 2, 3, 7, 6, 0, 2, 6, 4, 1, 5, 7, 3]
                rel material:binding = </rc_car/Looks/pcb_blk>
                point3f[] points = [(-0.018, -0.112, 0.066), (-0.018, -0.112, 0.078), (-0.018, -0.084, 0.066), (-0.018, -0.084, 0.078), (0.034, -0.112, 0.066), (0.034, -0.112, 0.078), (0.034, -0.084, 0.066), (0.034, -0.084, 0.078)]
                uniform token subdivisionScheme = "none"
            }

            def Mesh "esp32_shield" (
                prepend apiSchemas = ["MaterialBindingAPI"]
            )
            {
                uniform bool doubleSided = 1
                float3[] extent = [(-0.009, -0.106, 0.077), (0.009, -0.09, 0.08)]
                int[] faceVertexCounts = [4, 4, 4, 4, 4, 4]
                int[] faceVertexIndices = [0, 1, 3, 2, 4, 6, 7, 5, 0, 4, 5, 1, 2, 3, 7, 6, 0, 2, 6, 4, 1, 5, 7, 3]
                rel material:binding = </rc_car/Looks/steel>
                point3f[] points = [(-0.009, -0.106, 0.077), (-0.009, -0.106, 0.08), (-0.009, -0.09, 0.077), (-0.009, -0.09, 0.08), (0.009, -0.106, 0.077), (0.009, -0.106, 0.08), (0.009, -0.09, 0.077), (0.009, -0.09, 0.08)]
                uniform token subdivisionScheme = "none"
            }

            def Mesh "status_led_0" (
                prepend apiSchemas = ["MaterialBindingAPI"]
            )
            {
                uniform bool doubleSided = 1
                float3[] extent = [(-0.03237764, -0.1175, 0.065), (-0.027622359, -0.1125, 0.073)]
                int[] faceVertexCounts = [4, 4, 4, 4, 4, 4, 4, 4, 4, 4, 10, 10]
                int[] faceVertexIndices = [0, 2, 3, 1, 2, 4, 5, 3, 4, 6, 7, 5, 6, 8, 9, 7, 8, 10, 11, 9, 10, 12, 13, 11, 12, 14, 15, 13, 14, 16, 17, 15, 16, 18, 19, 17, 18, 0, 1, 19, 18, 16, 14, 12, 10, 8, 6, 4, 2, 0, 1, 3, 5, 7, 9, 11, 13, 15, 17, 19]
                rel material:binding = </rc_car/Looks/led_y>
                point3f[] points = [(-0.03, -0.1125, 0.065), (-0.03, -0.1125, 0.073), (-0.031469464, -0.11297746, 0.065), (-0.031469464, -0.11297746, 0.073), (-0.03237764, -0.11422746, 0.065), (-0.03237764, -0.11422746, 0.073), (-0.03237764, -0.115772545, 0.065), (-0.03237764, -0.115772545, 0.073), (-0.031469464, -0.117022544, 0.065), (-0.031469464, -0.117022544, 0.073), (-0.03, -0.1175, 0.065), (-0.03, -0.1175, 0.073), (-0.028530536, -0.117022544, 0.065), (-0.028530536, -0.117022544, 0.073), (-0.027622359, -0.115772545, 0.065), (-0.027622359, -0.115772545, 0.073), (-0.027622359, -0.11422746, 0.065), (-0.027622359, -0.11422746, 0.073), (-0.028530536, -0.11297746, 0.065), (-0.028530536, -0.11297746, 0.073)]
                uniform token subdivisionScheme = "none"
            }

            def Mesh "status_led_1" (
                prepend apiSchemas = ["MaterialBindingAPI"]
            )
            {
                uniform bool doubleSided = 1
                float3[] extent = [(-0.03237764, -0.1095, 0.065), (-0.027622359, -0.1045, 0.073)]
                int[] faceVertexCounts = [4, 4, 4, 4, 4, 4, 4, 4, 4, 4, 10, 10]
                int[] faceVertexIndices = [0, 2, 3, 1, 2, 4, 5, 3, 4, 6, 7, 5, 6, 8, 9, 7, 8, 10, 11, 9, 10, 12, 13, 11, 12, 14, 15, 13, 14, 16, 17, 15, 16, 18, 19, 17, 18, 0, 1, 19, 18, 16, 14, 12, 10, 8, 6, 4, 2, 0, 1, 3, 5, 7, 9, 11, 13, 15, 17, 19]
                rel material:binding = </rc_car/Looks/led_r>
                point3f[] points = [(-0.03, -0.1045, 0.065), (-0.03, -0.1045, 0.073), (-0.031469464, -0.10497746, 0.065), (-0.031469464, -0.10497746, 0.073), (-0.03237764, -0.10622746, 0.065), (-0.03237764, -0.10622746, 0.073), (-0.03237764, -0.107772544, 0.065), (-0.03237764, -0.107772544, 0.073), (-0.031469464, -0.10902254, 0.065), (-0.031469464, -0.10902254, 0.073), (-0.03, -0.1095, 0.065), (-0.03, -0.1095, 0.073), (-0.028530536, -0.10902254, 0.065), (-0.028530536, -0.10902254, 0.073), (-0.027622359, -0.107772544, 0.065), (-0.027622359, -0.107772544, 0.073), (-0.027622359, -0.10622746, 0.065), (-0.027622359, -0.10622746, 0.073), (-0.028530536, -0.10497746, 0.065), (-0.028530536, -0.10497746, 0.073)]
                uniform token subdivisionScheme = "none"
            }

            def Mesh "status_led_2" (
                prepend apiSchemas = ["MaterialBindingAPI"]
            )
            {
                uniform bool doubleSided = 1
                float3[] extent = [(-0.03237764, -0.1015, 0.065), (-0.027622359, -0.0965, 0.073)]
                int[] faceVertexCounts = [4, 4, 4, 4, 4, 4, 4, 4, 4, 4, 10, 10]
                int[] faceVertexIndices = [0, 2, 3, 1, 2, 4, 5, 3, 4, 6, 7, 5, 6, 8, 9, 7, 8, 10, 11, 9, 10, 12, 13, 11, 12, 14, 15, 13, 14, 16, 17, 15, 16, 18, 19, 17, 18, 0, 1, 19, 18, 16, 14, 12, 10, 8, 6, 4, 2, 0, 1, 3, 5, 7, 9, 11, 13, 15, 17, 19]
                rel material:binding = </rc_car/Looks/led_g>
                point3f[] points = [(-0.03, -0.0965, 0.065), (-0.03, -0.0965, 0.073), (-0.031469464, -0.09697746, 0.065), (-0.031469464, -0.09697746, 0.073), (-0.03237764, -0.098227456, 0.065), (-0.03237764, -0.098227456, 0.073), (-0.03237764, -0.09977254, 0.065), (-0.03237764, -0.09977254, 0.073), (-0.031469464, -0.10102254, 0.065), (-0.031469464, -0.10102254, 0.073), (-0.03, -0.1015, 0.065), (-0.03, -0.1015, 0.073), (-0.028530536, -0.10102254, 0.065), (-0.028530536, -0.10102254, 0.073), (-0.027622359, -0.09977254, 0.065), (-0.027622359, -0.09977254, 0.073), (-0.027622359, -0.098227456, 0.065), (-0.027622359, -0.098227456, 0.073), (-0.028530536, -0.09697746, 0.065), (-0.028530536, -0.09697746, 0.073)]
                uniform token subdivisionScheme = "none"
            }

            def Mesh "power_meter_board" (
                prepend apiSchemas = ["MaterialBindingAPI"]
            )
            {
                uniform bool doubleSided = 1
                float3[] extent = [(-0.02, 0.101, 0.063), (0.03, 0.123, 0.066)]
                int[] faceVertexCounts = [4, 4, 4, 4, 4, 4]
                int[] faceVertexIndices = [0, 1, 3, 2, 4, 6, 7, 5, 0, 4, 5, 1, 2, 3, 7, 6, 0, 2, 6, 4, 1, 5, 7, 3]
                rel material:binding = </rc_car/Looks/pcb_blue>
                point3f[] points = [(-0.02, 0.101, 0.063), (-0.02, 0.101, 0.066), (-0.02, 0.123, 0.063), (-0.02, 0.123, 0.066), (0.03, 0.101, 0.063), (0.03, 0.101, 0.066), (0.03, 0.123, 0.063), (0.03, 0.123, 0.066)]
                uniform token subdivisionScheme = "none"
            }

            def Mesh "battery_plate" (
                prepend apiSchemas = ["MaterialBindingAPI"]
            )
            {
                uniform bool doubleSided = 1
                float3[] extent = [(-0.1275, -0.08, 0.08), (-0.0425, 0.08, 0.083)]
                int[] faceVertexCounts = [4, 4, 4, 4, 4, 4]
                int[] faceVertexIndices = [0, 1, 3, 2, 4, 6, 7, 5, 0, 4, 5, 1, 2, 3, 7, 6, 0, 2, 6, 4, 1, 5, 7, 3]
                rel material:binding = </rc_car/Looks/wood>
                point3f[] points = [(-0.1275, -0.08, 0.08), (-0.1275, -0.08, 0.083), (-0.1275, 0.08, 0.08), (-0.1275, 0.08, 0.083), (-0.0425, -0.08, 0.08), (-0.0425, -0.08, 0.083), (-0.0425, 0.08, 0.08), (-0.0425, 0.08, 0.083)]
                uniform token subdivisionScheme = "none"
            }

            def Mesh "battery_standoffs" (
                prepend apiSchemas = ["MaterialBindingAPI"]
            )
            {
                uniform bool doubleSided = 1
                float3[] extent = [(-0.1233287, -0.0735, 0.063), (-0.0466713, 0.0735, 0.08)]
                int[] faceVertexCounts = [4, 4, 4, 4, 4, 4, 4, 4, 4, 4, 10, 10, 4, 4, 4, 4, 4, 4, 4, 4, 4, 4, 10, 10, 4, 4, 4, 4, 4, 4, 4, 4, 4, 4, 10, 10, 4, 4, 4, 4, 4, 4, 4, 4, 4, 4, 10, 10]
                int[] faceVertexIndices = [0, 2, 3, 1, 2, 4, 5, 3, 4, 6, 7, 5, 6, 8, 9, 7, 8, 10, 11, 9, 10, 12, 13, 11, 12, 14, 15, 13, 14, 16, 17, 15, 16, 18, 19, 17, 18, 0, 1, 19, 18, 16, 14, 12, 10, 8, 6, 4, 2, 0, 1, 3, 5, 7, 9, 11, 13, 15, 17, 19, 20, 22, 23, 21, 22, 24, 25, 23, 24, 26, 27, 25, 26, 28, 29, 27, 28, 30, 31, 29, 30, 32, 33, 31, 32, 34, 35, 33, 34, 36, 37, 35, 36, 38, 39, 37, 38, 20, 21, 39, 38, 36, 34, 32, 30, 28, 26, 24, 22, 20, 21, 23, 25, 27, 29, 31, 33, 35, 37, 39, 40, 42, 43, 41, 42, 44, 45, 43, 44, 46, 47, 45, 46, 48, 49, 47, 48, 50, 51, 49, 50, 52, 53, 51, 52, 54, 55, 53, 54, 56, 57, 55, 56, 58, 59, 57, 58, 40, 41, 59, 58, 56, 54, 52, 50, 48, 46, 44, 42, 40, 41, 43, 45, 47, 49, 51, 53, 55, 57, 59, 60, 62, 63, 61, 62, 64, 65, 63, 64, 66, 67, 65, 66, 68, 69, 67, 68, 70, 71, 69, 70, 72, 73, 71, 72, 74, 75, 73, 74, 76, 77, 75, 76, 78, 79, 77, 78, 60, 61, 79, 78, 76, 74, 72, 70, 68, 66, 64, 62, 60, 61, 63, 65, 67, 69, 71, 73, 75, 77, 79]
                rel material:binding = </rc_car/Looks/white>
                point3f[] points = [(-0.12, 0.0735, 0.063), (-0.12, 0.0735, 0.08), (-0.12205725, 0.072831556, 0.063), (-0.12205725, 0.072831556, 0.08), (-0.1233287, 0.07108156, 0.063), (-0.1233287, 0.07108156, 0.08), (-0.1233287, 0.068918444, 0.063), (-0.1233287, 0.068918444, 0.08), (-0.12205725, 0.06716844, 0.063), (-0.12205725, 0.06716844, 0.08), (-0.12, 0.0665, 0.063), (-0.12, 0.0665, 0.08), (-0.11794275, 0.06716844, 0.063), (-0.11794275, 0.06716844, 0.08), (-0.1166713, 0.068918444, 0.063), (-0.1166713, 0.068918444, 0.08), (-0.1166713, 0.07108156, 0.063), (-0.1166713, 0.07108156, 0.08), (-0.11794275, 0.072831556, 0.063), (-0.11794275, 0.072831556, 0.08), (-0.12, -0.0665, 0.063), (-0.12, -0.0665, 0.08), (-0.12205725, -0.06716844, 0.063), (-0.12205725, -0.06716844, 0.08), (-0.1233287, -0.068918444, 0.063), (-0.1233287, -0.068918444, 0.08), (-0.1233287, -0.07108156, 0.063), (-0.1233287, -0.07108156, 0.08), (-0.12205725, -0.072831556, 0.063), (-0.12205725, -0.072831556, 0.08), (-0.12, -0.0735, 0.063), (-0.12, -0.0735, 0.08), (-0.11794275, -0.072831556, 0.063), (-0.11794275, -0.072831556, 0.08), (-0.1166713, -0.07108156, 0.063), (-0.1166713, -0.07108156, 0.08), (-0.1166713, -0.068918444, 0.063), (-0.1166713, -0.068918444, 0.08), (-0.11794275, -0.06716844, 0.063), (-0.11794275, -0.06716844, 0.08), (-0.05, 0.0735, 0.063), (-0.05, 0.0735, 0.08), (-0.052057248, 0.072831556, 0.063), (-0.052057248, 0.072831556, 0.08), (-0.053328697, 0.07108156, 0.063), (-0.053328697, 0.07108156, 0.08), (-0.053328697, 0.068918444, 0.063), (-0.053328697, 0.068918444, 0.08), (-0.052057248, 0.06716844, 0.063), (-0.052057248, 0.06716844, 0.08), (-0.05, 0.0665, 0.063), (-0.05, 0.0665, 0.08), (-0.04794275, 0.06716844, 0.063), (-0.04794275, 0.06716844, 0.08), (-0.0466713, 0.068918444, 0.063), (-0.0466713, 0.068918444, 0.08), (-0.0466713, 0.07108156, 0.063), (-0.0466713, 0.07108156, 0.08), (-0.04794275, 0.072831556, 0.063), (-0.04794275, 0.072831556, 0.08), (-0.05, -0.0665, 0.063), (-0.05, -0.0665, 0.08), (-0.052057248, -0.06716844, 0.063), (-0.052057248, -0.06716844, 0.08), (-0.053328697, -0.068918444, 0.063), (-0.053328697, -0.068918444, 0.08), (-0.053328697, -0.07108156, 0.063), (-0.053328697, -0.07108156, 0.08), (-0.052057248, -0.072831556, 0.063), (-0.052057248, -0.072831556, 0.08), (-0.05, -0.0735, 0.063), (-0.05, -0.0735, 0.08), (-0.04794275, -0.072831556, 0.063), (-0.04794275, -0.072831556, 0.08), (-0.0466713, -0.07108156, 0.063), (-0.0466713, -0.07108156, 0.08), (-0.0466713, -0.068918444, 0.063), (-0.0466713, -0.068918444, 0.08), (-0.04794275, -0.06716844, 0.063), (-0.04794275, -0.06716844, 0.08)]
                uniform token subdivisionScheme = "none"
            }

            def Mesh "gps16344_board" (
                prepend apiSchemas = ["MaterialBindingAPI"]
            )
            {
                uniform bool doubleSided = 1
                float3[] extent = [(-0.1065, -0.0215, 0.0637), (-0.0635, 0.0215, 0.0653)]
                int[] faceVertexCounts = [4, 4, 4, 4, 4, 4]
                int[] faceVertexIndices = [0, 1, 3, 2, 4, 6, 7, 5, 0, 4, 5, 1, 2, 3, 7, 6, 0, 2, 6, 4, 1, 5, 7, 3]
                rel material:binding = </rc_car/Looks/pcb_red>
                point3f[] points = [(-0.1065, -0.0215, 0.0637), (-0.1065, -0.0215, 0.0653), (-0.1065, 0.0215, 0.0637), (-0.1065, 0.0215, 0.0653), (-0.0635, -0.0215, 0.0637), (-0.0635, -0.0215, 0.0653), (-0.0635, 0.0215, 0.0637), (-0.0635, 0.0215, 0.0653)]
                uniform token subdivisionScheme = "none"
            }

            def Mesh "gps16344_module" (
                prepend apiSchemas = ["MaterialBindingAPI"]
            )
            {
                uniform bool doubleSided = 1
                float3[] extent = [(-0.096, -0.0085, 0.06525), (-0.074, 0.0085, 0.06975)]
                int[] faceVertexCounts = [4, 4, 4, 4, 4, 4]
                int[] faceVertexIndices = [0, 1, 3, 2, 4, 6, 7, 5, 0, 4, 5, 1, 2, 3, 7, 6, 0, 2, 6, 4, 1, 5, 7, 3]
                rel material:binding = </rc_car/Looks/steel>
                point3f[] points = [(-0.096, -0.0085, 0.06525), (-0.096, -0.0085, 0.06975), (-0.096, 0.0085, 0.06525), (-0.096, 0.0085, 0.06975), (-0.074, -0.0085, 0.06525), (-0.074, -0.0085, 0.06975), (-0.074, 0.0085, 0.06525), (-0.074, 0.0085, 0.06975)]
                uniform token subdivisionScheme = "none"
            }

            def Mesh "battery_ctb21cap" (
                prepend apiSchemas = ["MaterialBindingAPI"]
            )
            {
                uniform bool doubleSided = 1
                float3[] extent = [(-0.122, -0.075, 0.083), (-0.048, 0.075, 0.119)]
                int[] faceVertexCounts = [4, 4, 4, 4, 4, 4]
                int[] faceVertexIndices = [0, 1, 3, 2, 4, 6, 7, 5, 0, 4, 5, 1, 2, 3, 7, 6, 0, 2, 6, 4, 1, 5, 7, 3]
                rel material:binding = </rc_car/Looks/battery>
                point3f[] points = [(-0.122, -0.075, 0.083), (-0.122, -0.075, 0.119), (-0.122, 0.075, 0.083), (-0.122, 0.075, 0.119), (-0.048, -0.075, 0.083), (-0.048, -0.075, 0.119), (-0.048, 0.075, 0.083), (-0.048, 0.075, 0.119)]
                uniform token subdivisionScheme = "none"
            }

            def Mesh "battery_straps" (
                prepend apiSchemas = ["MaterialBindingAPI"]
            )
            {
                uniform bool doubleSided = 1
                float3[] extent = [(-0.12325, -0.051, 0.08175), (-0.04675, 0.051, 0.12025)]
                int[] faceVertexCounts = [4, 4, 4, 4, 4, 4, 4, 4, 4, 4, 4, 4]
                int[] faceVertexIndices = [0, 1, 3, 2, 4, 6, 7, 5, 0, 4, 5, 1, 2, 3, 7, 6, 0, 2, 6, 4, 1, 5, 7, 3, 8, 9, 11, 10, 12, 14, 15, 13, 8, 12, 13, 9, 10, 11, 15, 14, 8, 10, 14, 12, 9, 13, 15, 11]
                rel material:binding = </rc_car/Looks/strap>
                point3f[] points = [(-0.12325, 0.033, 0.08175), (-0.12325, 0.033, 0.12025), (-0.12325, 0.051, 0.08175), (-0.12325, 0.051, 0.12025), (-0.04675, 0.033, 0.08175), (-0.04675, 0.033, 0.12025), (-0.04675, 0.051, 0.08175), (-0.04675, 0.051, 0.12025), (-0.12325, -0.051, 0.08175), (-0.12325, -0.051, 0.12025), (-0.12325, -0.033, 0.08175), (-0.12325, -0.033, 0.12025), (-0.04675, -0.051, 0.08175), (-0.04675, -0.051, 0.12025), (-0.04675, -0.033, 0.08175), (-0.04675, -0.033, 0.12025)]
                uniform token subdivisionScheme = "none"
            }

            def Mesh "rear_wing" (
                prepend apiSchemas = ["MaterialBindingAPI"]
            )
            {
                uniform bool doubleSided = 1
                float3[] extent = [(-0.26658246, -0.0965, 0.033846155), (-0.19941753, 0.0965, 0.11505125)]
                int[] faceVertexCounts = [4, 4, 4, 4, 4, 4, 4, 4, 4, 4, 4, 4, 4, 4, 4, 4, 4, 4, 4, 4, 8, 8, 4, 4, 4, 4, 4, 4, 4, 4, 4, 4, 4, 4, 4, 4, 8, 8]
                int[] faceVertexIndices = [0, 1, 3, 2, 4, 6, 7, 5, 0, 4, 5, 1, 2, 3, 7, 6, 0, 2, 6, 4, 1, 5, 7, 3, 8, 9, 11, 10, 12, 14, 15, 13, 8, 12, 13, 9, 10, 11, 15, 14, 8, 10, 14, 12, 9, 13, 15, 11, 16, 18, 19, 17, 18, 20, 21, 19, 20, 22, 23, 21, 22, 24, 25, 23, 24, 26, 27, 25, 26, 28, 29, 27, 28, 30, 31, 29, 30, 16, 17, 31, 30, 28, 26, 24, 22, 20, 18, 16, 17, 19, 21, 23, 25, 27, 29, 31, 32, 33, 35, 34, 36, 38, 39, 37, 32, 36, 37, 33, 34, 35, 39, 38, 32, 34, 38, 36, 33, 37, 39, 35, 40, 42, 43, 41, 42, 44, 45, 43, 44, 46, 47, 45, 46, 48, 49, 47, 48, 50, 51, 49, 50, 52, 53, 51, 52, 54, 55, 53, 54, 40, 41, 55, 54, 52, 50, 48, 46, 44, 42, 40, 41, 43, 45, 47, 49, 51, 53, 55]
                rel material:binding = </rc_car/Looks/plastic_blk>
                point3f[] points = [(-0.25916606, -0.095, 0.07992094), (-0.26009312, -0.095, 0.08277411), (-0.25916606, 0.095, 0.07992094), (-0.26009312, 0.095, 0.08277411), (-0.2059069, -0.095, 0.09722589), (-0.20683394, -0.095, 0.10007906), (-0.2059069, 0.095, 0.09722589), (-0.20683394, 0.095, 0.10007906), (-0.2526767, 0.0935, 0.05494875), (-0.26658246, 0.0935, 0.0977463), (-0.2526767, 0.0965, 0.05494875), (-0.26658246, 0.0965, 0.0977463), (-0.19941753, 0.0935, 0.072253704), (-0.2133233, 0.0935, 0.11505125), (-0.19941753, 0.0965, 0.072253704), (-0.2133233, 0.0965, 0.11505125), (-0.205, 0.028, 0.035), (-0.225, 0.028, 0.083), (-0.20695814, 0.02712132, 0.03418411), (-0.22695814, 0.02712132, 0.082184106), (-0.20776923, 0.025, 0.033846155), (-0.22776923, 0.025, 0.081846155), (-0.20695814, 0.02287868, 0.03418411), (-0.22695814, 0.02287868, 0.082184106), (-0.205, 0.022, 0.035), (-0.225, 0.022, 0.083), (-0.20304185, 0.02287868, 0.03581589), (-0.22304186, 0.02287868, 0.083815895), (-0.20223077, 0.025, 0.036153845), (-0.22223076, 0.025, 0.084153846), (-0.20304185, 0.02712132, 0.03581589), (-0.22304186, 0.02712132, 0.083815895), (-0.2526767, -0.0965, 0.05494875), (-0.26658246, -0.0965, 0.0977463), (-0.2526767, -0.0935, 0.05494875), (-0.26658246, -0.0935, 0.0977463), (-0.19941753, -0.0965, 0.072253704), (-0.2133233, -0.0965, 0.11505125), (-0.19941753, -0.0935, 0.072253704), (-0.2133233, -0.0935, 0.11505125), (-0.205, -0.022, 0.035), (-0.225, -0.022, 0.083), (-0.20695814, -0.02287868, 0.03418411), (-0.22695814, -0.02287868, 0.082184106), (-0.20776923, -0.025, 0.033846155), (-0.22776923, -0.025, 0.081846155), (-0.20695814, -0.02712132, 0.03418411), (-0.22695814, -0.02712132, 0.082184106), (-0.205, -0.028, 0.035), (-0.225, -0.028, 0.083), (-0.20304185, -0.02712132, 0.03581589), (-0.22304186, -0.02712132, 0.083815895), (-0.20223077, -0.025, 0.036153845), (-0.22223076, -0.025, 0.084153846), (-0.20304185, -0.02287868, 0.03581589), (-0.22304186, -0.02287868, 0.083815895)]
                uniform token subdivisionScheme = "none"
            }

            def Mesh "gnss_mast" (
                prepend apiSchemas = ["MaterialBindingAPI"]
            )
            {
                uniform bool doubleSided = 1
                float3[] extent = [(-0.212, 0.005, 0.063), (-0.202, 0.015, 0.167)]
                int[] faceVertexCounts = [4, 4, 4, 4, 4, 4, 4, 4, 4, 4, 4, 4, 12, 12]
                int[] faceVertexIndices = [0, 2, 3, 1, 2, 4, 5, 3, 4, 6, 7, 5, 6, 8, 9, 7, 8, 10, 11, 9, 10, 12, 13, 11, 12, 14, 15, 13, 14, 16, 17, 15, 16, 18, 19, 17, 18, 20, 21, 19, 20, 22, 23, 21, 22, 0, 1, 23, 22, 20, 18, 16, 14, 12, 10, 8, 6, 4, 2, 0, 1, 3, 5, 7, 9, 11, 13, 15, 17, 19, 21, 23]
                rel material:binding = </rc_car/Looks/plastic_blk>
                point3f[] points = [(-0.207, 0.015, 0.063), (-0.207, 0.015, 0.167), (-0.2095, 0.014330127, 0.063), (-0.2095, 0.014330127, 0.167), (-0.21133013, 0.0125, 0.063), (-0.21133013, 0.0125, 0.167), (-0.212, 0.01, 0.063), (-0.212, 0.01, 0.167), (-0.21133013, 0.0075, 0.063), (-0.21133013, 0.0075, 0.167), (-0.2095, 0.005669873, 0.063), (-0.2095, 0.005669873, 0.167), (-0.207, 0.005, 0.063), (-0.207, 0.005, 0.167), (-0.2045, 0.005669873, 0.063), (-0.2045, 0.005669873, 0.167), (-0.20266987, 0.0075, 0.063), (-0.20266987, 0.0075, 0.167), (-0.202, 0.01, 0.063), (-0.202, 0.01, 0.167), (-0.20266987, 0.0125, 0.063), (-0.20266987, 0.0125, 0.167), (-0.2045, 0.014330127, 0.063), (-0.2045, 0.014330127, 0.167)]
                uniform token subdivisionScheme = "none"
            }

            def Mesh "gnss_antenna" (
                prepend apiSchemas = ["MaterialBindingAPI"]
            )
            {
                uniform bool doubleSided = 1
                float3[] extent = [(-0.251, -0.021, 0.167), (-0.163, 0.041, 0.185)]
                int[] faceVertexCounts = [4, 4, 4, 4, 4, 4, 4, 4, 4, 4, 4, 4]
                int[] faceVertexIndices = [0, 1, 3, 2, 4, 6, 7, 5, 0, 4, 5, 1, 2, 3, 7, 6, 0, 2, 6, 4, 1, 5, 7, 3, 8, 9, 11, 10, 12, 14, 15, 13, 8, 12, 13, 9, 10, 11, 15, 14, 8, 10, 14, 12, 9, 13, 15, 11]
                rel material:binding = </rc_car/Looks/plastic_blk>
                point3f[] points = [(-0.238, -0.021, 0.167), (-0.238, -0.021, 0.185), (-0.238, 0.041, 0.167), (-0.238, 0.041, 0.185), (-0.176, -0.021, 0.167), (-0.176, -0.021, 0.185), (-0.176, 0.041, 0.167), (-0.176, 0.041, 0.185), (-0.251, 0, 0.167), (-0.251, 0, 0.171), (-0.251, 0.02, 0.167), (-0.251, 0.02, 0.171), (-0.163, 0, 0.167), (-0.163, 0, 0.171), (-0.163, 0.02, 0.167), (-0.163, 0.02, 0.171)]
                uniform token subdivisionScheme = "none"
            }

            def Mesh "gnss_cable_coil" (
                prepend apiSchemas = ["MaterialBindingAPI"]
            )
            {
                uniform bool doubleSided = 1
                float3[] extent = [(-0.214, -0.021, 0.079), (-0.2, 0.051, 0.151)]
                int[] faceVertexCounts = [4, 4, 4, 4, 4, 4, 4, 4, 4, 4, 4, 4, 4, 4, 4, 4, 4, 4, 4, 4, 4, 4, 4, 4, 4, 4, 4, 4, 4, 4, 4, 4, 4, 4, 4, 4, 4, 4, 4, 4, 4, 4, 4, 4, 4, 4, 4, 4, 4, 4, 4, 4, 4, 4, 4, 4, 4, 4, 4, 4, 4, 4, 4, 4, 4, 4, 4, 4, 4, 4, 4, 4, 4, 4, 4, 4, 4, 4, 4, 4, 4, 4, 4, 4, 4, 4, 4, 4, 4, 4, 4, 4, 4, 4, 4, 4, 4, 4, 4, 4, 4, 4, 4, 4, 4, 4, 4, 4, 4, 4, 4, 4, 4, 4, 4, 4, 4, 4, 4, 4, 4, 4, 4, 4, 4, 4, 4, 4, 4, 4, 4, 4, 4, 4, 4, 4, 4, 4, 4, 4, 4, 4, 4, 4, 4, 4, 4, 4, 4, 4, 4, 4, 4, 4, 4, 4, 4, 4, 4, 4, 4, 4, 4, 4, 4, 4, 4, 4, 4, 4, 4, 4, 4, 4, 4, 4, 4, 4, 4, 4, 4, 4, 4, 4, 4, 4, 4, 4, 4, 4, 4, 4, 4, 4, 4, 4, 4, 4, 4, 4, 4, 4, 4, 4, 4, 4, 4, 4, 4, 4, 4, 4, 4, 4, 4, 4, 4, 4, 4, 4, 4, 4, 4, 4, 4, 4, 4, 4, 4, 4, 4, 4, 4, 4, 4, 4, 4, 4, 4, 4, 4, 4, 4, 4, 4, 4, 4, 4, 4, 4, 4, 4, 4, 4, 4, 4, 4, 4, 4, 4, 4, 4, 4, 4, 4, 4, 4, 4, 4, 4, 4, 4, 4, 4, 4, 4, 4, 4, 4, 4, 4, 4, 4, 4, 4, 4, 4, 4, 4, 4, 4, 4, 4, 4, 4, 4, 4, 4, 4, 4, 4, 4, 4, 4, 4, 4, 4, 4, 4, 4, 4, 4, 4, 4, 4, 4, 4, 4, 4, 4, 4, 4, 4, 4, 4, 4, 4, 4, 4, 4, 4, 4, 4, 4, 4, 4, 4, 4, 4, 4, 4, 4, 4, 4, 4, 4, 4, 4, 4, 4, 4, 4, 4, 4, 4, 4, 4, 4, 4, 4, 4, 4, 4, 4, 4, 4, 4, 4, 4, 4, 4, 4, 4, 4, 4, 4, 4, 4, 4, 4, 4, 4, 4, 4, 4, 4, 4, 4, 4, 4, 4, 4, 4, 4, 4, 4, 4, 4, 4, 4, 4, 4, 4, 4, 4, 4, 4, 4, 4, 4, 4, 4, 4, 4, 4, 4, 4, 4, 4, 4, 4, 4, 4, 4, 4, 4, 4, 4, 4, 4, 4, 4, 4, 4, 4, 4, 4, 4, 4, 4, 4, 4, 4, 4, 4, 4, 4, 4, 4, 4, 4, 4, 4, 4, 4, 4, 4, 4, 4, 4, 4, 4, 4, 4, 4, 4, 4, 4, 4, 4, 4, 4, 4, 4, 4, 4, 4, 4, 4, 4, 4, 4, 4, 4, 4, 4, 4, 4, 4, 4, 4, 4, 4, 4, 4, 4, 4, 4, 4, 4, 4, 4, 4, 4, 4, 4, 4, 4, 4, 4, 4, 4, 4, 4, 4, 4, 4, 4, 4, 4, 4, 4, 4, 4, 4, 4, 4, 4, 4, 4, 4, 4, 4, 4, 4, 4, 4, 4, 4, 4, 4, 4, 4, 4, 4, 4, 4, 4, 4, 4, 4, 4, 4, 4, 4, 4, 4, 4, 4, 4, 4, 4, 4, 4, 4, 4, 4, 4, 4, 4, 4, 4, 4, 4, 4, 4, 4, 4, 4, 4, 4, 4, 4, 4, 4, 4, 4, 4, 4, 4, 4, 4, 4, 4, 4, 4, 4, 4, 4, 4, 4, 4, 4, 4, 4, 4, 4, 4, 4, 4, 4, 4, 4, 4, 4, 4, 4, 4, 4, 4, 4, 4, 4, 4, 4, 4, 4, 4, 4, 4, 4, 4, 4, 4, 4, 4, 4, 4, 4, 4, 4, 4, 4, 4, 4, 4, 4, 4, 4, 4, 4, 4, 4, 4, 4, 4, 4, 4, 4, 4, 4, 4, 4, 4, 4, 4, 4, 4, 4, 4, 4, 4, 4, 4, 4, 4, 4, 4, 4, 4, 4, 4, 4, 4, 4, 4, 4, 4, 4, 4, 4, 4, 4, 4, 4, 4, 4, 4, 4, 4, 4, 4, 4, 4, 4, 4, 4, 4, 4, 4, 4, 4, 4, 4, 4, 4, 4, 4, 4, 4, 4, 4, 4, 4, 4, 4, 4, 4, 4, 4, 4, 4, 4, 4, 4, 4, 4, 4, 4, 4, 4, 4, 4, 4, 4, 4, 4, 4, 4, 4, 4, 4, 4, 4, 4, 4, 4, 4, 4, 4, 4, 4, 4, 4, 4, 4, 4, 4]
                int[] faceVertexIndices = [0, 8, 9, 1, 1, 9, 10, 2, 2, 10, 11, 3, 3, 11, 12, 4, 4, 12, 13, 5, 5, 13, 14, 6, 6, 14, 15, 7, 7, 15, 8, 0, 8, 16, 17, 9, 9, 17, 18, 10, 10, 18, 19, 11, 11, 19, 20, 12, 12, 20, 21, 13, 13, 21, 22, 14, 14, 22, 23, 15, 15, 23, 16, 8, 16, 24, 25, 17, 17, 25, 26, 18, 18, 26, 27, 19, 19, 27, 28, 20, 20, 28, 29, 21, 21, 29, 30, 22, 22, 30, 31, 23, 23, 31, 24, 16, 24, 32, 33, 25, 25, 33, 34, 26, 26, 34, 35, 27, 27, 35, 36, 28, 28, 36, 37, 29, 29, 37, 38, 30, 30, 38, 39, 31, 31, 39, 32, 24, 32, 40, 41, 33, 33, 41, 42, 34, 34, 42, 43, 35, 35, 43, 44, 36, 36, 44, 45, 37, 37, 45, 46, 38, 38, 46, 47, 39, 39, 47, 40, 32, 40, 48, 49, 41, 41, 49, 50, 42, 42, 50, 51, 43, 43, 51, 52, 44, 44, 52, 53, 45, 45, 53, 54, 46, 46, 54, 55, 47, 47, 55, 48, 40, 48, 56, 57, 49, 49, 57, 58, 50, 50, 58, 59, 51, 51, 59, 60, 52, 52, 60, 61, 53, 53, 61, 62, 54, 54, 62, 63, 55, 55, 63, 56, 48, 56, 64, 65, 57, 57, 65, 66, 58, 58, 66, 67, 59, 59, 67, 68, 60, 60, 68, 69, 61, 61, 69, 70, 62, 62, 70, 71, 63, 63, 71, 64, 56, 64, 72, 73, 65, 65, 73, 74, 66, 66, 74, 75, 67, 67, 75, 76, 68, 68, 76, 77, 69, 69, 77, 78, 70, 70, 78, 79, 71, 71, 79, 72, 64, 72, 80, 81, 73, 73, 81, 82, 74, 74, 82, 83, 75, 75, 83, 84, 76, 76, 84, 85, 77, 77, 85, 86, 78, 78, 86, 87, 79, 79, 87, 80, 72, 80, 88, 89, 81, 81, 89, 90, 82, 82, 90, 91, 83, 83, 91, 92, 84, 84, 92, 93, 85, 85, 93, 94, 86, 86, 94, 95, 87, 87, 95, 88, 80, 88, 96, 97, 89, 89, 97, 98, 90, 90, 98, 99, 91, 91, 99, 100, 92, 92, 100, 101, 93, 93, 101, 102, 94, 94, 102, 103, 95, 95, 103, 96, 88, 96, 104, 105, 97, 97, 105, 106, 98, 98, 106, 107, 99, 99, 107, 108, 100, 100, 108, 109, 101, 101, 109, 110, 102, 102, 110, 111, 103, 103, 111, 104, 96, 104, 112, 113, 105, 105, 113, 114, 106, 106, 114, 115, 107, 107, 115, 116, 108, 108, 116, 117, 109, 109, 117, 118, 110, 110, 118, 119, 111, 111, 119, 112, 104, 112, 120, 121, 113, 113, 121, 122, 114, 114, 122, 123, 115, 115, 123, 124, 116, 116, 124, 125, 117, 117, 125, 126, 118, 118, 126, 127, 119, 119, 127, 120, 112, 120, 128, 129, 121, 121, 129, 130, 122, 122, 130, 131, 123, 123, 131, 132, 124, 124, 132, 133, 125, 125, 133, 134, 126, 126, 134, 135, 127, 127, 135, 128, 120, 128, 136, 137, 129, 129, 137, 138, 130, 130, 138, 139, 131, 131, 139, 140, 132, 132, 140, 141, 133, 133, 141, 142, 134, 134, 142, 143, 135, 135, 143, 136, 128, 136, 144, 145, 137, 137, 145, 146, 138, 138, 146, 147, 139, 139, 147, 148, 140, 140, 148, 149, 141, 141, 149, 150, 142, 142, 150, 151, 143, 143, 151, 144, 136, 144, 152, 153, 145, 145, 153, 154, 146, 146, 154, 155, 147, 147, 155, 156, 148, 148, 156, 157, 149, 149, 157, 158, 150, 150, 158, 159, 151, 151, 159, 152, 144, 152, 160, 161, 153, 153, 161, 162, 154, 154, 162, 163, 155, 155, 163, 164, 156, 156, 164, 165, 157, 157, 165, 166, 158, 158, 166, 167, 159, 159, 167, 160, 152, 160, 168, 169, 161, 161, 169, 170, 162, 162, 170, 171, 163, 163, 171, 172, 164, 164, 172, 173, 165, 165, 173, 174, 166, 166, 174, 175, 167, 167, 175, 168, 160, 168, 176, 177, 169, 169, 177, 178, 170, 170, 178, 179, 171, 171, 179, 180, 172, 172, 180, 181, 173, 173, 181, 182, 174, 174, 182, 183, 175, 175, 183, 176, 168, 176, 184, 185, 177, 177, 185, 186, 178, 178, 186, 187, 179, 179, 187, 188, 180, 180, 188, 189, 181, 181, 189, 190, 182, 182, 190, 191, 183, 183, 191, 184, 176, 184, 192, 193, 185, 185, 193, 194, 186, 186, 194, 195, 187, 187, 195, 196, 188, 188, 196, 197, 189, 189, 197, 198, 190, 190, 198, 199, 191, 191, 199, 192, 184, 192, 200, 201, 193, 193, 201, 202, 194, 194, 202, 203, 195, 195, 203, 204, 196, 196, 204, 205, 197, 197, 205, 206, 198, 198, 206, 207, 199, 199, 207, 200, 192, 200, 208, 209, 201, 201, 209, 210, 202, 202, 210, 211, 203, 203, 211, 212, 204, 204, 212, 213, 205, 205, 213, 214, 206, 206, 214, 215, 207, 207, 215, 208, 200, 208, 216, 217, 209, 209, 217, 218, 210, 210, 218, 219, 211, 211, 219, 220, 212, 212, 220, 221, 213, 213, 221, 222, 214, 214, 222, 223, 215, 215, 223, 216, 208, 216, 224, 225, 217, 217, 225, 226, 218, 218, 226, 227, 219, 219, 227, 228, 220, 220, 228, 229, 221, 221, 229, 230, 222, 222, 230, 231, 223, 223, 231, 224, 216, 224, 232, 233, 225, 225, 233, 234, 226, 226, 234, 235, 227, 227, 235, 236, 228, 228, 236, 237, 229, 229, 237, 238, 230, 230, 238, 239, 231, 231, 239, 232, 224, 232, 240, 241, 233, 233, 241, 242, 234, 234, 242, 243, 235, 235, 243, 244, 236, 236, 244, 245, 237, 237, 245, 246, 238, 238, 246, 247, 239, 239, 247, 240, 232, 240, 248, 249, 241, 241, 249, 250, 242, 242, 250, 251, 243, 243, 251, 252, 244, 244, 252, 253, 245, 245, 253, 254, 246, 246, 254, 255, 247, 247, 255, 248, 240, 248, 0, 1, 249, 249, 1, 2, 250, 250, 2, 3, 251, 251, 3, 4, 252, 252, 4, 5, 253, 253, 5, 6, 254, 254, 6, 7, 255, 255, 7, 0, 248, 256, 264, 265, 257, 257, 265, 266, 258, 258, 266, 267, 259, 259, 267, 268, 260, 260, 268, 269, 261, 261, 269, 270, 262, 262, 270, 271, 263, 263, 271, 264, 256, 264, 272, 273, 265, 265, 273, 274, 266, 266, 274, 275, 267, 267, 275, 276, 268, 268, 276, 277, 269, 269, 277, 278, 270, 270, 278, 279, 271, 271, 279, 272, 264, 272, 280, 281, 273, 273, 281, 282, 274, 274, 282, 283, 275, 275, 283, 284, 276, 276, 284, 285, 277, 277, 285, 286, 278, 278, 286, 287, 279, 279, 287, 280, 272, 280, 288, 289, 281, 281, 289, 290, 282, 282, 290, 291, 283, 283, 291, 292, 284, 284, 292, 293, 285, 285, 293, 294, 286, 286, 294, 295, 287, 287, 295, 288, 280, 288, 296, 297, 289, 289, 297, 298, 290, 290, 298, 299, 291, 291, 299, 300, 292, 292, 300, 301, 293, 293, 301, 302, 294, 294, 302, 303, 295, 295, 303, 296, 288, 296, 304, 305, 297, 297, 305, 306, 298, 298, 306, 307, 299, 299, 307, 308, 300, 300, 308, 309, 301, 301, 309, 310, 302, 302, 310, 311, 303, 303, 311, 304, 296, 304, 312, 313, 305, 305, 313, 314, 306, 306, 314, 315, 307, 307, 315, 316, 308, 308, 316, 317, 309, 309, 317, 318, 310, 310, 318, 319, 311, 311, 319, 312, 304, 312, 320, 321, 313, 313, 321, 322, 314, 314, 322, 323, 315, 315, 323, 324, 316, 316, 324, 325, 317, 317, 325, 326, 318, 318, 326, 327, 319, 319, 327, 320, 312, 320, 328, 329, 321, 321, 329, 330, 322, 322, 330, 331, 323, 323, 331, 332, 324, 324, 332, 333, 325, 325, 333, 334, 326, 326, 334, 335, 327, 327, 335, 328, 320, 328, 336, 337, 329, 329, 337, 338, 330, 330, 338, 339, 331, 331, 339, 340, 332, 332, 340, 341, 333, 333, 341, 342, 334, 334, 342, 343, 335, 335, 343, 336, 328, 336, 344, 345, 337, 337, 345, 346, 338, 338, 346, 347, 339, 339, 347, 348, 340, 340, 348, 349, 341, 341, 349, 350, 342, 342, 350, 351, 343, 343, 351, 344, 336, 344, 352, 353, 345, 345, 353, 354, 346, 346, 354, 355, 347, 347, 355, 356, 348, 348, 356, 357, 349, 349, 357, 358, 350, 350, 358, 359, 351, 351, 359, 352, 344, 352, 360, 361, 353, 353, 361, 362, 354, 354, 362, 363, 355, 355, 363, 364, 356, 356, 364, 365, 357, 357, 365, 366, 358, 358, 366, 367, 359, 359, 367, 360, 352, 360, 368, 369, 361, 361, 369, 370, 362, 362, 370, 371, 363, 363, 371, 372, 364, 364, 372, 373, 365, 365, 373, 374, 366, 366, 374, 375, 367, 367, 375, 368, 360, 368, 376, 377, 369, 369, 377, 378, 370, 370, 378, 379, 371, 371, 379, 380, 372, 372, 380, 381, 373, 373, 381, 382, 374, 374, 382, 383, 375, 375, 383, 376, 368, 376, 384, 385, 377, 377, 385, 386, 378, 378, 386, 387, 379, 379, 387, 388, 380, 380, 388, 389, 381, 381, 389, 390, 382, 382, 390, 391, 383, 383, 391, 384, 376, 384, 392, 393, 385, 385, 393, 394, 386, 386, 394, 395, 387, 387, 395, 396, 388, 388, 396, 397, 389, 389, 397, 398, 390, 390, 398, 399, 391, 391, 399, 392, 384, 392, 400, 401, 393, 393, 401, 402, 394, 394, 402, 403, 395, 395, 403, 404, 396, 396, 404, 405, 397, 397, 405, 406, 398, 398, 406, 407, 399, 399, 407, 400, 392, 400, 408, 409, 401, 401, 409, 410, 402, 402, 410, 411, 403, 403, 411, 412, 404, 404, 412, 413, 405, 405, 413, 414, 406, 406, 414, 415, 407, 407, 415, 408, 400, 408, 416, 417, 409, 409, 417, 418, 410, 410, 418, 419, 411, 411, 419, 420, 412, 412, 420, 421, 413, 413, 421, 422, 414, 414, 422, 423, 415, 415, 423, 416, 408, 416, 424, 425, 417, 417, 425, 426, 418, 418, 426, 427, 419, 419, 427, 428, 420, 420, 428, 429, 421, 421, 429, 430, 422, 422, 430, 431, 423, 423, 431, 424, 416, 424, 432, 433, 425, 425, 433, 434, 426, 426, 434, 435, 427, 427, 435, 436, 428, 428, 436, 437, 429, 429, 437, 438, 430, 430, 438, 439, 431, 431, 439, 432, 424, 432, 440, 441, 433, 433, 441, 442, 434, 434, 442, 443, 435, 435, 443, 444, 436, 436, 444, 445, 437, 437, 445, 446, 438, 438, 446, 447, 439, 439, 447, 440, 432, 440, 448, 449, 441, 441, 449, 450, 442, 442, 450, 451, 443, 443, 451, 452, 444, 444, 452, 453, 445, 445, 453, 454, 446, 446, 454, 455, 447, 447, 455, 448, 440, 448, 456, 457, 449, 449, 457, 458, 450, 450, 458, 459, 451, 451, 459, 460, 452, 452, 460, 461, 453, 453, 461, 462, 454, 454, 462, 463, 455, 455, 463, 456, 448, 456, 464, 465, 457, 457, 465, 466, 458, 458, 466, 467, 459, 459, 467, 468, 460, 460, 468, 469, 461, 461, 469, 470, 462, 462, 470, 471, 463, 463, 471, 464, 456, 464, 472, 473, 465, 465, 473, 474, 466, 466, 474, 475, 467, 467, 475, 476, 468, 468, 476, 477, 469, 469, 477, 478, 470, 470, 478, 479, 471, 471, 479, 472, 464, 472, 480, 481, 473, 473, 481, 482, 474, 474, 482, 483, 475, 475, 483, 484, 476, 476, 484, 485, 477, 477, 485, 486, 478, 478, 486, 487, 479, 479, 487, 480, 472, 480, 488, 489, 481, 481, 489, 490, 482, 482, 490, 491, 483, 483, 491, 492, 484, 484, 492, 493, 485, 485, 493, 494, 486, 486, 494, 495, 487, 487, 495, 488, 480, 488, 496, 497, 489, 489, 497, 498, 490, 490, 498, 499, 491, 491, 499, 500, 492, 492, 500, 501, 493, 493, 501, 502, 494, 494, 502, 503, 495, 495, 503, 496, 488, 496, 504, 505, 497, 497, 505, 506, 498, 498, 506, 507, 499, 499, 507, 508, 500, 500, 508, 509, 501, 501, 509, 510, 502, 502, 510, 511, 503, 503, 511, 504, 496, 504, 256, 257, 505, 505, 257, 258, 506, 506, 258, 259, 507, 507, 259, 260, 508, 508, 260, 261, 509, 509, 261, 262, 510, 510, 262, 263, 511, 511, 263, 256, 504, 512, 520, 521, 513, 513, 521, 522, 514, 514, 522, 523, 515, 515, 523, 524, 516, 516, 524, 525, 517, 517, 525, 526, 518, 518, 526, 527, 519, 519, 527, 520, 512, 520, 528, 529, 521, 521, 529, 530, 522, 522, 530, 531, 523, 523, 531, 532, 524, 524, 532, 533, 525, 525, 533, 534, 526, 526, 534, 535, 527, 527, 535, 528, 520, 528, 536, 537, 529, 529, 537, 538, 530, 530, 538, 539, 531, 531, 539, 540, 532, 532, 540, 541, 533, 533, 541, 542, 534, 534, 542, 543, 535, 535, 543, 536, 528, 536, 544, 545, 537, 537, 545, 546, 538, 538, 546, 547, 539, 539, 547, 548, 540, 540, 548, 549, 541, 541, 549, 550, 542, 542, 550, 551, 543, 543, 551, 544, 536, 544, 552, 553, 545, 545, 553, 554, 546, 546, 554, 555, 547, 547, 555, 556, 548, 548, 556, 557, 549, 549, 557, 558, 550, 550, 558, 559, 551, 551, 559, 552, 544, 552, 560, 561, 553, 553, 561, 562, 554, 554, 562, 563, 555, 555, 563, 564, 556, 556, 564, 565, 557, 557, 565, 566, 558, 558, 566, 567, 559, 559, 567, 560, 552, 560, 568, 569, 561, 561, 569, 570, 562, 562, 570, 571, 563, 563, 571, 572, 564, 564, 572, 573, 565, 565, 573, 574, 566, 566, 574, 575, 567, 567, 575, 568, 560, 568, 576, 577, 569, 569, 577, 578, 570, 570, 578, 579, 571, 571, 579, 580, 572, 572, 580, 581, 573, 573, 581, 582, 574, 574, 582, 583, 575, 575, 583, 576, 568, 576, 584, 585, 577, 577, 585, 586, 578, 578, 586, 587, 579, 579, 587, 588, 580, 580, 588, 589, 581, 581, 589, 590, 582, 582, 590, 591, 583, 583, 591, 584, 576, 584, 592, 593, 585, 585, 593, 594, 586, 586, 594, 595, 587, 587, 595, 596, 588, 588, 596, 597, 589, 589, 597, 598, 590, 590, 598, 599, 591, 591, 599, 592, 584, 592, 600, 601, 593, 593, 601, 602, 594, 594, 602, 603, 595, 595, 603, 604, 596, 596, 604, 605, 597, 597, 605, 606, 598, 598, 606, 607, 599, 599, 607, 600, 592, 600, 608, 609, 601, 601, 609, 610, 602, 602, 610, 611, 603, 603, 611, 612, 604, 604, 612, 613, 605, 605, 613, 614, 606, 606, 614, 615, 607, 607, 615, 608, 600, 608, 616, 617, 609, 609, 617, 618, 610, 610, 618, 619, 611, 611, 619, 620, 612, 612, 620, 621, 613, 613, 621, 622, 614, 614, 622, 623, 615, 615, 623, 616, 608, 616, 624, 625, 617, 617, 625, 626, 618, 618, 626, 627, 619, 619, 627, 628, 620, 620, 628, 629, 621, 621, 629, 630, 622, 622, 630, 631, 623, 623, 631, 624, 616, 624, 632, 633, 625, 625, 633, 634, 626, 626, 634, 635, 627, 627, 635, 636, 628, 628, 636, 637, 629, 629, 637, 638, 630, 630, 638, 639, 631, 631, 639, 632, 624, 632, 640, 641, 633, 633, 641, 642, 634, 634, 642, 643, 635, 635, 643, 644, 636, 636, 644, 645, 637, 637, 645, 646, 638, 638, 646, 647, 639, 639, 647, 640, 632, 640, 648, 649, 641, 641, 649, 650, 642, 642, 650, 651, 643, 643, 651, 652, 644, 644, 652, 653, 645, 645, 653, 654, 646, 646, 654, 655, 647, 647, 655, 648, 640, 648, 656, 657, 649, 649, 657, 658, 650, 650, 658, 659, 651, 651, 659, 660, 652, 652, 660, 661, 653, 653, 661, 662, 654, 654, 662, 663, 655, 655, 663, 656, 648, 656, 664, 665, 657, 657, 665, 666, 658, 658, 666, 667, 659, 659, 667, 668, 660, 660, 668, 669, 661, 661, 669, 670, 662, 662, 670, 671, 663, 663, 671, 664, 656, 664, 672, 673, 665, 665, 673, 674, 666, 666, 674, 675, 667, 667, 675, 676, 668, 668, 676, 677, 669, 669, 677, 678, 670, 670, 678, 679, 671, 671, 679, 672, 664, 672, 680, 681, 673, 673, 681, 682, 674, 674, 682, 683, 675, 675, 683, 684, 676, 676, 684, 685, 677, 677, 685, 686, 678, 678, 686, 687, 679, 679, 687, 680, 672, 680, 688, 689, 681, 681, 689, 690, 682, 682, 690, 691, 683, 683, 691, 692, 684, 684, 692, 693, 685, 685, 693, 694, 686, 686, 694, 695, 687, 687, 695, 688, 680, 688, 696, 697, 689, 689, 697, 698, 690, 690, 698, 699, 691, 691, 699, 700, 692, 692, 700, 701, 693, 693, 701, 702, 694, 694, 702, 703, 695, 695, 703, 696, 688, 696, 704, 705, 697, 697, 705, 706, 698, 698, 706, 707, 699, 699, 707, 708, 700, 700, 708, 709, 701, 701, 709, 710, 702, 702, 710, 711, 703, 703, 711, 704, 696, 704, 712, 713, 705, 705, 713, 714, 706, 706, 714, 715, 707, 707, 715, 716, 708, 708, 716, 717, 709, 709, 717, 718, 710, 710, 718, 719, 711, 711, 719, 712, 704, 712, 720, 721, 713, 713, 721, 722, 714, 714, 722, 723, 715, 715, 723, 724, 716, 716, 724, 725, 717, 717, 725, 726, 718, 718, 726, 727, 719, 719, 727, 720, 712, 720, 728, 729, 721, 721, 729, 730, 722, 722, 730, 731, 723, 723, 731, 732, 724, 724, 732, 733, 725, 725, 733, 734, 726, 726, 734, 735, 727, 727, 735, 728, 720, 728, 736, 737, 729, 729, 737, 738, 730, 730, 738, 739, 731, 731, 739, 740, 732, 732, 740, 741, 733, 733, 741, 742, 734, 734, 742, 743, 735, 735, 743, 736, 728, 736, 744, 745, 737, 737, 745, 746, 738, 738, 746, 747, 739, 739, 747, 748, 740, 740, 748, 749, 741, 741, 749, 750, 742, 742, 750, 751, 743, 743, 751, 744, 736, 744, 752, 753, 745, 745, 753, 754, 746, 746, 754, 755, 747, 747, 755, 756, 748, 748, 756, 757, 749, 749, 757, 758, 750, 750, 758, 759, 751, 751, 759, 752, 744, 752, 760, 761, 753, 753, 761, 762, 754, 754, 762, 763, 755, 755, 763, 764, 756, 756, 764, 765, 757, 757, 765, 766, 758, 758, 766, 767, 759, 759, 767, 760, 752, 760, 512, 513, 761, 761, 513, 514, 762, 762, 514, 515, 763, 763, 515, 516, 764, 764, 516, 517, 765, 765, 517, 518, 766, 766, 518, 519, 767, 767, 519, 512, 760]
                rel material:binding = </rc_car/Looks/plastic_blk>
                point3f[] points = [(-0.211, 0.051, 0.115), (-0.20887868, 0.05012132, 0.115), (-0.208, 0.048, 0.115), (-0.20887868, 0.04587868, 0.115), (-0.211, 0.045, 0.115), (-0.21312132, 0.04587868, 0.115), (-0.214, 0.048, 0.115), (-0.21312132, 0.05012132, 0.115), (-0.211, 0.05030827, 0.122023255), (-0.20887868, 0.049446475, 0.12185183), (-0.208, 0.047365915, 0.12143798), (-0.20887868, 0.045285355, 0.12102413), (-0.211, 0.044423558, 0.12085271), (-0.21312132, 0.045285355, 0.12102413), (-0.214, 0.047365915, 0.12143798), (-0.21312132, 0.049446475, 0.12185183), (-0.211, 0.048259664, 0.12877661), (-0.20887868, 0.047447868, 0.12844035), (-0.208, 0.045488026, 0.12762855), (-0.20887868, 0.04352818, 0.12681676), (-0.211, 0.042716388, 0.1264805), (-0.21312132, 0.04352818, 0.12681676), (-0.214, 0.045488026, 0.12762855), (-0.21312132, 0.047447868, 0.12844035), (-0.211, 0.044932906, 0.13500053), (-0.20887868, 0.04420231, 0.13451236), (-0.208, 0.042438496, 0.13333382), (-0.20887868, 0.040674683, 0.13215527), (-0.211, 0.03994409, 0.1316671), (-0.21312132, 0.040674683, 0.13215527), (-0.214, 0.042438496, 0.13333382), (-0.21312132, 0.04420231, 0.13451236), (-0.211, 0.040455844, 0.14045584), (-0.20887868, 0.039834525, 0.13983452), (-0.208, 0.038334522, 0.13833453), (-0.20887868, 0.036834523, 0.13683452), (-0.211, 0.036213204, 0.1362132), (-0.21312132, 0.036834523, 0.13683452), (-0.214, 0.038334522, 0.13833453), (-0.21312132, 0.039834525, 0.13983452), (-0.211, 0.03500053, 0.14493291), (-0.20887868, 0.03451236, 0.1442023), (-0.208, 0.03333382, 0.1424385), (-0.20887868, 0.032155275, 0.14067468), (-0.211, 0.031667106, 0.13994409), (-0.21312132, 0.032155275, 0.14067468), (-0.214, 0.03333382, 0.1424385), (-0.21312132, 0.03451236, 0.1442023), (-0.211, 0.028776603, 0.14825967), (-0.20887868, 0.028440347, 0.14744787), (-0.208, 0.027628554, 0.14548802), (-0.20887868, 0.02681676, 0.14352818), (-0.211, 0.026480503, 0.1427164), (-0.21312132, 0.02681676, 0.14352818), (-0.214, 0.027628554, 0.14548802), (-0.21312132, 0.028440347, 0.14744787), (-0.211, 0.022023251, 0.15030827), (-0.20887868, 0.02185183, 0.14944647), (-0.208, 0.02143798, 0.14736591), (-0.20887868, 0.021024132, 0.14528535), (-0.211, 0.02085271, 0.14442356), (-0.21312132, 0.021024132, 0.14528535), (-0.214, 0.02143798, 0.14736591), (-0.21312132, 0.02185183, 0.14944647), (-0.211, 0.015, 0.151), (-0.20887868, 0.015, 0.15012132), (-0.208, 0.015, 0.148), (-0.20887868, 0.015, 0.14587867), (-0.211, 0.015, 0.145), (-0.21312132, 0.015, 0.14587867), (-0.214, 0.015, 0.148), (-0.21312132, 0.015, 0.15012132), (-0.211, 0.007976748, 0.15030827), (-0.20887868, 0.00814817, 0.14944647), (-0.208, 0.008562019, 0.14736591), (-0.20887868, 0.008975868, 0.14528535), (-0.211, 0.00914729, 0.14442356), (-0.21312132, 0.008975868, 0.14528535), (-0.214, 0.008562019, 0.14736591), (-0.21312132, 0.00814817, 0.14944647), (-0.211, 0.0012233964, 0.14825967), (-0.20887868, 0.0015596526, 0.14744787), (-0.208, 0.0023714467, 0.14548802), (-0.20887868, 0.0031832408, 0.14352818), (-0.211, 0.003519497, 0.1427164), (-0.21312132, 0.0031832408, 0.14352818), (-0.214, 0.0023714467, 0.14548802), (-0.21312132, 0.0015596526, 0.14744787), (-0.211, -0.0050005284, 0.14493291), (-0.20887868, -0.0045123603, 0.1442023), (-0.208, -0.0033338177, 0.1424385), (-0.20887868, -0.0021552753, 0.14067468), (-0.211, -0.001667107, 0.13994409), (-0.21312132, -0.0021552753, 0.14067468), (-0.214, -0.0033338177, 0.1424385), (-0.21312132, -0.0045123603, 0.1442023), (-0.211, -0.010455844, 0.14045584), (-0.20887868, -0.009834524, 0.13983452), (-0.208, -0.008334524, 0.13833453), (-0.20887868, -0.0068345238, 0.13683452), (-0.211, -0.0062132035, 0.1362132), (-0.21312132, -0.0068345238, 0.13683452), (-0.214, -0.008334524, 0.13833453), (-0.21312132, -0.009834524, 0.13983452), (-0.211, -0.014932906, 0.13500053), (-0.20887868, -0.014202311, 0.13451236), (-0.208, -0.0124384975, 0.13333382), (-0.20887868, -0.010674683, 0.13215527), (-0.211, -0.009944089, 0.1316671), (-0.21312132, -0.010674683, 0.13215527), (-0.214, -0.0124384975, 0.13333382), (-0.21312132, -0.014202311, 0.13451236), (-0.211, -0.018259663, 0.12877661), (-0.20887868, -0.017447868, 0.12844035), (-0.208, -0.015488025, 0.12762855), (-0.20887868, -0.01352818, 0.12681676), (-0.211, -0.012716386, 0.1264805), (-0.21312132, -0.01352818, 0.12681676), (-0.214, -0.015488025, 0.12762855), (-0.21312132, -0.017447868, 0.12844035), (-0.211, -0.02030827, 0.122023255), (-0.20887868, -0.019446474, 0.12185183), (-0.208, -0.017365914, 0.12143798), (-0.20887868, -0.015285354, 0.12102413), (-0.211, -0.0144235585, 0.12085271), (-0.21312132, -0.015285354, 0.12102413), (-0.214, -0.017365914, 0.12143798), (-0.21312132, -0.019446474, 0.12185183), (-0.211, -0.021, 0.115), (-0.20887868, -0.020121321, 0.115), (-0.208, -0.018, 0.115), (-0.20887868, -0.01587868, 0.115), (-0.211, -0.015, 0.115), (-0.21312132, -0.01587868, 0.115), (-0.214, -0.018, 0.115), (-0.21312132, -0.020121321, 0.115), (-0.211, -0.02030827, 0.10797675), (-0.20887868, -0.019446474, 0.10814817), (-0.208, -0.017365914, 0.10856202), (-0.20887868, -0.015285354, 0.108975865), (-0.211, -0.0144235585, 0.10914729), (-0.21312132, -0.015285354, 0.108975865), (-0.214, -0.017365914, 0.10856202), (-0.21312132, -0.019446474, 0.10814817), (-0.211, -0.018259663, 0.101223394), (-0.20887868, -0.017447868, 0.101559654), (-0.208, -0.015488025, 0.10237145), (-0.20887868, -0.01352818, 0.10318324), (-0.211, -0.012716386, 0.1035195), (-0.21312132, -0.01352818, 0.10318324), (-0.214, -0.015488025, 0.10237145), (-0.21312132, -0.017447868, 0.101559654), (-0.211, -0.014932906, 0.09499947), (-0.20887868, -0.014202311, 0.09548764), (-0.208, -0.0124384975, 0.09666618), (-0.20887868, -0.010674683, 0.09784473), (-0.211, -0.009944089, 0.09833289), (-0.21312132, -0.010674683, 0.09784473), (-0.214, -0.0124384975, 0.09666618), (-0.21312132, -0.014202311, 0.09548764), (-0.211, -0.010455844, 0.089544155), (-0.20887868, -0.009834524, 0.09016547), (-0.208, -0.008334524, 0.09166548), (-0.20887868, -0.0068345238, 0.09316548), (-0.211, -0.0062132035, 0.0937868), (-0.21312132, -0.0068345238, 0.09316548), (-0.214, -0.008334524, 0.09166548), (-0.21312132, -0.009834524, 0.09016547), (-0.211, -0.0050005284, 0.08506709), (-0.20887868, -0.0045123603, 0.08579769), (-0.208, -0.0033338177, 0.0875615), (-0.20887868, -0.0021552753, 0.089325316), (-0.211, -0.001667107, 0.09005591), (-0.21312132, -0.0021552753, 0.089325316), (-0.214, -0.0033338177, 0.0875615), (-0.21312132, -0.0045123603, 0.08579769), (-0.211, 0.0012233964, 0.081740335), (-0.20887868, 0.0015596526, 0.08255213), (-0.208, 0.0023714467, 0.08451197), (-0.20887868, 0.0031832408, 0.08647182), (-0.211, 0.003519497, 0.08728361), (-0.21312132, 0.0031832408, 0.08647182), (-0.214, 0.0023714467, 0.08451197), (-0.21312132, 0.0015596526, 0.08255213), (-0.211, 0.007976748, 0.07969173), (-0.20887868, 0.00814817, 0.080553524), (-0.208, 0.008562019, 0.082634084), (-0.20887868, 0.008975868, 0.08471464), (-0.211, 0.00914729, 0.085576445), (-0.21312132, 0.008975868, 0.08471464), (-0.214, 0.008562019, 0.082634084), (-0.21312132, 0.00814817, 0.080553524), (-0.211, 0.015, 0.079), (-0.20887868, 0.015, 0.07987868), (-0.208, 0.015, 0.082), (-0.20887868, 0.015, 0.08412132), (-0.211, 0.015, 0.085), (-0.21312132, 0.015, 0.08412132), (-0.214, 0.015, 0.082), (-0.21312132, 0.015, 0.07987868), (-0.211, 0.022023251, 0.07969173), (-0.20887868, 0.02185183, 0.080553524), (-0.208, 0.02143798, 0.082634084), (-0.20887868, 0.021024132, 0.08471464), (-0.211, 0.02085271, 0.085576445), (-0.21312132, 0.021024132, 0.08471464), (-0.214, 0.02143798, 0.082634084), (-0.21312132, 0.02185183, 0.080553524), (-0.211, 0.028776603, 0.081740335), (-0.20887868, 0.028440347, 0.08255213), (-0.208, 0.027628554, 0.08451197), (-0.20887868, 0.02681676, 0.08647182), (-0.211, 0.026480503, 0.08728361), (-0.21312132, 0.02681676, 0.08647182), (-0.214, 0.027628554, 0.08451197), (-0.21312132, 0.028440347, 0.08255213), (-0.211, 0.03500053, 0.08506709), (-0.20887868, 0.03451236, 0.08579769), (-0.208, 0.03333382, 0.0875615), (-0.20887868, 0.032155275, 0.089325316), (-0.211, 0.031667106, 0.09005591), (-0.21312132, 0.032155275, 0.089325316), (-0.214, 0.03333382, 0.0875615), (-0.21312132, 0.03451236, 0.08579769), (-0.211, 0.040455844, 0.089544155), (-0.20887868, 0.039834525, 0.09016547), (-0.208, 0.038334522, 0.09166548), (-0.20887868, 0.036834523, 0.09316548), (-0.211, 0.036213204, 0.0937868), (-0.21312132, 0.036834523, 0.09316548), (-0.214, 0.038334522, 0.09166548), (-0.21312132, 0.039834525, 0.09016547), (-0.211, 0.044932906, 0.09499947), (-0.20887868, 0.04420231, 0.09548764), (-0.208, 0.042438496, 0.09666618), (-0.20887868, 0.040674683, 0.09784473), (-0.211, 0.03994409, 0.09833289), (-0.21312132, 0.040674683, 0.09784473), (-0.214, 0.042438496, 0.09666618), (-0.21312132, 0.04420231, 0.09548764), (-0.211, 0.048259664, 0.101223394), (-0.20887868, 0.047447868, 0.101559654), (-0.208, 0.045488026, 0.10237145), (-0.20887868, 0.04352818, 0.10318324), (-0.211, 0.042716388, 0.1035195), (-0.21312132, 0.04352818, 0.10318324), (-0.214, 0.045488026, 0.10237145), (-0.21312132, 0.047447868, 0.101559654), (-0.211, 0.05030827, 0.10797675), (-0.20887868, 0.049446475, 0.10814817), (-0.208, 0.047365915, 0.10856202), (-0.20887868, 0.045285355, 0.108975865), (-0.211, 0.044423558, 0.10914729), (-0.21312132, 0.045285355, 0.108975865), (-0.214, 0.047365915, 0.10856202), (-0.21312132, 0.049446475, 0.10814817), (-0.207, 0.049, 0.115), (-0.20487867, 0.048121322, 0.115), (-0.204, 0.046, 0.115), (-0.20487867, 0.04387868, 0.115), (-0.207, 0.043, 0.115), (-0.20912132, 0.04387868, 0.115), (-0.21, 0.046, 0.115), (-0.20912132, 0.048121322, 0.115), (-0.207, 0.0483467, 0.12163307), (-0.20487867, 0.047484905, 0.12146165), (-0.204, 0.045404345, 0.1210478), (-0.20487867, 0.043323785, 0.12063395), (-0.207, 0.042461988, 0.12046253), (-0.20912132, 0.043323785, 0.12063395), (-0.21, 0.045404345, 0.1210478), (-0.20912132, 0.047484905, 0.12146165), (-0.207, 0.046411905, 0.12801124), (-0.20487867, 0.04560011, 0.12767498), (-0.204, 0.043640267, 0.12686318), (-0.20487867, 0.04168042, 0.1260514), (-0.207, 0.04086863, 0.12571514), (-0.20912132, 0.04168042, 0.1260514), (-0.21, 0.043640267, 0.12686318), (-0.20912132, 0.04560011, 0.12767498), (-0.207, 0.043269966, 0.13388939), (-0.20487867, 0.042539373, 0.13340122), (-0.204, 0.04077556, 0.13222268), (-0.20487867, 0.039011743, 0.13104413), (-0.207, 0.03828115, 0.13055597), (-0.20912132, 0.039011743, 0.13104413), (-0.21, 0.04077556, 0.13222268), (-0.20912132, 0.042539373, 0.13340122), (-0.207, 0.03904163, 0.13904163), (-0.20487867, 0.03842031, 0.13842031), (-0.204, 0.03692031, 0.1369203), (-0.20487867, 0.03542031, 0.13542031), (-0.207, 0.03479899, 0.13479899), (-0.20912132, 0.03542031, 0.13542031), (-0.21, 0.03692031, 0.1369203), (-0.20912132, 0.03842031, 0.13842031), (-0.207, 0.033889387, 0.14326997), (-0.20487867, 0.03340122, 0.14253937), (-0.204, 0.032222677, 0.14077556), (-0.20487867, 0.031044135, 0.13901174), (-0.207, 0.030555967, 0.13828115), (-0.20912132, 0.031044135, 0.13901174), (-0.21, 0.032222677, 0.14077556), (-0.20912132, 0.03340122, 0.14253937), (-0.207, 0.028011236, 0.14641191), (-0.20487867, 0.02767498, 0.14560011), (-0.204, 0.026863186, 0.14364026), (-0.20487867, 0.026051393, 0.14168042), (-0.207, 0.025715137, 0.14086863), (-0.20912132, 0.026051393, 0.14168042), (-0.21, 0.026863186, 0.14364026), (-0.20912132, 0.02767498, 0.14560011), (-0.207, 0.021633072, 0.14834669), (-0.20487867, 0.021461649, 0.1474849), (-0.204, 0.0210478, 0.14540434), (-0.20487867, 0.02063395, 0.14332378), (-0.207, 0.02046253, 0.14246199), (-0.20912132, 0.02063395, 0.14332378), (-0.21, 0.0210478, 0.14540434), (-0.20912132, 0.021461649, 0.1474849), (-0.207, 0.015, 0.149), (-0.20487867, 0.015, 0.14812133), (-0.204, 0.015, 0.146), (-0.20487867, 0.015, 0.14387868), (-0.207, 0.015, 0.143), (-0.20912132, 0.015, 0.14387868), (-0.21, 0.015, 0.146), (-0.20912132, 0.015, 0.14812133), (-0.207, 0.008366929, 0.14834669), (-0.20487867, 0.008538351, 0.1474849), (-0.204, 0.0089522, 0.14540434), (-0.20487867, 0.009366049, 0.14332378), (-0.207, 0.0095374705, 0.14246199), (-0.20912132, 0.009366049, 0.14332378), (-0.21, 0.0089522, 0.14540434), (-0.20912132, 0.008538351, 0.1474849), (-0.207, 0.0019887632, 0.14641191), (-0.20487867, 0.0023250193, 0.14560011), (-0.204, 0.0031368136, 0.14364026), (-0.20487867, 0.003948608, 0.14168042), (-0.207, 0.004284864, 0.14086863), (-0.20912132, 0.003948608, 0.14168042), (-0.21, 0.0031368136, 0.14364026), (-0.20912132, 0.0023250193, 0.14560011), (-0.207, -0.003889388, 0.14326997), (-0.20487867, -0.0034012196, 0.14253937), (-0.204, -0.0022226772, 0.14077556), (-0.20487867, -0.0010441348, 0.13901174), (-0.207, -0.0005559665, 0.13828115), (-0.20912132, -0.0010441348, 0.13901174), (-0.21, -0.0022226772, 0.14077556), (-0.20912132, -0.0034012196, 0.14253937), (-0.207, -0.009041631, 0.13904163), (-0.20487867, -0.00842031, 0.13842031), (-0.204, -0.00692031, 0.1369203), (-0.20487867, -0.0054203104, 0.13542031), (-0.207, -0.0047989897, 0.13479899), (-0.20912132, -0.0054203104, 0.13542031), (-0.21, -0.00692031, 0.1369203), (-0.20912132, -0.00842031, 0.13842031), (-0.207, -0.0132699665, 0.13388939), (-0.20487867, -0.012539372, 0.13340122), (-0.204, -0.010775558, 0.13222268), (-0.20487867, -0.0090117445, 0.13104413), (-0.207, -0.008281149, 0.13055597), (-0.20912132, -0.0090117445, 0.13104413), (-0.21, -0.010775558, 0.13222268), (-0.20912132, -0.012539372, 0.13340122), (-0.207, -0.016411904, 0.12801124), (-0.20487867, -0.01560011, 0.12767498), (-0.204, -0.013640266, 0.12686318), (-0.20487867, -0.011680421, 0.1260514), (-0.207, -0.010868627, 0.12571514), (-0.20912132, -0.011680421, 0.1260514), (-0.21, -0.013640266, 0.12686318), (-0.20912132, -0.01560011, 0.12767498), (-0.207, -0.018346699, 0.12163307), (-0.20487867, -0.017484903, 0.12146165), (-0.204, -0.015404344, 0.1210478), (-0.20487867, -0.013323784, 0.12063395), (-0.207, -0.012461988, 0.12046253), (-0.20912132, -0.013323784, 0.12063395), (-0.21, -0.015404344, 0.1210478), (-0.20912132, -0.017484903, 0.12146165), (-0.207, -0.019, 0.115), (-0.20487867, -0.01812132, 0.115), (-0.204, -0.016, 0.115), (-0.20487867, -0.01387868, 0.115), (-0.207, -0.013, 0.115), (-0.20912132, -0.01387868, 0.115), (-0.21, -0.016, 0.115), (-0.20912132, -0.01812132, 0.115), (-0.207, -0.018346699, 0.10836693), (-0.20487867, -0.017484903, 0.10853835), (-0.204, -0.015404344, 0.1089522), (-0.20487867, -0.013323784, 0.10936605), (-0.207, -0.012461988, 0.10953747), (-0.20912132, -0.013323784, 0.10936605), (-0.21, -0.015404344, 0.1089522), (-0.20912132, -0.017484903, 0.10853835), (-0.207, -0.016411904, 0.10198876), (-0.20487867, -0.01560011, 0.10232502), (-0.204, -0.013640266, 0.103136815), (-0.20487867, -0.011680421, 0.10394861), (-0.207, -0.010868627, 0.10428486), (-0.20912132, -0.011680421, 0.10394861), (-0.21, -0.013640266, 0.103136815), (-0.20912132, -0.01560011, 0.10232502), (-0.207, -0.0132699665, 0.09611061), (-0.20487867, -0.012539372, 0.09659878), (-0.204, -0.010775558, 0.09777732), (-0.20487867, -0.0090117445, 0.09895586), (-0.207, -0.008281149, 0.09944403), (-0.20912132, -0.0090117445, 0.09895586), (-0.21, -0.010775558, 0.09777732), (-0.20912132, -0.012539372, 0.09659878), (-0.207, -0.009041631, 0.09095837), (-0.20487867, -0.00842031, 0.09157969), (-0.204, -0.00692031, 0.093079686), (-0.20487867, -0.0054203104, 0.09457969), (-0.207, -0.0047989897, 0.09520101), (-0.20912132, -0.0054203104, 0.09457969), (-0.21, -0.00692031, 0.093079686), (-0.20912132, -0.00842031, 0.09157969), (-0.207, -0.003889388, 0.08673003), (-0.20487867, -0.0034012196, 0.08746063), (-0.204, -0.0022226772, 0.08922444), (-0.20487867, -0.0010441348, 0.090988256), (-0.207, -0.0005559665, 0.09171885), (-0.20912132, -0.0010441348, 0.090988256), (-0.21, -0.0022226772, 0.08922444), (-0.20912132, -0.0034012196, 0.08746063), (-0.207, 0.0019887632, 0.08358809), (-0.20487867, 0.0023250193, 0.08439989), (-0.204, 0.0031368136, 0.08635973), (-0.20487867, 0.003948608, 0.08831958), (-0.207, 0.004284864, 0.08913137), (-0.20912132, 0.003948608, 0.08831958), (-0.21, 0.0031368136, 0.08635973), (-0.20912132, 0.0023250193, 0.08439989), (-0.207, 0.008366929, 0.0816533), (-0.20487867, 0.008538351, 0.0825151), (-0.204, 0.0089522, 0.08459566), (-0.20487867, 0.009366049, 0.08667622), (-0.207, 0.0095374705, 0.08753801), (-0.20912132, 0.009366049, 0.08667622), (-0.21, 0.0089522, 0.08459566), (-0.20912132, 0.008538351, 0.0825151), (-0.207, 0.015, 0.081), (-0.20487867, 0.015, 0.08187868), (-0.204, 0.015, 0.084), (-0.20487867, 0.015, 0.08612132), (-0.207, 0.015, 0.087), (-0.20912132, 0.015, 0.08612132), (-0.21, 0.015, 0.084), (-0.20912132, 0.015, 0.08187868), (-0.207, 0.021633072, 0.0816533), (-0.20487867, 0.021461649, 0.0825151), (-0.204, 0.0210478, 0.08459566), (-0.20487867, 0.02063395, 0.08667622), (-0.207, 0.02046253, 0.08753801), (-0.20912132, 0.02063395, 0.08667622), (-0.21, 0.0210478, 0.08459566), (-0.20912132, 0.021461649, 0.0825151), (-0.207, 0.028011236, 0.08358809), (-0.20487867, 0.02767498, 0.08439989), (-0.204, 0.026863186, 0.08635973), (-0.20487867, 0.026051393, 0.08831958), (-0.207, 0.025715137, 0.08913137), (-0.20912132, 0.026051393, 0.08831958), (-0.21, 0.026863186, 0.08635973), (-0.20912132, 0.02767498, 0.08439989), (-0.207, 0.033889387, 0.08673003), (-0.20487867, 0.03340122, 0.08746063), (-0.204, 0.032222677, 0.08922444), (-0.20487867, 0.031044135, 0.090988256), (-0.207, 0.030555967, 0.09171885), (-0.20912132, 0.031044135, 0.090988256), (-0.21, 0.032222677, 0.08922444), (-0.20912132, 0.03340122, 0.08746063), (-0.207, 0.03904163, 0.09095837), (-0.20487867, 0.03842031, 0.09157969), (-0.204, 0.03692031, 0.093079686), (-0.20487867, 0.03542031, 0.09457969), (-0.207, 0.03479899, 0.09520101), (-0.20912132, 0.03542031, 0.09457969), (-0.21, 0.03692031, 0.093079686), (-0.20912132, 0.03842031, 0.09157969), (-0.207, 0.043269966, 0.09611061), (-0.20487867, 0.042539373, 0.09659878), (-0.204, 0.04077556, 0.09777732), (-0.20487867, 0.039011743, 0.09895586), (-0.207, 0.03828115, 0.09944403), (-0.20912132, 0.039011743, 0.09895586), (-0.21, 0.04077556, 0.09777732), (-0.20912132, 0.042539373, 0.09659878), (-0.207, 0.046411905, 0.10198876), (-0.20487867, 0.04560011, 0.10232502), (-0.204, 0.043640267, 0.103136815), (-0.20487867, 0.04168042, 0.10394861), (-0.207, 0.04086863, 0.10428486), (-0.20912132, 0.04168042, 0.10394861), (-0.21, 0.043640267, 0.103136815), (-0.20912132, 0.04560011, 0.10232502), (-0.207, 0.0483467, 0.10836693), (-0.20487867, 0.047484905, 0.10853835), (-0.204, 0.045404345, 0.1089522), (-0.20487867, 0.043323785, 0.10936605), (-0.207, 0.042461988, 0.10953747), (-0.20912132, 0.043323785, 0.10936605), (-0.21, 0.045404345, 0.1089522), (-0.20912132, 0.047484905, 0.10853835), (-0.203, 0.047, 0.115), (-0.20087868, 0.04612132, 0.115), (-0.2, 0.044, 0.115), (-0.20087868, 0.041878678, 0.115), (-0.203, 0.041, 0.115), (-0.20512132, 0.041878678, 0.115), (-0.206, 0.044, 0.115), (-0.20512132, 0.04612132, 0.115), (-0.203, 0.046385128, 0.12124289), (-0.20087868, 0.045523334, 0.121071465), (-0.2, 0.043442775, 0.12065762), (-0.20087868, 0.041362215, 0.12024377), (-0.203, 0.040500417, 0.12007235), (-0.20512132, 0.041362215, 0.12024377), (-0.206, 0.043442775, 0.12065762), (-0.20512132, 0.045523334, 0.121071465), (-0.203, 0.044564147, 0.12724587), (-0.20087868, 0.04375235, 0.12690961), (-0.2, 0.04179251, 0.12609781), (-0.20087868, 0.039832663, 0.12528603), (-0.203, 0.039020866, 0.12494977), (-0.20512132, 0.039832663, 0.12528603), (-0.206, 0.04179251, 0.12609781), (-0.20512132, 0.04375235, 0.12690961), (-0.203, 0.041607026, 0.13277824), (-0.20087868, 0.040876433, 0.13229008), (-0.2, 0.03911262, 0.13111153), (-0.20087868, 0.037348807, 0.129933), (-0.203, 0.03661821, 0.12944482), (-0.20512132, 0.037348807, 0.129933), (-0.206, 0.03911262, 0.13111153), (-0.20512132, 0.040876433, 0.13229008), (-0.203, 0.037627418, 0.13762742), (-0.20087868, 0.037006095, 0.1370061), (-0.2, 0.035506096, 0.1355061), (-0.20087868, 0.034006096, 0.1340061), (-0.203, 0.033384778, 0.13338478), (-0.20512132, 0.034006096, 0.1340061), (-0.206, 0.035506096, 0.1355061), (-0.20512132, 0.037006095, 0.1370061), (-0.203, 0.03277825, 0.14160703), (-0.20087868, 0.03229008, 0.14087643), (-0.2, 0.031111537, 0.13911262), (-0.20087868, 0.029932994, 0.1373488), (-0.203, 0.029444827, 0.13661821), (-0.20512132, 0.029932994, 0.1373488), (-0.206, 0.031111537, 0.13911262), (-0.20512132, 0.03229008, 0.14087643), (-0.203, 0.02724587, 0.14456415), (-0.20087868, 0.026909614, 0.14375235), (-0.2, 0.02609782, 0.1417925), (-0.20087868, 0.025286026, 0.13983266), (-0.203, 0.024949769, 0.13902088), (-0.20512132, 0.025286026, 0.13983266), (-0.206, 0.02609782, 0.1417925), (-0.20512132, 0.026909614, 0.14375235), (-0.203, 0.02124289, 0.14638513), (-0.20087868, 0.021071468, 0.14552334), (-0.2, 0.02065762, 0.14344278), (-0.20087868, 0.02024377, 0.14136222), (-0.203, 0.020072348, 0.14050041), (-0.20512132, 0.02024377, 0.14136222), (-0.206, 0.02065762, 0.14344278), (-0.20512132, 0.021071468, 0.14552334), (-0.203, 0.015, 0.147), (-0.20087868, 0.015, 0.14612132), (-0.2, 0.015, 0.144), (-0.20087868, 0.015, 0.14187868), (-0.203, 0.015, 0.141), (-0.20512132, 0.015, 0.14187868), (-0.206, 0.015, 0.144), (-0.20512132, 0.015, 0.14612132), (-0.203, 0.00875711, 0.14638513), (-0.20087868, 0.008928532, 0.14552334), (-0.2, 0.009342381, 0.14344278), (-0.20087868, 0.00975623, 0.14136222), (-0.203, 0.009927652, 0.14050041), (-0.20512132, 0.00975623, 0.14136222), (-0.206, 0.009342381, 0.14344278), (-0.20512132, 0.008928532, 0.14552334), (-0.203, 0.0027541302, 0.14456415), (-0.20087868, 0.0030903863, 0.14375235), (-0.2, 0.0039021804, 0.1417925), (-0.20087868, 0.0047139744, 0.13983266), (-0.203, 0.005050231, 0.13902088), (-0.20512132, 0.0047139744, 0.13983266), (-0.206, 0.0039021804, 0.1417925), (-0.20512132, 0.0030903863, 0.14375235), (-0.203, -0.0027782475, 0.14160703), (-0.20087868, -0.0022900791, 0.14087643), (-0.2, -0.0011115368, 0.13911262), (-0.20087868, 0.00006700568, 0.1373488), (-0.203, 0.00055517396, 0.13661821), (-0.20512132, 0.00006700568, 0.1373488), (-0.206, -0.0011115368, 0.13911262), (-0.20512132, -0.0022900791, 0.14087643), (-0.203, -0.007627417, 0.13762742), (-0.20087868, -0.0070060967, 0.1370061), (-0.2, -0.005506097, 0.1355061), (-0.20087868, -0.0040060966, 0.1340061), (-0.203, -0.0033847764, 0.13338478), (-0.20512132, -0.0040060966, 0.1340061), (-0.206, -0.005506097, 0.1355061), (-0.20512132, -0.0070060967, 0.1370061), (-0.203, -0.011607028, 0.13277824), (-0.20087868, -0.010876432, 0.13229008), (-0.2, -0.009112619, 0.13111153), (-0.20087868, -0.007348805, 0.129933), (-0.203, -0.00661821, 0.12944482), (-0.20512132, -0.007348805, 0.129933), (-0.206, -0.009112619, 0.13111153), (-0.20512132, -0.010876432, 0.13229008), (-0.203, -0.014564145, 0.12724587), (-0.20087868, -0.013752351, 0.12690961), (-0.2, -0.011792506, 0.12609781), (-0.20087868, -0.009832662, 0.12528603), (-0.203, -0.009020868, 0.12494977), (-0.20512132, -0.009832662, 0.12528603), (-0.206, -0.011792506, 0.12609781), (-0.20512132, -0.013752351, 0.12690961), (-0.203, -0.016385129, 0.12124289), (-0.20087868, -0.015523333, 0.121071465), (-0.2, -0.013442773, 0.12065762), (-0.20087868, -0.011362214, 0.12024377), (-0.203, -0.010500417, 0.12007235), (-0.20512132, -0.011362214, 0.12024377), (-0.206, -0.013442773, 0.12065762), (-0.20512132, -0.015523333, 0.121071465), (-0.203, -0.017, 0.115), (-0.20087868, -0.01612132, 0.115), (-0.2, -0.014, 0.115), (-0.20087868, -0.0118786795, 0.115), (-0.203, -0.011, 0.115), (-0.20512132, -0.0118786795, 0.115), (-0.206, -0.014, 0.115), (-0.20512132, -0.01612132, 0.115), (-0.203, -0.016385129, 0.10875711), (-0.20087868, -0.015523333, 0.10892853), (-0.2, -0.013442773, 0.10934238), (-0.20087868, -0.011362214, 0.10975623), (-0.203, -0.010500417, 0.109927654), (-0.20512132, -0.011362214, 0.10975623), (-0.206, -0.013442773, 0.10934238), (-0.20512132, -0.015523333, 0.10892853), (-0.203, -0.014564145, 0.10275413), (-0.20087868, -0.013752351, 0.10309038), (-0.2, -0.011792506, 0.10390218), (-0.20087868, -0.009832662, 0.10471398), (-0.203, -0.009020868, 0.10505023), (-0.20512132, -0.009832662, 0.10471398), (-0.206, -0.011792506, 0.10390218), (-0.20512132, -0.013752351, 0.10309038), (-0.203, -0.011607028, 0.097221754), (-0.20087868, -0.010876432, 0.097709924), (-0.2, -0.009112619, 0.098888464), (-0.20087868, -0.007348805, 0.100067005), (-0.203, -0.00661821, 0.100555174), (-0.20512132, -0.007348805, 0.100067005), (-0.206, -0.009112619, 0.098888464), (-0.20512132, -0.010876432, 0.097709924), (-0.203, -0.007627417, 0.09237258), (-0.20087868, -0.0070060967, 0.0929939), (-0.2, -0.005506097, 0.0944939), (-0.20087868, -0.0040060966, 0.095993906), (-0.203, -0.0033847764, 0.096615225), (-0.20512132, -0.0040060966, 0.095993906), (-0.206, -0.005506097, 0.0944939), (-0.20512132, -0.0070060967, 0.0929939), (-0.203, -0.0027782475, 0.08839297), (-0.20087868, -0.0022900791, 0.08912357), (-0.2, -0.0011115368, 0.09088738), (-0.20087868, 0.00006700568, 0.092651196), (-0.203, 0.00055517396, 0.09338179), (-0.20512132, 0.00006700568, 0.092651196), (-0.206, -0.0011115368, 0.09088738), (-0.20512132, -0.0022900791, 0.08912357), (-0.203, 0.0027541302, 0.08543585), (-0.20087868, 0.0030903863, 0.08624765), (-0.2, 0.0039021804, 0.08820749), (-0.20087868, 0.0047139744, 0.090167336), (-0.203, 0.005050231, 0.09097913), (-0.20512132, 0.0047139744, 0.090167336), (-0.206, 0.0039021804, 0.08820749), (-0.20512132, 0.0030903863, 0.08624765), (-0.203, 0.00875711, 0.08361487), (-0.20087868, 0.008928532, 0.084476665), (-0.2, 0.009342381, 0.086557224), (-0.20087868, 0.00975623, 0.088637784), (-0.203, 0.009927652, 0.089499585), (-0.20512132, 0.00975623, 0.088637784), (-0.206, 0.009342381, 0.086557224), (-0.20512132, 0.008928532, 0.084476665), (-0.203, 0.015, 0.083), (-0.20087868, 0.015, 0.08387868), (-0.2, 0.015, 0.086), (-0.20087868, 0.015, 0.08812132), (-0.203, 0.015, 0.089), (-0.20512132, 0.015, 0.08812132), (-0.206, 0.015, 0.086), (-0.20512132, 0.015, 0.08387868), (-0.203, 0.02124289, 0.08361487), (-0.20087868, 0.021071468, 0.084476665), (-0.2, 0.02065762, 0.086557224), (-0.20087868, 0.02024377, 0.088637784), (-0.203, 0.020072348, 0.089499585), (-0.20512132, 0.02024377, 0.088637784), (-0.206, 0.02065762, 0.086557224), (-0.20512132, 0.021071468, 0.084476665), (-0.203, 0.02724587, 0.08543585), (-0.20087868, 0.026909614, 0.08624765), (-0.2, 0.02609782, 0.08820749), (-0.20087868, 0.025286026, 0.090167336), (-0.203, 0.024949769, 0.09097913), (-0.20512132, 0.025286026, 0.090167336), (-0.206, 0.02609782, 0.08820749), (-0.20512132, 0.026909614, 0.08624765), (-0.203, 0.03277825, 0.08839297), (-0.20087868, 0.03229008, 0.08912357), (-0.2, 0.031111537, 0.09088738), (-0.20087868, 0.029932994, 0.092651196), (-0.203, 0.029444827, 0.09338179), (-0.20512132, 0.029932994, 0.092651196), (-0.206, 0.031111537, 0.09088738), (-0.20512132, 0.03229008, 0.08912357), (-0.203, 0.037627418, 0.09237258), (-0.20087868, 0.037006095, 0.0929939), (-0.2, 0.035506096, 0.0944939), (-0.20087868, 0.034006096, 0.095993906), (-0.203, 0.033384778, 0.096615225), (-0.20512132, 0.034006096, 0.095993906), (-0.206, 0.035506096, 0.0944939), (-0.20512132, 0.037006095, 0.0929939), (-0.203, 0.041607026, 0.097221754), (-0.20087868, 0.040876433, 0.097709924), (-0.2, 0.03911262, 0.098888464), (-0.20087868, 0.037348807, 0.100067005), (-0.203, 0.03661821, 0.100555174), (-0.20512132, 0.037348807, 0.100067005), (-0.206, 0.03911262, 0.098888464), (-0.20512132, 0.040876433, 0.097709924), (-0.203, 0.044564147, 0.10275413), (-0.20087868, 0.04375235, 0.10309038), (-0.2, 0.04179251, 0.10390218), (-0.20087868, 0.039832663, 0.10471398), (-0.203, 0.039020866, 0.10505023), (-0.20512132, 0.039832663, 0.10471398), (-0.206, 0.04179251, 0.10390218), (-0.20512132, 0.04375235, 0.10309038), (-0.203, 0.046385128, 0.10875711), (-0.20087868, 0.045523334, 0.10892853), (-0.2, 0.043442775, 0.10934238), (-0.20087868, 0.041362215, 0.10975623), (-0.203, 0.040500417, 0.109927654), (-0.20512132, 0.041362215, 0.10975623), (-0.206, 0.043442775, 0.10934238), (-0.20512132, 0.045523334, 0.10892853)]
                uniform token subdivisionScheme = "none"
            }
        }

        def Xform "collisions"
        {
            def Cube "chassis" (
                prepend apiSchemas = ["PhysicsCollisionAPI", "MaterialBindingAPI"]
            )
            {
                rel material:binding:physics = </rc_car/Looks/chassis_physics> (
                    bindMaterialAs = "weakerThanDescendants"
                )
                uniform token purpose = "guide"
                double size = 1
                float3 xformOp:scale = (0.4, 0.1, 0.046)
                double3 xformOp:translate = (0, 0, 0.013000000000000005)
                uniform token[] xformOpOrder = ["xformOp:translate", "xformOp:scale"]
            }

            def Cube "main_plate" (
                prepend apiSchemas = ["PhysicsCollisionAPI", "MaterialBindingAPI"]
            )
            {
                rel material:binding:physics = </rc_car/Looks/chassis_physics> (
                    bindMaterialAs = "weakerThanDescendants"
                )
                uniform token purpose = "guide"
                double size = 1
                float3 xformOp:scale = (0.405, 0.2, 0.004)
                double3 xformOp:translate = (0, 0, 0.0615)
                uniform token[] xformOpOrder = ["xformOp:translate", "xformOp:scale"]
            }

            def Cube "electronics" (
                prepend apiSchemas = ["PhysicsCollisionAPI", "MaterialBindingAPI"]
            )
            {
                rel material:binding:physics = </rc_car/Looks/chassis_physics> (
                    bindMaterialAs = "weakerThanDescendants"
                )
                uniform token purpose = "guide"
                double size = 1
                float3 xformOp:scale = (0.24, 0.15, 0.056)
                double3 xformOp:translate = (0.02, 0, 0.091)
                uniform token[] xformOpOrder = ["xformOp:translate", "xformOp:scale"]
            }

            def Cube "lidar" (
                prepend apiSchemas = ["PhysicsCollisionAPI", "MaterialBindingAPI"]
            )
            {
                rel material:binding:physics = </rc_car/Looks/chassis_physics> (
                    bindMaterialAs = "weakerThanDescendants"
                )
                uniform token purpose = "guide"
                double size = 1
                float3 xformOp:scale = (0.065, 0.065, 0.06)
                double3 xformOp:translate = (0.058, 0, 0.15)
                uniform token[] xformOpOrder = ["xformOp:translate", "xformOp:scale"]
            }

            def Cube "gnss" (
                prepend apiSchemas = ["PhysicsCollisionAPI", "MaterialBindingAPI"]
            )
            {
                rel material:binding:physics = </rc_car/Looks/chassis_physics> (
                    bindMaterialAs = "weakerThanDescendants"
                )
                uniform token purpose = "guide"
                double size = 1
                float3 xformOp:scale = (0.07, 0.07, 0.08)
                double3 xformOp:translate = (-0.207, 0.01, 0.14500000000000002)
                uniform token[] xformOpOrder = ["xformOp:translate", "xformOp:scale"]
            }

            def Cube "wing" (
                prepend apiSchemas = ["PhysicsCollisionAPI", "MaterialBindingAPI"]
            )
            {
                rel material:binding:physics = </rc_car/Looks/chassis_physics> (
                    bindMaterialAs = "weakerThanDescendants"
                )
                uniform token purpose = "guide"
                double size = 1
                float3 xformOp:scale = (0.06, 0.19, 0.05)
                double3 xformOp:translate = (-0.233, 0, 0.08500000000000002)
                uniform token[] xformOpOrder = ["xformOp:translate", "xformOp:scale"]
            }
        }

        def Xform "sensors"
        {
            def Xform "lidar_link"
            {
                double3 xformOp:translate = (0.058, 0, 0.16699999999999998)
                uniform token[] xformOpOrder = ["xformOp:translate"]
            }

            def Xform "imu_link"
            {
                double3 xformOp:translate = (-0.085, 0, 0.0675)
                uniform token[] xformOpOrder = ["xformOp:translate"]
            }

            def Xform "gnss_antenna_link"
            {
                double3 xformOp:translate = (-0.207, 0.01, 0.185)
                uniform token[] xformOpOrder = ["xformOp:translate"]
            }

            def Xform "camera_link"
            {
                double3 xformOp:translate = (0.154, 0, 0.1)
                uniform token[] xformOpOrder = ["xformOp:translate"]

                def Camera "camera_optical"
                {
                    float2 clippingRange = (0.01, 100)
                    float focalLength = 2.8
                    float horizontalAperture = 5.76
                    float verticalAperture = 3.6
                    quatf xformOp:orient = (-0.5, -0.5, 0.5, 0.5)
                    uniform token[] xformOpOrder = ["xformOp:orient"]
                }
            }
        }
    }

    def Scope "joints"
    {
        def PhysicsRevoluteJoint "front_left_steer_joint" (
            prepend apiSchemas = ["PhysxJointAPI", "PhysicsDriveAPI:angular"]
        )
        {
            float drive:angular:physics:damping = 0.05
            float drive:angular:physics:maxForce = 3
            float drive:angular:physics:stiffness = 1
            float drive:angular:physics:targetPosition = 0
            float drive:angular:physics:targetVelocity = 0
            uniform token drive:angular:physics:type = "force"
            uniform token physics:axis = "Z"
            rel physics:body0 = </rc_car/base_link>
            rel physics:body1 = </rc_car/front_left_steer_knuckle>
            point3f physics:localPos0 = (0.1625, 0.135, 0)
            point3f physics:localPos1 = (0, 0, 0)
            quatf physics:localRot0 = (1, 0, 0, 0)
            quatf physics:localRot1 = (1, 0, 0, 0)
            float physics:lowerLimit = -45
            float physics:upperLimit = 45
            float physxJoint:maxJointVelocity = 30000
        }

        def PhysicsRevoluteJoint "front_left_wheel_joint" (
            prepend apiSchemas = ["PhysxJointAPI", "PhysicsDriveAPI:angular"]
        )
        {
            float drive:angular:physics:damping = 0.05
            float drive:angular:physics:maxForce = 4
            float drive:angular:physics:stiffness = 0
            float drive:angular:physics:targetPosition = 0
            float drive:angular:physics:targetVelocity = 0
            uniform token drive:angular:physics:type = "force"
            uniform token physics:axis = "Y"
            rel physics:body0 = </rc_car/front_left_steer_knuckle>
            rel physics:body1 = </rc_car/front_left_wheel>
            point3f physics:localPos0 = (0, 0, 0)
            point3f physics:localPos1 = (0, 0, 0)
            quatf physics:localRot0 = (1, 0, 0, 0)
            quatf physics:localRot1 = (1, 0, 0, 0)
            float physxJoint:maxJointVelocity = 30000
        }

        def PhysicsRevoluteJoint "front_right_steer_joint" (
            prepend apiSchemas = ["PhysxJointAPI", "PhysicsDriveAPI:angular"]
        )
        {
            float drive:angular:physics:damping = 0.05
            float drive:angular:physics:maxForce = 3
            float drive:angular:physics:stiffness = 1
            float drive:angular:physics:targetPosition = 0
            float drive:angular:physics:targetVelocity = 0
            uniform token drive:angular:physics:type = "force"
            uniform token physics:axis = "Z"
            rel physics:body0 = </rc_car/base_link>
            rel physics:body1 = </rc_car/front_right_steer_knuckle>
            point3f physics:localPos0 = (0.1625, -0.135, 0)
            point3f physics:localPos1 = (0, 0, 0)
            quatf physics:localRot0 = (1, 0, 0, 0)
            quatf physics:localRot1 = (1, 0, 0, 0)
            float physics:lowerLimit = -45
            float physics:upperLimit = 45
            float physxJoint:maxJointVelocity = 30000
        }

        def PhysicsRevoluteJoint "front_right_wheel_joint" (
            prepend apiSchemas = ["PhysxJointAPI", "PhysicsDriveAPI:angular"]
        )
        {
            float drive:angular:physics:damping = 0.05
            float drive:angular:physics:maxForce = 4
            float drive:angular:physics:stiffness = 0
            float drive:angular:physics:targetPosition = 0
            float drive:angular:physics:targetVelocity = 0
            uniform token drive:angular:physics:type = "force"
            uniform token physics:axis = "Y"
            rel physics:body0 = </rc_car/front_right_steer_knuckle>
            rel physics:body1 = </rc_car/front_right_wheel>
            point3f physics:localPos0 = (0, 0, 0)
            point3f physics:localPos1 = (0, 0, 0)
            quatf physics:localRot0 = (1, 0, 0, 0)
            quatf physics:localRot1 = (1, 0, 0, 0)
            float physxJoint:maxJointVelocity = 30000
        }

        def PhysicsRevoluteJoint "rear_left_wheel_joint" (
            prepend apiSchemas = ["PhysxJointAPI", "PhysicsDriveAPI:angular"]
        )
        {
            float drive:angular:physics:damping = 0.05
            float drive:angular:physics:maxForce = 4
            float drive:angular:physics:stiffness = 0
            float drive:angular:physics:targetPosition = 0
            float drive:angular:physics:targetVelocity = 0
            uniform token drive:angular:physics:type = "force"
            uniform token physics:axis = "Y"
            rel physics:body0 = </rc_car/base_link>
            rel physics:body1 = </rc_car/rear_left_wheel>
            point3f physics:localPos0 = (-0.1625, 0.13, 0)
            point3f physics:localPos1 = (0, 0, 0)
            quatf physics:localRot0 = (1, 0, 0, 0)
            quatf physics:localRot1 = (1, 0, 0, 0)
            float physxJoint:maxJointVelocity = 30000
        }

        def PhysicsRevoluteJoint "rear_right_wheel_joint" (
            prepend apiSchemas = ["PhysxJointAPI", "PhysicsDriveAPI:angular"]
        )
        {
            float drive:angular:physics:damping = 0.05
            float drive:angular:physics:maxForce = 4
            float drive:angular:physics:stiffness = 0
            float drive:angular:physics:targetPosition = 0
            float drive:angular:physics:targetVelocity = 0
            uniform token drive:angular:physics:type = "force"
            uniform token physics:axis = "Y"
            rel physics:body0 = </rc_car/base_link>
            rel physics:body1 = </rc_car/rear_right_wheel>
            point3f physics:localPos0 = (-0.1625, -0.13, 0)
            point3f physics:localPos1 = (0, 0, 0)
            quatf physics:localRot0 = (1, 0, 0, 0)
            quatf physics:localRot1 = (1, 0, 0, 0)
            float physxJoint:maxJointVelocity = 30000
        }
    }

    def Xform "front_left_wheel" (
        prepend apiSchemas = ["PhysicsRigidBodyAPI", "PhysicsMassAPI", "PhysxRigidBodyAPI"]
    )
    {
        point3f physics:centerOfMass = (0, 0, 0)
        float3 physics:diagonalInertia = (0.00017733334, 0.000242, 0.00017733334)
        float physics:mass = 0.16
        float physxRigidBody:maxAngularVelocity = 30000
        double3 xformOp:translate = (0.1625, 0.135, 0.055)
        uniform token[] xformOpOrder = ["xformOp:translate"]

        def Mesh "tire" (
            prepend apiSchemas = ["MaterialBindingAPI"]
        )
        {
            uniform bool doubleSided = 1
            float3[] extent = [(-0.05567226, -0.0322, -0.05567635), (0.05567226, 0.0322, 0.05567635)]
            int[] faceVertexCounts = [4, 4, 4, 4, 4, 4, 4, 4, 4, 4, 4, 4, 4, 4, 4, 4, 4, 4, 4, 4, 4, 4, 4, 4, 4, 4, 4, 4, 4, 4, 4, 4, 4, 4, 4, 4, 4, 4, 4, 4, 4, 4, 4, 4, 4, 4, 4, 4, 4, 4, 4, 4, 4, 4, 4, 4, 4, 4, 4, 4, 4, 4, 4, 4, 4, 4, 4, 4, 4, 4, 4, 4, 4, 4, 4, 4, 4, 4, 4, 4, 4, 4, 4, 4, 4, 4, 4, 4, 4, 4, 4, 4, 4, 4, 4, 4, 4, 4, 4, 4, 4, 4, 4, 4, 4, 4, 4, 4, 4, 4, 4, 4, 4, 4, 4, 4, 4, 4, 4, 4, 4, 4, 4, 4, 4, 4, 4, 4, 4, 4, 4, 4, 4, 4, 4, 4, 4, 4, 4, 4, 4, 4, 4, 4, 4, 4, 4, 4, 4, 4, 4, 4, 4, 4, 4, 4, 4, 4, 4, 4, 4, 4, 4, 4, 4, 4, 4, 4, 4, 4, 4, 4, 4, 4, 4, 4, 4, 4, 4, 4, 4, 4, 4, 4, 4, 4, 4, 4, 4, 4, 4, 4, 4, 4, 4, 4, 4, 4, 4, 4, 4, 4, 4, 4, 4, 4, 4, 4, 4, 4, 4, 4, 4, 4, 4, 4, 4, 4, 4, 4, 4, 4, 4, 4, 4, 4, 4, 4, 4, 4, 4, 4, 4, 4, 4, 4, 4, 4, 4, 4, 4, 4, 4, 4, 4, 4, 4, 4, 4, 4, 4, 4, 4, 4, 4, 4, 4, 4, 4, 4, 4, 4, 4, 4, 4, 4, 4, 4, 4, 4, 4, 4, 4, 4, 4, 4, 4, 4, 4, 4, 4, 4, 4, 4, 4, 4, 4, 4, 4, 4, 4, 4, 4, 4, 4, 4, 4, 4, 4, 4, 4, 4, 4, 4, 4, 4, 4, 4, 4, 4, 4, 4, 4, 4, 4, 4, 4, 4, 4, 4, 4, 4, 4, 4, 4, 4, 4, 4, 4, 4, 4, 4, 4, 4, 4, 4, 4, 4, 4, 4, 4, 4, 4, 4, 4, 4, 4, 4, 4, 4, 4, 4, 4, 4, 4, 4, 4, 4, 4, 4, 4, 4, 4, 4, 4, 4, 4, 4, 4, 4, 4, 4, 4, 4, 4, 4, 4, 4, 4, 4, 4, 4, 4, 4, 4, 4, 4, 4, 4, 4, 4, 4, 4, 4, 4, 4, 4, 4, 4, 4, 4, 4, 4, 4, 4, 4, 4, 4, 4, 4, 4, 4, 4, 4, 4, 4, 4, 4, 4, 4, 4, 4, 4, 4, 4, 4, 4, 4, 4, 4, 4, 4, 4, 4, 4, 4, 4, 4, 4, 4, 4, 4, 4, 4, 4, 4, 4, 4, 4, 4, 4, 4, 4, 4, 4, 4, 4, 4, 4, 4, 4, 4, 4, 4, 4, 4, 4, 4, 4, 4, 4, 4, 4, 4, 4, 4, 4, 4, 4, 4, 4, 4, 4, 4, 4, 4, 4, 4, 4, 4, 4, 4, 4, 4, 4, 4, 4, 4, 4, 4, 4, 4, 4, 4, 4, 4, 4, 4, 4, 4, 4, 4, 4, 4, 4, 4, 4, 4, 4, 4, 4, 4, 4, 4, 4, 4, 4, 4, 4, 4, 4, 4, 4, 4, 4, 4, 4, 4, 4, 4, 4, 4, 4, 4, 4, 4, 4, 4, 4, 4, 4, 4, 4, 4, 4, 4, 4, 4, 4, 4, 4, 4, 4, 4, 4, 4, 4, 4, 4, 4, 4, 4, 4, 4, 4, 4, 4, 4, 4, 4, 4, 4, 4, 4, 4, 4, 4, 4, 4, 4, 4, 4, 4, 4, 4, 4, 4, 4, 4, 4, 4, 4, 4, 4, 4, 4, 4, 4, 4, 4, 4, 4, 4, 4, 4, 4, 4, 4, 4, 4, 4, 4, 4, 4, 4, 4, 4, 4, 4, 4, 4, 4, 4, 4, 4, 4, 4, 4, 4, 4, 4, 4, 4, 4, 4, 4, 4, 4, 4, 4, 4, 4, 4, 4, 4, 4, 4, 4, 4, 4, 4, 4, 4, 4, 4, 4, 4, 4, 4, 4, 4, 4, 4, 4, 4, 4, 4, 4, 4, 4, 4, 4, 4, 4, 4, 4, 4, 4, 4, 4, 4, 4, 4, 4, 4, 4, 4, 4, 4, 4, 4, 4, 4, 4, 4, 4, 4, 4, 4, 4, 4, 4, 4, 4, 4, 4, 4, 4, 4, 4, 4, 4, 4, 4, 4, 4, 4, 4, 4, 4, 4, 4, 4, 4, 4, 4, 4, 4, 4, 4, 4, 4, 4, 4, 4, 4, 4, 4, 4, 4, 4, 4, 4, 4, 4, 4, 4, 4, 4, 4, 4, 4, 4, 4, 4, 4, 4, 4, 4, 4, 4, 4, 4, 4, 4, 4, 4, 4, 4, 4, 4, 4, 4, 4, 4, 4, 4, 4, 4, 4, 4, 4, 4, 4, 4, 4, 4, 4, 4, 4, 4, 4, 4, 4, 4, 4, 4, 4, 4, 4, 4, 4, 4, 4, 4, 4, 4, 4, 4, 4, 4, 4, 4, 4, 4, 4, 4, 4, 4, 4, 4, 4, 4, 4, 4, 4, 4, 4, 4, 4, 4, 4, 4, 4, 4, 4, 4, 4, 4, 4, 4, 4, 4, 4, 4, 4, 4, 4, 4, 4, 4, 4, 4, 4, 4, 4, 4, 4, 4, 4, 4, 4, 4, 4, 4, 4, 4, 4, 4, 4, 4, 4, 4, 4, 4, 4, 4, 4, 4, 4, 4, 4, 4, 4, 4, 4, 4, 4, 4, 4, 4, 4, 4, 4, 4, 4, 4, 4, 4, 4, 4, 4, 4, 4, 4, 4, 4, 4, 4, 4, 4, 4, 4, 4, 4, 4, 4, 4, 4, 4, 4, 4, 4, 4, 4, 4, 4, 4, 4, 4, 4, 4, 4, 4, 4, 4, 4, 4, 4, 4, 4, 4, 4, 4, 4, 4, 4, 4, 4, 4, 4, 4, 4, 4, 4, 4, 4, 4, 4, 4, 4, 4, 4, 4, 4, 4, 4, 4, 4, 4, 4, 4, 4, 4, 4, 4, 4, 4, 4, 4, 4, 4, 4, 4, 4, 4, 4, 4, 4, 4, 4, 4, 4, 4, 4, 4, 4, 4, 4, 4, 4, 4, 4, 4, 4, 4, 4, 4, 4, 4, 4, 4, 4, 4, 4, 4, 4, 4, 4, 4, 4, 4, 4, 4, 4, 4, 4, 4, 4, 4, 4, 4, 4, 4, 4, 4, 4, 4, 4, 4, 4, 4, 4, 4, 4, 4, 4, 4, 4, 4, 4, 4, 4, 4, 4, 4, 4, 4, 4, 4, 4, 4, 4, 4, 4, 4, 4, 4, 4, 4, 4, 4, 4, 4, 4, 4, 4, 4, 4, 4, 4, 4, 4, 4, 4, 4, 4, 4, 4, 4, 4, 4, 4, 4, 4, 4, 4, 4, 4, 4, 4, 4, 4, 4, 4, 4, 4, 4, 4, 4, 4, 4, 4, 4, 4, 4, 4, 4, 4, 4, 4, 4, 4, 4, 4, 4, 4, 4, 4, 4, 4, 4, 4, 4, 4, 4, 4, 4, 4, 4, 4, 4, 4, 4, 4, 4, 4, 4, 4, 4, 4, 4, 4, 4]
            int[] faceVertexIndices = [1, 11, 10, 0, 2, 12, 11, 1, 3, 13, 12, 2, 4, 14, 13, 3, 5, 15, 14, 4, 6, 16, 15, 5, 7, 17, 16, 6, 8, 18, 17, 7, 9, 19, 18, 8, 11, 21, 20, 10, 12, 22, 21, 11, 13, 23, 22, 12, 14, 24, 23, 13, 15, 25, 24, 14, 16, 26, 25, 15, 17, 27, 26, 16, 18, 28, 27, 17, 19, 29, 28, 18, 21, 31, 30, 20, 22, 32, 31, 21, 23, 33, 32, 22, 24, 34, 33, 23, 25, 35, 34, 24, 26, 36, 35, 25, 27, 37, 36, 26, 28, 38, 37, 27, 29, 39, 38, 28, 31, 41, 40, 30, 32, 42, 41, 31, 33, 43, 42, 32, 34, 44, 43, 33, 35, 45, 44, 34, 36, 46, 45, 35, 37, 47, 46, 36, 38, 48, 47, 37, 39, 49, 48, 38, 41, 51, 50, 40, 42, 52, 51, 41, 43, 53, 52, 42, 44, 54, 53, 43, 45, 55, 54, 44, 46, 56, 55, 45, 47, 57, 56, 46, 48, 58, 57, 47, 49, 59, 58, 48, 51, 61, 60, 50, 52, 62, 61, 51, 53, 63, 62, 52, 54, 64, 63, 53, 55, 65, 64, 54, 56, 66, 65, 55, 57, 67, 66, 56, 58, 68, 67, 57, 59, 69, 68, 58, 61, 71, 70, 60, 62, 72, 71, 61, 63, 73, 72, 62, 64, 74, 73, 63, 65, 75, 74, 64, 66, 76, 75, 65, 67, 77, 76, 66, 68, 78, 77, 67, 69, 79, 78, 68, 71, 81, 80, 70, 72, 82, 81, 71, 73, 83, 82, 72, 74, 84, 83, 73, 75, 85, 84, 74, 76, 86, 85, 75, 77, 87, 86, 76, 78, 88, 87, 77, 79, 89, 88, 78, 81, 91, 90, 80, 82, 92, 91, 81, 83, 93, 92, 82, 84, 94, 93, 83, 85, 95, 94, 84, 86, 96, 95, 85, 87, 97, 96, 86, 88, 98, 97, 87, 89, 99, 98, 88, 91, 101, 100, 90, 92, 102, 101, 91, 93, 103, 102, 92, 94, 104, 103, 93, 95, 105, 104, 94, 96, 106, 105, 95, 97, 107, 106, 96, 98, 108, 107, 97, 99, 109, 108, 98, 101, 111, 110, 100, 102, 112, 111, 101, 103, 113, 112, 102, 104, 114, 113, 103, 105, 115, 114, 104, 106, 116, 115, 105, 107, 117, 116, 106, 108, 118, 117, 107, 109, 119, 118, 108, 111, 121, 120, 110, 112, 122, 121, 111, 113, 123, 122, 112, 114, 124, 123, 113, 115, 125, 124, 114, 116, 126, 125, 115, 117, 127, 126, 116, 118, 128, 127, 117, 119, 129, 128, 118, 121, 131, 130, 120, 122, 132, 131, 121, 123, 133, 132, 122, 124, 134, 133, 123, 125, 135, 134, 124, 126, 136, 135, 125, 127, 137, 136, 126, 128, 138, 137, 127, 129, 139, 138, 128, 131, 141, 140, 130, 132, 142, 141, 131, 133, 143, 142, 132, 134, 144, 143, 133, 135, 145, 144, 134, 136, 146, 145, 135, 137, 147, 146, 136, 138, 148, 147, 137, 139, 149, 148, 138, 141, 151, 150, 140, 142, 152, 151, 141, 143, 153, 152, 142, 144, 154, 153, 143, 145, 155, 154, 144, 146, 156, 155, 145, 147, 157, 156, 146, 148, 158, 157, 147, 149, 159, 158, 148, 151, 161, 160, 150, 152, 162, 161, 151, 153, 163, 162, 152, 154, 164, 163, 153, 155, 165, 164, 154, 156, 166, 165, 155, 157, 167, 166, 156, 158, 168, 167, 157, 159, 169, 168, 158, 161, 171, 170, 160, 162, 172, 171, 161, 163, 173, 172, 162, 164, 174, 173, 163, 165, 175, 174, 164, 166, 176, 175, 165, 167, 177, 176, 166, 168, 178, 177, 167, 169, 179, 178, 168, 171, 181, 180, 170, 172, 182, 181, 171, 173, 183, 182, 172, 174, 184, 183, 173, 175, 185, 184, 174, 176, 186, 185, 175, 177, 187, 186, 176, 178, 188, 187, 177, 179, 189, 188, 178, 181, 191, 190, 180, 182, 192, 191, 181, 183, 193, 192, 182, 184, 194, 193, 183, 185, 195, 194, 184, 186, 196, 195, 185, 187, 197, 196, 186, 188, 198, 197, 187, 189, 199, 198, 188, 191, 201, 200, 190, 192, 202, 201, 191, 193, 203, 202, 192, 194, 204, 203, 193, 195, 205, 204, 194, 196, 206, 205, 195, 197, 207, 206, 196, 198, 208, 207, 197, 199, 209, 208, 198, 201, 211, 210, 200, 202, 212, 211, 201, 203, 213, 212, 202, 204, 214, 213, 203, 205, 215, 214, 204, 206, 216, 215, 205, 207, 217, 216, 206, 208, 218, 217, 207, 209, 219, 218, 208, 211, 221, 220, 210, 212, 222, 221, 211, 213, 223, 222, 212, 214, 224, 223, 213, 215, 225, 224, 214, 216, 226, 225, 215, 217, 227, 226, 216, 218, 228, 227, 217, 219, 229, 228, 218, 221, 231, 230, 220, 222, 232, 231, 221, 223, 233, 232, 222, 224, 234, 233, 223, 225, 235, 234, 224, 226, 236, 235, 225, 227, 237, 236, 226, 228, 238, 237, 227, 229, 239, 238, 228, 231, 241, 240, 230, 232, 242, 241, 231, 233, 243, 242, 232, 234, 244, 243, 233, 235, 245, 244, 234, 236, 246, 245, 235, 237, 247, 246, 236, 238, 248, 247, 237, 239, 249, 248, 238, 241, 251, 250, 240, 242, 252, 251, 241, 243, 253, 252, 242, 244, 254, 253, 243, 245, 255, 254, 244, 246, 256, 255, 245, 247, 257, 256, 246, 248, 258, 257, 247, 249, 259, 258, 248, 251, 261, 260, 250, 252, 262, 261, 251, 253, 263, 262, 252, 254, 264, 263, 253, 255, 265, 264, 254, 256, 266, 265, 255, 257, 267, 266, 256, 258, 268, 267, 257, 259, 269, 268, 258, 261, 271, 270, 260, 262, 272, 271, 261, 263, 273, 272, 262, 264, 274, 273, 263, 265, 275, 274, 264, 266, 276, 275, 265, 267, 277, 276, 266, 268, 278, 277, 267, 269, 279, 278, 268, 271, 281, 280, 270, 272, 282, 281, 271, 273, 283, 282, 272, 274, 284, 283, 273, 275, 285, 284, 274, 276, 286, 285, 275, 277, 287, 286, 276, 278, 288, 287, 277, 279, 289, 288, 278, 281, 291, 290, 280, 282, 292, 291, 281, 283, 293, 292, 282, 284, 294, 293, 283, 285, 295, 294, 284, 286, 296, 295, 285, 287, 297, 296, 286, 288, 298, 297, 287, 289, 299, 298, 288, 291, 301, 300, 290, 292, 302, 301, 291, 293, 303, 302, 292, 294, 304, 303, 293, 295, 305, 304, 294, 296, 306, 305, 295, 297, 307, 306, 296, 298, 308, 307, 297, 299, 309, 308, 298, 301, 311, 310, 300, 302, 312, 311, 301, 303, 313, 312, 302, 304, 314, 313, 303, 305, 315, 314, 304, 306, 316, 315, 305, 307, 317, 316, 306, 308, 318, 317, 307, 309, 319, 318, 308, 311, 321, 320, 310, 312, 322, 321, 311, 313, 323, 322, 312, 314, 324, 323, 313, 315, 325, 324, 314, 316, 326, 325, 315, 317, 327, 326, 316, 318, 328, 327, 317, 319, 329, 328, 318, 321, 331, 330, 320, 322, 332, 331, 321, 323, 333, 332, 322, 324, 334, 333, 323, 325, 335, 334, 324, 326, 336, 335, 325, 327, 337, 336, 326, 328, 338, 337, 327, 329, 339, 338, 328, 331, 341, 340, 330, 332, 342, 341, 331, 333, 343, 342, 332, 334, 344, 343, 333, 335, 345, 344, 334, 336, 346, 345, 335, 337, 347, 346, 336, 338, 348, 347, 337, 339, 349, 348, 338, 341, 351, 350, 340, 342, 352, 351, 341, 343, 353, 352, 342, 344, 354, 353, 343, 345, 355, 354, 344, 346, 356, 355, 345, 347, 357, 356, 346, 348, 358, 357, 347, 349, 359, 358, 348, 351, 361, 360, 350, 352, 362, 361, 351, 353, 363, 362, 352, 354, 364, 363, 353, 355, 365, 364, 354, 356, 366, 365, 355, 357, 367, 366, 356, 358, 368, 367, 357, 359, 369, 368, 358, 361, 371, 370, 360, 362, 372, 371, 361, 363, 373, 372, 362, 364, 374, 373, 363, 365, 375, 374, 364, 366, 376, 375, 365, 367, 377, 376, 366, 368, 378, 377, 367, 369, 379, 378, 368, 371, 381, 380, 370, 372, 382, 381, 371, 373, 383, 382, 372, 374, 384, 383, 373, 375, 385, 384, 374, 376, 386, 385, 375, 377, 387, 386, 376, 378, 388, 387, 377, 379, 389, 388, 378, 381, 391, 390, 380, 382, 392, 391, 381, 383, 393, 392, 382, 384, 394, 393, 383, 385, 395, 394, 384, 386, 396, 395, 385, 387, 397, 396, 386, 388, 398, 397, 387, 389, 399, 398, 388, 391, 401, 400, 390, 392, 402, 401, 391, 393, 403, 402, 392, 394, 404, 403, 393, 395, 405, 404, 394, 396, 406, 405, 395, 397, 407, 406, 396, 398, 408, 407, 397, 399, 409, 408, 398, 401, 411, 410, 400, 402, 412, 411, 401, 403, 413, 412, 402, 404, 414, 413, 403, 405, 415, 414, 404, 406, 416, 415, 405, 407, 417, 416, 406, 408, 418, 417, 407, 409, 419, 418, 408, 411, 421, 420, 410, 412, 422, 421, 411, 413, 423, 422, 412, 414, 424, 423, 413, 415, 425, 424, 414, 416, 426, 425, 415, 417, 427, 426, 416, 418, 428, 427, 417, 419, 429, 428, 418, 421, 431, 430, 420, 422, 432, 431, 421, 423, 433, 432, 422, 424, 434, 433, 423, 425, 435, 434, 424, 426, 436, 435, 425, 427, 437, 436, 426, 428, 438, 437, 427, 429, 439, 438, 428, 431, 441, 440, 430, 432, 442, 441, 431, 433, 443, 442, 432, 434, 444, 443, 433, 435, 445, 444, 434, 436, 446, 445, 435, 437, 447, 446, 436, 438, 448, 447, 437, 439, 449, 448, 438, 441, 451, 450, 440, 442, 452, 451, 441, 443, 453, 452, 442, 444, 454, 453, 443, 445, 455, 454, 444, 446, 456, 455, 445, 447, 457, 456, 446, 448, 458, 457, 447, 449, 459, 458, 448, 451, 461, 460, 450, 452, 462, 461, 451, 453, 463, 462, 452, 454, 464, 463, 453, 455, 465, 464, 454, 456, 466, 465, 455, 457, 467, 466, 456, 458, 468, 467, 457, 459, 469, 468, 458, 461, 471, 470, 460, 462, 472, 471, 461, 463, 473, 472, 462, 464, 474, 473, 463, 465, 475, 474, 464, 466, 476, 475, 465, 467, 477, 476, 466, 468, 478, 477, 467, 469, 479, 478, 468, 471, 481, 480, 470, 472, 482, 481, 471, 473, 483, 482, 472, 474, 484, 483, 473, 475, 485, 484, 474, 476, 486, 485, 475, 477, 487, 486, 476, 478, 488, 487, 477, 479, 489, 488, 478, 481, 491, 490, 480, 482, 492, 491, 481, 483, 493, 492, 482, 484, 494, 493, 483, 485, 495, 494, 484, 486, 496, 495, 485, 487, 497, 496, 486, 488, 498, 497, 487, 489, 499, 498, 488, 491, 501, 500, 490, 492, 502, 501, 491, 493, 503, 502, 492, 494, 504, 503, 493, 495, 505, 504, 494, 496, 506, 505, 495, 497, 507, 506, 496, 498, 508, 507, 497, 499, 509, 508, 498, 501, 511, 510, 500, 502, 512, 511, 501, 503, 513, 512, 502, 504, 514, 513, 503, 505, 515, 514, 504, 506, 516, 515, 505, 507, 517, 516, 506, 508, 518, 517, 507, 509, 519, 518, 508, 511, 521, 520, 510, 512, 522, 521, 511, 513, 523, 522, 512, 514, 524, 523, 513, 515, 525, 524, 514, 516, 526, 525, 515, 517, 527, 526, 516, 518, 528, 527, 517, 519, 529, 528, 518, 521, 531, 530, 520, 522, 532, 531, 521, 523, 533, 532, 522, 524, 534, 533, 523, 525, 535, 534, 524, 526, 536, 535, 525, 527, 537, 536, 526, 528, 538, 537, 527, 529, 539, 538, 528, 531, 541, 540, 530, 532, 542, 541, 531, 533, 543, 542, 532, 534, 544, 543, 533, 535, 545, 544, 534, 536, 546, 545, 535, 537, 547, 546, 536, 538, 548, 547, 537, 539, 549, 548, 538, 541, 551, 550, 540, 542, 552, 551, 541, 543, 553, 552, 542, 544, 554, 553, 543, 545, 555, 554, 544, 546, 556, 555, 545, 547, 557, 556, 546, 548, 558, 557, 547, 549, 559, 558, 548, 551, 1, 0, 550, 552, 2, 1, 551, 553, 3, 2, 552, 554, 4, 3, 553, 555, 5, 4, 554, 556, 6, 5, 555, 557, 7, 6, 556, 558, 8, 7, 557, 559, 9, 8, 558, 560, 561, 563, 562, 564, 566, 567, 565, 560, 564, 565, 561, 562, 563, 567, 566, 560, 562, 566, 564, 561, 565, 567, 563, 568, 569, 571, 570, 572, 574, 575, 573, 568, 572, 573, 569, 570, 571, 575, 574, 568, 570, 574, 572, 569, 573, 575, 571, 576, 577, 579, 578, 580, 582, 583, 581, 576, 580, 581, 577, 578, 579, 583, 582, 576, 578, 582, 580, 577, 581, 583, 579, 584, 585, 587, 586, 588, 590, 591, 589, 584, 588, 589, 585, 586, 587, 591, 590, 584, 586, 590, 588, 585, 589, 591, 587, 592, 593, 595, 594, 596, 598, 599, 597, 592, 596, 597, 593, 594, 595, 599, 598, 592, 594, 598, 596, 593, 597, 599, 595, 600, 601, 603, 602, 604, 606, 607, 605, 600, 604, 605, 601, 602, 603, 607, 606, 600, 602, 606, 604, 601, 605, 607, 603, 608, 609, 611, 610, 612, 614, 615, 613, 608, 612, 613, 609, 610, 611, 615, 614, 608, 610, 614, 612, 609, 613, 615, 611, 616, 617, 619, 618, 620, 622, 623, 621, 616, 620, 621, 617, 618, 619, 623, 622, 616, 618, 622, 620, 617, 621, 623, 619, 624, 625, 627, 626, 628, 630, 631, 629, 624, 628, 629, 625, 626, 627, 631, 630, 624, 626, 630, 628, 625, 629, 631, 627, 632, 633, 635, 634, 636, 638, 639, 637, 632, 636, 637, 633, 634, 635, 639, 638, 632, 634, 638, 636, 633, 637, 639, 635, 640, 641, 643, 642, 644, 646, 647, 645, 640, 644, 645, 641, 642, 643, 647, 646, 640, 642, 646, 644, 641, 645, 647, 643, 648, 649, 651, 650, 652, 654, 655, 653, 648, 652, 653, 649, 650, 651, 655, 654, 648, 650, 654, 652, 649, 653, 655, 651, 656, 657, 659, 658, 660, 662, 663, 661, 656, 660, 661, 657, 658, 659, 663, 662, 656, 658, 662, 660, 657, 661, 663, 659, 664, 665, 667, 666, 668, 670, 671, 669, 664, 668, 669, 665, 666, 667, 671, 670, 664, 666, 670, 668, 665, 669, 671, 667, 672, 673, 675, 674, 676, 678, 679, 677, 672, 676, 677, 673, 674, 675, 679, 678, 672, 674, 678, 676, 673, 677, 679, 675, 680, 681, 683, 682, 684, 686, 687, 685, 680, 684, 685, 681, 682, 683, 687, 686, 680, 682, 686, 684, 681, 685, 687, 683, 688, 689, 691, 690, 692, 694, 695, 693, 688, 692, 693, 689, 690, 691, 695, 694, 688, 690, 694, 692, 689, 693, 695, 691, 696, 697, 699, 698, 700, 702, 703, 701, 696, 700, 701, 697, 698, 699, 703, 702, 696, 698, 702, 700, 697, 701, 703, 699, 704, 705, 707, 706, 708, 710, 711, 709, 704, 708, 709, 705, 706, 707, 711, 710, 704, 706, 710, 708, 705, 709, 711, 707, 712, 713, 715, 714, 716, 718, 719, 717, 712, 716, 717, 713, 714, 715, 719, 718, 712, 714, 718, 716, 713, 717, 719, 715, 720, 721, 723, 722, 724, 726, 727, 725, 720, 724, 725, 721, 722, 723, 727, 726, 720, 722, 726, 724, 721, 725, 727, 723, 728, 729, 731, 730, 732, 734, 735, 733, 728, 732, 733, 729, 730, 731, 735, 734, 728, 730, 734, 732, 729, 733, 735, 731, 736, 737, 739, 738, 740, 742, 743, 741, 736, 740, 741, 737, 738, 739, 743, 742, 736, 738, 742, 740, 737, 741, 743, 739, 744, 745, 747, 746, 748, 750, 751, 749, 744, 748, 749, 745, 746, 747, 751, 750, 744, 746, 750, 748, 745, 749, 751, 747, 752, 753, 755, 754, 756, 758, 759, 757, 752, 756, 757, 753, 754, 755, 759, 758, 752, 754, 758, 756, 753, 757, 759, 755, 760, 761, 763, 762, 764, 766, 767, 765, 760, 764, 765, 761, 762, 763, 767, 766, 760, 762, 766, 764, 761, 765, 767, 763, 768, 769, 771, 770, 772, 774, 775, 773, 768, 772, 773, 769, 770, 771, 775, 774, 768, 770, 774, 772, 769, 773, 775, 771, 776, 777, 779, 778, 780, 782, 783, 781, 776, 780, 781, 777, 778, 779, 783, 782, 776, 778, 782, 780, 777, 781, 783, 779, 784, 785, 787, 786, 788, 790, 791, 789, 784, 788, 789, 785, 786, 787, 791, 790, 784, 786, 790, 788, 785, 789, 791, 787, 792, 793, 795, 794, 796, 798, 799, 797, 792, 796, 797, 793, 794, 795, 799, 798, 792, 794, 798, 796, 793, 797, 799, 795, 800, 801, 803, 802, 804, 806, 807, 805, 800, 804, 805, 801, 802, 803, 807, 806, 800, 802, 806, 804, 801, 805, 807, 803, 808, 809, 811, 810, 812, 814, 815, 813, 808, 812, 813, 809, 810, 811, 815, 814, 808, 810, 814, 812, 809, 813, 815, 811, 816, 817, 819, 818, 820, 822, 823, 821, 816, 820, 821, 817, 818, 819, 823, 822, 816, 818, 822, 820, 817, 821, 823, 819, 824, 825, 827, 826, 828, 830, 831, 829, 824, 828, 829, 825, 826, 827, 831, 830, 824, 826, 830, 828, 825, 829, 831, 827, 832, 833, 835, 834, 836, 838, 839, 837, 832, 836, 837, 833, 834, 835, 839, 838, 832, 834, 838, 836, 833, 837, 839, 835, 840, 841, 843, 842, 844, 846, 847, 845, 840, 844, 845, 841, 842, 843, 847, 846, 840, 842, 846, 844, 841, 845, 847, 843, 848, 849, 851, 850, 852, 854, 855, 853, 848, 852, 853, 849, 850, 851, 855, 854, 848, 850, 854, 852, 849, 853, 855, 851, 856, 857, 859, 858, 860, 862, 863, 861, 856, 860, 861, 857, 858, 859, 863, 862, 856, 858, 862, 860, 857, 861, 863, 859, 864, 865, 867, 866, 868, 870, 871, 869, 864, 868, 869, 865, 866, 867, 871, 870, 864, 866, 870, 868, 865, 869, 871, 867, 872, 873, 875, 874, 876, 878, 879, 877, 872, 876, 877, 873, 874, 875, 879, 878, 872, 874, 878, 876, 873, 877, 879, 875, 880, 881, 883, 882, 884, 886, 887, 885, 880, 884, 885, 881, 882, 883, 887, 886, 880, 882, 886, 884, 881, 885, 887, 883, 888, 889, 891, 890, 892, 894, 895, 893, 888, 892, 893, 889, 890, 891, 895, 894, 888, 890, 894, 892, 889, 893, 895, 891, 896, 897, 899, 898, 900, 902, 903, 901, 896, 900, 901, 897, 898, 899, 903, 902, 896, 898, 902, 900, 897, 901, 903, 899, 904, 905, 907, 906, 908, 910, 911, 909, 904, 908, 909, 905, 906, 907, 911, 910, 904, 906, 910, 908, 905, 909, 911, 907, 912, 913, 915, 914, 916, 918, 919, 917, 912, 916, 917, 913, 914, 915, 919, 918, 912, 914, 918, 916, 913, 917, 919, 915, 920, 921, 923, 922, 924, 926, 927, 925, 920, 924, 925, 921, 922, 923, 927, 926, 920, 922, 926, 924, 921, 925, 927, 923, 928, 929, 931, 930, 932, 934, 935, 933, 928, 932, 933, 929, 930, 931, 935, 934, 928, 930, 934, 932, 929, 933, 935, 931, 936, 937, 939, 938, 940, 942, 943, 941, 936, 940, 941, 937, 938, 939, 943, 942, 936, 938, 942, 940, 937, 941, 943, 939, 944, 945, 947, 946, 948, 950, 951, 949, 944, 948, 949, 945, 946, 947, 951, 950, 944, 946, 950, 948, 945, 949, 951, 947, 952, 953, 955, 954, 956, 958, 959, 957, 952, 956, 957, 953, 954, 955, 959, 958, 952, 954, 958, 956, 953, 957, 959, 955, 960, 961, 963, 962, 964, 966, 967, 965, 960, 964, 965, 961, 962, 963, 967, 966, 960, 962, 966, 964, 961, 965, 967, 963, 968, 969, 971, 970, 972, 974, 975, 973, 968, 972, 973, 969, 970, 971, 975, 974, 968, 970, 974, 972, 969, 973, 975, 971, 976, 977, 979, 978, 980, 982, 983, 981, 976, 980, 981, 977, 978, 979, 983, 982, 976, 978, 982, 980, 977, 981, 983, 979, 984, 985, 987, 986, 988, 990, 991, 989, 984, 988, 989, 985, 986, 987, 991, 990, 984, 986, 990, 988, 985, 989, 991, 987, 992, 993, 995, 994, 996, 998, 999, 997, 992, 996, 997, 993, 994, 995, 999, 998, 992, 994, 998, 996, 993, 997, 999, 995, 1000, 1001, 1003, 1002, 1004, 1006, 1007, 1005, 1000, 1004, 1005, 1001, 1002, 1003, 1007, 1006, 1000, 1002, 1006, 1004, 1001, 1005, 1007, 1003, 1008, 1009, 1011, 1010, 1012, 1014, 1015, 1013, 1008, 1012, 1013, 1009, 1010, 1011, 1015, 1014, 1008, 1010, 1014, 1012, 1009, 1013, 1015, 1011, 1016, 1017, 1019, 1018, 1020, 1022, 1023, 1021, 1016, 1020, 1021, 1017, 1018, 1019, 1023, 1022, 1016, 1018, 1022, 1020, 1017, 1021, 1023, 1019, 1024, 1025, 1027, 1026, 1028, 1030, 1031, 1029, 1024, 1028, 1029, 1025, 1026, 1027, 1031, 1030, 1024, 1026, 1030, 1028, 1025, 1029, 1031, 1027, 1032, 1033, 1035, 1034, 1036, 1038, 1039, 1037, 1032, 1036, 1037, 1033, 1034, 1035, 1039, 1038, 1032, 1034, 1038, 1036, 1033, 1037, 1039, 1035, 1040, 1041, 1043, 1042, 1044, 1046, 1047, 1045, 1040, 1044, 1045, 1041, 1042, 1043, 1047, 1046, 1040, 1042, 1046, 1044, 1041, 1045, 1047, 1043, 1048, 1049, 1051, 1050, 1052, 1054, 1055, 1053, 1048, 1052, 1053, 1049, 1050, 1051, 1055, 1054, 1048, 1050, 1054, 1052, 1049, 1053, 1055, 1051, 1056, 1057, 1059, 1058, 1060, 1062, 1063, 1061, 1056, 1060, 1061, 1057, 1058, 1059, 1063, 1062, 1056, 1058, 1062, 1060, 1057, 1061, 1063, 1059, 1064, 1065, 1067, 1066, 1068, 1070, 1071, 1069, 1064, 1068, 1069, 1065, 1066, 1067, 1071, 1070, 1064, 1066, 1070, 1068, 1065, 1069, 1071, 1067, 1072, 1073, 1075, 1074, 1076, 1078, 1079, 1077, 1072, 1076, 1077, 1073, 1074, 1075, 1079, 1078, 1072, 1074, 1078, 1076, 1073, 1077, 1079, 1075, 1080, 1081, 1083, 1082, 1084, 1086, 1087, 1085, 1080, 1084, 1085, 1081, 1082, 1083, 1087, 1086, 1080, 1082, 1086, 1084, 1081, 1085, 1087, 1083, 1088, 1089, 1091, 1090, 1092, 1094, 1095, 1093, 1088, 1092, 1093, 1089, 1090, 1091, 1095, 1094, 1088, 1090, 1094, 1092, 1089, 1093, 1095, 1091, 1096, 1097, 1099, 1098, 1100, 1102, 1103, 1101, 1096, 1100, 1101, 1097, 1098, 1099, 1103, 1102, 1096, 1098, 1102, 1100, 1097, 1101, 1103, 1099, 1104, 1105, 1107, 1106, 1108, 1110, 1111, 1109, 1104, 1108, 1109, 1105, 1106, 1107, 1111, 1110, 1104, 1106, 1110, 1108, 1105, 1109, 1111, 1107, 1112, 1113, 1115, 1114, 1116, 1118, 1119, 1117, 1112, 1116, 1117, 1113, 1114, 1115, 1119, 1118, 1112, 1114, 1118, 1116, 1113, 1117, 1119, 1115, 1120, 1121, 1123, 1122, 1124, 1126, 1127, 1125, 1120, 1124, 1125, 1121, 1122, 1123, 1127, 1126, 1120, 1122, 1126, 1124, 1121, 1125, 1127, 1123, 1128, 1129, 1131, 1130, 1132, 1134, 1135, 1133, 1128, 1132, 1133, 1129, 1130, 1131, 1135, 1134, 1128, 1130, 1134, 1132, 1129, 1133, 1135, 1131, 1136, 1137, 1139, 1138, 1140, 1142, 1143, 1141, 1136, 1140, 1141, 1137, 1138, 1139, 1143, 1142, 1136, 1138, 1142, 1140, 1137, 1141, 1143, 1139, 1144, 1145, 1147, 1146, 1148, 1150, 1151, 1149, 1144, 1148, 1149, 1145, 1146, 1147, 1151, 1150, 1144, 1146, 1150, 1148, 1145, 1149, 1151, 1147, 1152, 1153, 1155, 1154, 1156, 1158, 1159, 1157, 1152, 1156, 1157, 1153, 1154, 1155, 1159, 1158, 1152, 1154, 1158, 1156, 1153, 1157, 1159, 1155, 1160, 1161, 1163, 1162, 1164, 1166, 1167, 1165, 1160, 1164, 1165, 1161, 1162, 1163, 1167, 1166, 1160, 1162, 1166, 1164, 1161, 1165, 1167, 1163, 1168, 1169, 1171, 1170, 1172, 1174, 1175, 1173, 1168, 1172, 1173, 1169, 1170, 1171, 1175, 1174, 1168, 1170, 1174, 1172, 1169, 1173, 1175, 1171, 1176, 1177, 1179, 1178, 1180, 1182, 1183, 1181, 1176, 1180, 1181, 1177, 1178, 1179, 1183, 1182, 1176, 1178, 1182, 1180, 1177, 1181, 1183, 1179, 1184, 1185, 1187, 1186, 1188, 1190, 1191, 1189, 1184, 1188, 1189, 1185, 1186, 1187, 1191, 1190, 1184, 1186, 1190, 1188, 1185, 1189, 1191, 1187, 1192, 1193, 1195, 1194, 1196, 1198, 1199, 1197, 1192, 1196, 1197, 1193, 1194, 1195, 1199, 1198, 1192, 1194, 1198, 1196, 1193, 1197, 1199, 1195, 1200, 1201, 1203, 1202, 1204, 1206, 1207, 1205, 1200, 1204, 1205, 1201, 1202, 1203, 1207, 1206, 1200, 1202, 1206, 1204, 1201, 1205, 1207, 1203, 1208, 1209, 1211, 1210, 1212, 1214, 1215, 1213, 1208, 1212, 1213, 1209, 1210, 1211, 1215, 1214, 1208, 1210, 1214, 1212, 1209, 1213, 1215, 1211, 1216, 1217, 1219, 1218, 1220, 1222, 1223, 1221, 1216, 1220, 1221, 1217, 1218, 1219, 1223, 1222, 1216, 1218, 1222, 1220, 1217, 1221, 1223, 1219, 1224, 1225, 1227, 1226, 1228, 1230, 1231, 1229, 1224, 1228, 1229, 1225, 1226, 1227, 1231, 1230, 1224, 1226, 1230, 1228, 1225, 1229, 1231, 1227, 1232, 1233, 1235, 1234, 1236, 1238, 1239, 1237, 1232, 1236, 1237, 1233, 1234, 1235, 1239, 1238, 1232, 1234, 1238, 1236, 1233, 1237, 1239, 1235, 1240, 1241, 1243, 1242, 1244, 1246, 1247, 1245, 1240, 1244, 1245, 1241, 1242, 1243, 1247, 1246, 1240, 1242, 1246, 1244, 1241, 1245, 1247, 1243, 1248, 1249, 1251, 1250, 1252, 1254, 1255, 1253, 1248, 1252, 1253, 1249, 1250, 1251, 1255, 1254, 1248, 1250, 1254, 1252, 1249, 1253, 1255, 1251, 1256, 1257, 1259, 1258, 1260, 1262, 1263, 1261, 1256, 1260, 1261, 1257, 1258, 1259, 1263, 1262, 1256, 1258, 1262, 1260, 1257, 1261, 1263, 1259, 1264, 1265, 1267, 1266, 1268, 1270, 1271, 1269, 1264, 1268, 1269, 1265, 1266, 1267, 1271, 1270, 1264, 1266, 1270, 1268, 1265, 1269, 1271, 1267, 1272, 1273, 1275, 1274, 1276, 1278, 1279, 1277, 1272, 1276, 1277, 1273, 1274, 1275, 1279, 1278, 1272, 1274, 1278, 1276, 1273, 1277, 1279, 1275, 1280, 1281, 1283, 1282, 1284, 1286, 1287, 1285, 1280, 1284, 1285, 1281, 1282, 1283, 1287, 1286, 1280, 1282, 1286, 1284, 1281, 1285, 1287, 1283, 1288, 1289, 1291, 1290, 1292, 1294, 1295, 1293, 1288, 1292, 1293, 1289, 1290, 1291, 1295, 1294, 1288, 1290, 1294, 1292, 1289, 1293, 1295, 1291, 1296, 1297, 1299, 1298, 1300, 1302, 1303, 1301, 1296, 1300, 1301, 1297, 1298, 1299, 1303, 1302, 1296, 1298, 1302, 1300, 1297, 1301, 1303, 1299, 1304, 1305, 1307, 1306, 1308, 1310, 1311, 1309, 1304, 1308, 1309, 1305, 1306, 1307, 1311, 1310, 1304, 1306, 1310, 1308, 1305, 1309, 1311, 1307, 1312, 1313, 1315, 1314, 1316, 1318, 1319, 1317, 1312, 1316, 1317, 1313, 1314, 1315, 1319, 1318, 1312, 1314, 1318, 1316, 1313, 1317, 1319, 1315, 1320, 1321, 1323, 1322, 1324, 1326, 1327, 1325, 1320, 1324, 1325, 1321, 1322, 1323, 1327, 1326, 1320, 1322, 1326, 1324, 1321, 1325, 1327, 1323, 1328, 1329, 1331, 1330, 1332, 1334, 1335, 1333, 1328, 1332, 1333, 1329, 1330, 1331, 1335, 1334, 1328, 1330, 1334, 1332, 1329, 1333, 1335, 1331, 1336, 1337, 1339, 1338, 1340, 1342, 1343, 1341, 1336, 1340, 1341, 1337, 1338, 1339, 1343, 1342, 1336, 1338, 1342, 1340, 1337, 1341, 1343, 1339, 1344, 1345, 1347, 1346, 1348, 1350, 1351, 1349, 1344, 1348, 1349, 1345, 1346, 1347, 1351, 1350, 1344, 1346, 1350, 1348, 1345, 1349, 1351, 1347, 1352, 1353, 1355, 1354, 1356, 1358, 1359, 1357, 1352, 1356, 1357, 1353, 1354, 1355, 1359, 1358, 1352, 1354, 1358, 1356, 1353, 1357, 1359, 1355, 1360, 1361, 1363, 1362, 1364, 1366, 1367, 1365, 1360, 1364, 1365, 1361, 1362, 1363, 1367, 1366, 1360, 1362, 1366, 1364, 1361, 1365, 1367, 1363, 1368, 1369, 1371, 1370, 1372, 1374, 1375, 1373, 1368, 1372, 1373, 1369, 1370, 1371, 1375, 1374, 1368, 1370, 1374, 1372, 1369, 1373, 1375, 1371, 1376, 1377, 1379, 1378, 1380, 1382, 1383, 1381, 1376, 1380, 1381, 1377, 1378, 1379, 1383, 1382, 1376, 1378, 1382, 1380, 1377, 1381, 1383, 1379, 1384, 1385, 1387, 1386, 1388, 1390, 1391, 1389, 1384, 1388, 1389, 1385, 1386, 1387, 1391, 1390, 1384, 1386, 1390, 1388, 1385, 1389, 1391, 1387, 1392, 1393, 1395, 1394, 1396, 1398, 1399, 1397, 1392, 1396, 1397, 1393, 1394, 1395, 1399, 1398, 1392, 1394, 1398, 1396, 1393, 1397, 1399, 1395, 1400, 1401, 1403, 1402, 1404, 1406, 1407, 1405, 1400, 1404, 1405, 1401, 1402, 1403, 1407, 1406, 1400, 1402, 1406, 1404, 1401, 1405, 1407, 1403, 1408, 1409, 1411, 1410, 1412, 1414, 1415, 1413, 1408, 1412, 1413, 1409, 1410, 1411, 1415, 1414, 1408, 1410, 1414, 1412, 1409, 1413, 1415, 1411, 1416, 1417, 1419, 1418, 1420, 1422, 1423, 1421, 1416, 1420, 1421, 1417, 1418, 1419, 1423, 1422, 1416, 1418, 1422, 1420, 1417, 1421, 1423, 1419, 1424, 1425, 1427, 1426, 1428, 1430, 1431, 1429, 1424, 1428, 1429, 1425, 1426, 1427, 1431, 1430, 1424, 1426, 1430, 1428, 1425, 1429, 1431, 1427, 1432, 1433, 1435, 1434, 1436, 1438, 1439, 1437, 1432, 1436, 1437, 1433, 1434, 1435, 1439, 1438, 1432, 1434, 1438, 1436, 1433, 1437, 1439, 1435]
            rel material:binding = </rc_car/Looks/rubber>
            point3f[] points = [(0.036, -0.029, 0), (0.044, -0.0322, 0), (0.049, -0.031, 0), (0.0512, -0.027, 0), (0.0515, -0.01, 0), (0.0515, 0.01, 0), (0.0512, 0.027, 0), (0.049, 0.031, 0), (0.044, 0.0322, 0), (0.036, 0.029, 0), (0.03577364, -0.029, 0.0040307213), (0.043723337, -0.0322, 0.004926437), (0.0486919, -0.031, 0.0054862592), (0.050878067, -0.027, 0.005732581), (0.05117618, -0.01, 0.0057661706), (0.05117618, 0.01, 0.0057661706), (0.050878067, 0.027, 0.005732581), (0.0486919, 0.031, 0.0054862592), (0.043723337, 0.0322, 0.004926437), (0.03577364, 0.029, 0.0040307213), (0.035097405, -0.029, 0.008010753), (0.04289683, -0.0322, 0.009790921), (0.04777147, -0.031, 0.010903526), (0.04991631, -0.027, 0.011393072), (0.05020879, -0.01, 0.011459828), (0.05020879, 0.01, 0.011459828), (0.04991631, 0.027, 0.011393072), (0.04777147, 0.031, 0.010903526), (0.04289683, 0.0322, 0.009790921), (0.035097405, 0.029, 0.008010753), (0.0339798, -0.029, 0.011890046), (0.041530866, -0.0322, 0.014532278), (0.046250284, -0.031, 0.016183674), (0.048326828, -0.027, 0.016910288), (0.04860999, -0.01, 0.017009372), (0.04860999, 0.01, 0.017009372), (0.048326828, 0.027, 0.016910288), (0.046250284, 0.031, 0.016183674), (0.041530866, 0.0322, 0.014532278), (0.0339798, 0.029, 0.011890046), (0.03243488, -0.029, 0.015619814), (0.039642632, -0.0322, 0.019090885), (0.044147473, -0.031, 0.021260303), (0.046129607, -0.027, 0.022214847), (0.046399895, -0.01, 0.022345012), (0.046399895, 0.01, 0.022345012), (0.046129607, 0.027, 0.022214847), (0.044147473, 0.031, 0.021260303), (0.039642632, 0.0322, 0.019090885), (0.03243488, 0.029, 0.015619814), (0.03048207, -0.029, 0.019153155), (0.037255865, -0.0322, 0.023409411), (0.041489486, -0.031, 0.026069572), (0.04335228, -0.027, 0.027240042), (0.043606296, -0.01, 0.027399652), (0.043606296, 0.01, 0.027399652), (0.04335228, 0.027, 0.027240042), (0.041489486, 0.031, 0.026069572), (0.037255865, 0.0322, 0.023409411), (0.03048207, 0.029, 0.019153155), (0.028145934, -0.029, 0.022445632), (0.034400586, -0.0322, 0.027433552), (0.03830974, -0.031, 0.030551), (0.04002977, -0.027, 0.03192268), (0.04026432, -0.01, 0.032109726), (0.04026432, 0.01, 0.032109726), (0.04002977, 0.027, 0.03192268), (0.03830974, 0.031, 0.030551), (0.034400586, 0.0322, 0.027433552), (0.028145934, 0.029, 0.022445632), (0.025455844, -0.029, 0.025455844), (0.031112699, -0.0322, 0.031112699), (0.034648232, -0.031, 0.034648232), (0.03620387, -0.027, 0.03620387), (0.036415998, -0.01, 0.036415998), (0.036415998, 0.01, 0.036415998), (0.03620387, 0.027, 0.03620387), (0.034648232, 0.031, 0.034648232), (0.031112699, 0.0322, 0.031112699), (0.025455844, 0.029, 0.025455844), (0.022445632, -0.029, 0.028145934), (0.027433552, -0.0322, 0.034400586), (0.030551, -0.031, 0.03830974), (0.03192268, -0.027, 0.04002977), (0.032109726, -0.01, 0.04026432), (0.032109726, 0.01, 0.04026432), (0.03192268, 0.027, 0.04002977), (0.030551, 0.031, 0.03830974), (0.027433552, 0.0322, 0.034400586), (0.022445632, 0.029, 0.028145934), (0.019153155, -0.029, 0.03048207), (0.023409411, -0.0322, 0.037255865), (0.026069572, -0.031, 0.041489486), (0.027240042, -0.027, 0.04335228), (0.027399652, -0.01, 0.043606296), (0.027399652, 0.01, 0.043606296), (0.027240042, 0.027, 0.04335228), (0.026069572, 0.031, 0.041489486), (0.023409411, 0.0322, 0.037255865), (0.019153155, 0.029, 0.03048207), (0.015619814, -0.029, 0.03243488), (0.019090885, -0.0322, 0.039642632), (0.021260303, -0.031, 0.044147473), (0.022214847, -0.027, 0.046129607), (0.022345012, -0.01, 0.046399895), (0.022345012, 0.01, 0.046399895), (0.022214847, 0.027, 0.046129607), (0.021260303, 0.031, 0.044147473), (0.019090885, 0.0322, 0.039642632), (0.015619814, 0.029, 0.03243488), (0.011890046, -0.029, 0.0339798), (0.014532278, -0.0322, 0.041530866), (0.016183674, -0.031, 0.046250284), (0.016910288, -0.027, 0.048326828), (0.017009372, -0.01, 0.04860999), (0.017009372, 0.01, 0.04860999), (0.016910288, 0.027, 0.048326828), (0.016183674, 0.031, 0.046250284), (0.014532278, 0.0322, 0.041530866), (0.011890046, 0.029, 0.0339798), (0.008010753, -0.029, 0.035097405), (0.009790921, -0.0322, 0.04289683), (0.010903526, -0.031, 0.04777147), (0.011393072, -0.027, 0.04991631), (0.011459828, -0.01, 0.05020879), (0.011459828, 0.01, 0.05020879), (0.011393072, 0.027, 0.04991631), (0.010903526, 0.031, 0.04777147), (0.009790921, 0.0322, 0.04289683), (0.008010753, 0.029, 0.035097405), (0.0040307213, -0.029, 0.03577364), (0.004926437, -0.0322, 0.043723337), (0.0054862592, -0.031, 0.0486919), (0.005732581, -0.027, 0.050878067), (0.0057661706, -0.01, 0.05117618), (0.0057661706, 0.01, 0.05117618), (0.005732581, 0.027, 0.050878067), (0.0054862592, 0.031, 0.0486919), (0.004926437, 0.0322, 0.043723337), (0.0040307213, 0.029, 0.03577364), (2.2043642e-18, -0.029, 0.036), (2.694223e-18, -0.0322, 0.044), (3.0003847e-18, -0.031, 0.049), (3.1350958e-18, -0.027, 0.0512), (3.1534654e-18, -0.01, 0.0515), (3.1534654e-18, 0.01, 0.0515), (3.1350958e-18, 0.027, 0.0512), (3.0003847e-18, 0.031, 0.049), (2.694223e-18, 0.0322, 0.044), (2.2043642e-18, 0.029, 0.036), (-0.0040307213, -0.029, 0.03577364), (-0.004926437, -0.0322, 0.043723337), (-0.0054862592, -0.031, 0.0486919), (-0.005732581, -0.027, 0.050878067), (-0.0057661706, -0.01, 0.05117618), (-0.0057661706, 0.01, 0.05117618), (-0.005732581, 0.027, 0.050878067), (-0.0054862592, 0.031, 0.0486919), (-0.004926437, 0.0322, 0.043723337), (-0.0040307213, 0.029, 0.03577364), (-0.008010753, -0.029, 0.035097405), (-0.009790921, -0.0322, 0.04289683), (-0.010903526, -0.031, 0.04777147), (-0.011393072, -0.027, 0.04991631), (-0.011459828, -0.01, 0.05020879), (-0.011459828, 0.01, 0.05020879), (-0.011393072, 0.027, 0.04991631), (-0.010903526, 0.031, 0.04777147), (-0.009790921, 0.0322, 0.04289683), (-0.008010753, 0.029, 0.035097405), (-0.011890046, -0.029, 0.0339798), (-0.014532278, -0.0322, 0.041530866), (-0.016183674, -0.031, 0.046250284), (-0.016910288, -0.027, 0.048326828), (-0.017009372, -0.01, 0.04860999), (-0.017009372, 0.01, 0.04860999), (-0.016910288, 0.027, 0.048326828), (-0.016183674, 0.031, 0.046250284), (-0.014532278, 0.0322, 0.041530866), (-0.011890046, 0.029, 0.0339798), (-0.015619814, -0.029, 0.03243488), (-0.019090885, -0.0322, 0.039642632), (-0.021260303, -0.031, 0.044147473), (-0.022214847, -0.027, 0.046129607), (-0.022345012, -0.01, 0.046399895), (-0.022345012, 0.01, 0.046399895), (-0.022214847, 0.027, 0.046129607), (-0.021260303, 0.031, 0.044147473), (-0.019090885, 0.0322, 0.039642632), (-0.015619814, 0.029, 0.03243488), (-0.019153155, -0.029, 0.03048207), (-0.023409411, -0.0322, 0.037255865), (-0.026069572, -0.031, 0.041489486), (-0.027240042, -0.027, 0.04335228), (-0.027399652, -0.01, 0.043606296), (-0.027399652, 0.01, 0.043606296), (-0.027240042, 0.027, 0.04335228), (-0.026069572, 0.031, 0.041489486), (-0.023409411, 0.0322, 0.037255865), (-0.019153155, 0.029, 0.03048207), (-0.022445632, -0.029, 0.028145934), (-0.027433552, -0.0322, 0.034400586), (-0.030551, -0.031, 0.03830974), (-0.03192268, -0.027, 0.04002977), (-0.032109726, -0.01, 0.04026432), (-0.032109726, 0.01, 0.04026432), (-0.03192268, 0.027, 0.04002977), (-0.030551, 0.031, 0.03830974), (-0.027433552, 0.0322, 0.034400586), (-0.022445632, 0.029, 0.028145934), (-0.025455844, -0.029, 0.025455844), (-0.031112699, -0.0322, 0.031112699), (-0.034648232, -0.031, 0.034648232), (-0.03620387, -0.027, 0.03620387), (-0.036415998, -0.01, 0.036415998), (-0.036415998, 0.01, 0.036415998), (-0.03620387, 0.027, 0.03620387), (-0.034648232, 0.031, 0.034648232), (-0.031112699, 0.0322, 0.031112699), (-0.025455844, 0.029, 0.025455844), (-0.028145934, -0.029, 0.022445632), (-0.034400586, -0.0322, 0.027433552), (-0.03830974, -0.031, 0.030551), (-0.04002977, -0.027, 0.03192268), (-0.04026432, -0.01, 0.032109726), (-0.04026432, 0.01, 0.032109726), (-0.04002977, 0.027, 0.03192268), (-0.03830974, 0.031, 0.030551), (-0.034400586, 0.0322, 0.027433552), (-0.028145934, 0.029, 0.022445632), (-0.03048207, -0.029, 0.019153155), (-0.037255865, -0.0322, 0.023409411), (-0.041489486, -0.031, 0.026069572), (-0.04335228, -0.027, 0.027240042), (-0.043606296, -0.01, 0.027399652), (-0.043606296, 0.01, 0.027399652), (-0.04335228, 0.027, 0.027240042), (-0.041489486, 0.031, 0.026069572), (-0.037255865, 0.0322, 0.023409411), (-0.03048207, 0.029, 0.019153155), (-0.03243488, -0.029, 0.015619814), (-0.039642632, -0.0322, 0.019090885), (-0.044147473, -0.031, 0.021260303), (-0.046129607, -0.027, 0.022214847), (-0.046399895, -0.01, 0.022345012), (-0.046399895, 0.01, 0.022345012), (-0.046129607, 0.027, 0.022214847), (-0.044147473, 0.031, 0.021260303), (-0.039642632, 0.0322, 0.019090885), (-0.03243488, 0.029, 0.015619814), (-0.0339798, -0.029, 0.011890046), (-0.041530866, -0.0322, 0.014532278), (-0.046250284, -0.031, 0.016183674), (-0.048326828, -0.027, 0.016910288), (-0.04860999, -0.01, 0.017009372), (-0.04860999, 0.01, 0.017009372), (-0.048326828, 0.027, 0.016910288), (-0.046250284, 0.031, 0.016183674), (-0.041530866, 0.0322, 0.014532278), (-0.0339798, 0.029, 0.011890046), (-0.035097405, -0.029, 0.008010753), (-0.04289683, -0.0322, 0.009790921), (-0.04777147, -0.031, 0.010903526), (-0.04991631, -0.027, 0.011393072), (-0.05020879, -0.01, 0.011459828), (-0.05020879, 0.01, 0.011459828), (-0.04991631, 0.027, 0.011393072), (-0.04777147, 0.031, 0.010903526), (-0.04289683, 0.0322, 0.009790921), (-0.035097405, 0.029, 0.008010753), (-0.03577364, -0.029, 0.0040307213), (-0.043723337, -0.0322, 0.004926437), (-0.0486919, -0.031, 0.0054862592), (-0.050878067, -0.027, 0.005732581), (-0.05117618, -0.01, 0.0057661706), (-0.05117618, 0.01, 0.0057661706), (-0.050878067, 0.027, 0.005732581), (-0.0486919, 0.031, 0.0054862592), (-0.043723337, 0.0322, 0.004926437), (-0.03577364, 0.029, 0.0040307213), (-0.036, -0.029, 4.4087283e-18), (-0.044, -0.0322, 5.388446e-18), (-0.049, -0.031, 6.0007693e-18), (-0.0512, -0.027, 6.2701916e-18), (-0.0515, -0.01, 6.306931e-18), (-0.0515, 0.01, 6.306931e-18), (-0.0512, 0.027, 6.2701916e-18), (-0.049, 0.031, 6.0007693e-18), (-0.044, 0.0322, 5.388446e-18), (-0.036, 0.029, 4.4087283e-18), (-0.03577364, -0.029, -0.0040307213), (-0.043723337, -0.0322, -0.004926437), (-0.0486919, -0.031, -0.0054862592), (-0.050878067, -0.027, -0.005732581), (-0.05117618, -0.01, -0.0057661706), (-0.05117618, 0.01, -0.0057661706), (-0.050878067, 0.027, -0.005732581), (-0.0486919, 0.031, -0.0054862592), (-0.043723337, 0.0322, -0.004926437), (-0.03577364, 0.029, -0.0040307213), (-0.035097405, -0.029, -0.008010753), (-0.04289683, -0.0322, -0.009790921), (-0.04777147, -0.031, -0.010903526), (-0.04991631, -0.027, -0.011393072), (-0.05020879, -0.01, -0.011459828), (-0.05020879, 0.01, -0.011459828), (-0.04991631, 0.027, -0.011393072), (-0.04777147, 0.031, -0.010903526), (-0.04289683, 0.0322, -0.009790921), (-0.035097405, 0.029, -0.008010753), (-0.0339798, -0.029, -0.011890046), (-0.041530866, -0.0322, -0.014532278), (-0.046250284, -0.031, -0.016183674), (-0.048326828, -0.027, -0.016910288), (-0.04860999, -0.01, -0.017009372), (-0.04860999, 0.01, -0.017009372), (-0.048326828, 0.027, -0.016910288), (-0.046250284, 0.031, -0.016183674), (-0.041530866, 0.0322, -0.014532278), (-0.0339798, 0.029, -0.011890046), (-0.03243488, -0.029, -0.015619814), (-0.039642632, -0.0322, -0.019090885), (-0.044147473, -0.031, -0.021260303), (-0.046129607, -0.027, -0.022214847), (-0.046399895, -0.01, -0.022345012), (-0.046399895, 0.01, -0.022345012), (-0.046129607, 0.027, -0.022214847), (-0.044147473, 0.031, -0.021260303), (-0.039642632, 0.0322, -0.019090885), (-0.03243488, 0.029, -0.015619814), (-0.03048207, -0.029, -0.019153155), (-0.037255865, -0.0322, -0.023409411), (-0.041489486, -0.031, -0.026069572), (-0.04335228, -0.027, -0.027240042), (-0.043606296, -0.01, -0.027399652), (-0.043606296, 0.01, -0.027399652), (-0.04335228, 0.027, -0.027240042), (-0.041489486, 0.031, -0.026069572), (-0.037255865, 0.0322, -0.023409411), (-0.03048207, 0.029, -0.019153155), (-0.028145934, -0.029, -0.022445632), (-0.034400586, -0.0322, -0.027433552), (-0.03830974, -0.031, -0.030551), (-0.04002977, -0.027, -0.03192268), (-0.04026432, -0.01, -0.032109726), (-0.04026432, 0.01, -0.032109726), (-0.04002977, 0.027, -0.03192268), (-0.03830974, 0.031, -0.030551), (-0.034400586, 0.0322, -0.027433552), (-0.028145934, 0.029, -0.022445632), (-0.025455844, -0.029, -0.025455844), (-0.031112699, -0.0322, -0.031112699), (-0.034648232, -0.031, -0.034648232), (-0.03620387, -0.027, -0.03620387), (-0.036415998, -0.01, -0.036415998), (-0.036415998, 0.01, -0.036415998), (-0.03620387, 0.027, -0.03620387), (-0.034648232, 0.031, -0.034648232), (-0.031112699, 0.0322, -0.031112699), (-0.025455844, 0.029, -0.025455844), (-0.022445632, -0.029, -0.028145934), (-0.027433552, -0.0322, -0.034400586), (-0.030551, -0.031, -0.03830974), (-0.03192268, -0.027, -0.04002977), (-0.032109726, -0.01, -0.04026432), (-0.032109726, 0.01, -0.04026432), (-0.03192268, 0.027, -0.04002977), (-0.030551, 0.031, -0.03830974), (-0.027433552, 0.0322, -0.034400586), (-0.022445632, 0.029, -0.028145934), (-0.019153155, -0.029, -0.03048207), (-0.023409411, -0.0322, -0.037255865), (-0.026069572, -0.031, -0.041489486), (-0.027240042, -0.027, -0.04335228), (-0.027399652, -0.01, -0.043606296), (-0.027399652, 0.01, -0.043606296), (-0.027240042, 0.027, -0.04335228), (-0.026069572, 0.031, -0.041489486), (-0.023409411, 0.0322, -0.037255865), (-0.019153155, 0.029, -0.03048207), (-0.015619814, -0.029, -0.03243488), (-0.019090885, -0.0322, -0.039642632), (-0.021260303, -0.031, -0.044147473), (-0.022214847, -0.027, -0.046129607), (-0.022345012, -0.01, -0.046399895), (-0.022345012, 0.01, -0.046399895), (-0.022214847, 0.027, -0.046129607), (-0.021260303, 0.031, -0.044147473), (-0.019090885, 0.0322, -0.039642632), (-0.015619814, 0.029, -0.03243488), (-0.011890046, -0.029, -0.0339798), (-0.014532278, -0.0322, -0.041530866), (-0.016183674, -0.031, -0.046250284), (-0.016910288, -0.027, -0.048326828), (-0.017009372, -0.01, -0.04860999), (-0.017009372, 0.01, -0.04860999), (-0.016910288, 0.027, -0.048326828), (-0.016183674, 0.031, -0.046250284), (-0.014532278, 0.0322, -0.041530866), (-0.011890046, 0.029, -0.0339798), (-0.008010753, -0.029, -0.035097405), (-0.009790921, -0.0322, -0.04289683), (-0.010903526, -0.031, -0.04777147), (-0.011393072, -0.027, -0.04991631), (-0.011459828, -0.01, -0.05020879), (-0.011459828, 0.01, -0.05020879), (-0.011393072, 0.027, -0.04991631), (-0.010903526, 0.031, -0.04777147), (-0.009790921, 0.0322, -0.04289683), (-0.008010753, 0.029, -0.035097405), (-0.0040307213, -0.029, -0.03577364), (-0.004926437, -0.0322, -0.043723337), (-0.0054862592, -0.031, -0.0486919), (-0.005732581, -0.027, -0.050878067), (-0.0057661706, -0.01, -0.05117618), (-0.0057661706, 0.01, -0.05117618), (-0.005732581, 0.027, -0.050878067), (-0.0054862592, 0.031, -0.0486919), (-0.004926437, 0.0322, -0.043723337), (-0.0040307213, 0.029, -0.03577364), (-6.6130927e-18, -0.029, -0.036), (-8.082669e-18, -0.0322, -0.044), (-9.001154e-18, -0.031, -0.049), (-9.4052876e-18, -0.027, -0.0512), (-9.460397e-18, -0.01, -0.0515), (-9.460397e-18, 0.01, -0.0515), (-9.4052876e-18, 0.027, -0.0512), (-9.001154e-18, 0.031, -0.049), (-8.082669e-18, 0.0322, -0.044), (-6.6130927e-18, 0.029, -0.036), (0.0040307213, -0.029, -0.03577364), (0.004926437, -0.0322, -0.043723337), (0.0054862592, -0.031, -0.0486919), (0.005732581, -0.027, -0.050878067), (0.0057661706, -0.01, -0.05117618), (0.0057661706, 0.01, -0.05117618), (0.005732581, 0.027, -0.050878067), (0.0054862592, 0.031, -0.0486919), (0.004926437, 0.0322, -0.043723337), (0.0040307213, 0.029, -0.03577364), (0.008010753, -0.029, -0.035097405), (0.009790921, -0.0322, -0.04289683), (0.010903526, -0.031, -0.04777147), (0.011393072, -0.027, -0.04991631), (0.011459828, -0.01, -0.05020879), (0.011459828, 0.01, -0.05020879), (0.011393072, 0.027, -0.04991631), (0.010903526, 0.031, -0.04777147), (0.009790921, 0.0322, -0.04289683), (0.008010753, 0.029, -0.035097405), (0.011890046, -0.029, -0.0339798), (0.014532278, -0.0322, -0.041530866), (0.016183674, -0.031, -0.046250284), (0.016910288, -0.027, -0.048326828), (0.017009372, -0.01, -0.04860999), (0.017009372, 0.01, -0.04860999), (0.016910288, 0.027, -0.048326828), (0.016183674, 0.031, -0.046250284), (0.014532278, 0.0322, -0.041530866), (0.011890046, 0.029, -0.0339798), (0.015619814, -0.029, -0.03243488), (0.019090885, -0.0322, -0.039642632), (0.021260303, -0.031, -0.044147473), (0.022214847, -0.027, -0.046129607), (0.022345012, -0.01, -0.046399895), (0.022345012, 0.01, -0.046399895), (0.022214847, 0.027, -0.046129607), (0.021260303, 0.031, -0.044147473), (0.019090885, 0.0322, -0.039642632), (0.015619814, 0.029, -0.03243488), (0.019153155, -0.029, -0.03048207), (0.023409411, -0.0322, -0.037255865), (0.026069572, -0.031, -0.041489486), (0.027240042, -0.027, -0.04335228), (0.027399652, -0.01, -0.043606296), (0.027399652, 0.01, -0.043606296), (0.027240042, 0.027, -0.04335228), (0.026069572, 0.031, -0.041489486), (0.023409411, 0.0322, -0.037255865), (0.019153155, 0.029, -0.03048207), (0.022445632, -0.029, -0.028145934), (0.027433552, -0.0322, -0.034400586), (0.030551, -0.031, -0.03830974), (0.03192268, -0.027, -0.04002977), (0.032109726, -0.01, -0.04026432), (0.032109726, 0.01, -0.04026432), (0.03192268, 0.027, -0.04002977), (0.030551, 0.031, -0.03830974), (0.027433552, 0.0322, -0.034400586), (0.022445632, 0.029, -0.028145934), (0.025455844, -0.029, -0.025455844), (0.031112699, -0.0322, -0.031112699), (0.034648232, -0.031, -0.034648232), (0.03620387, -0.027, -0.03620387), (0.036415998, -0.01, -0.036415998), (0.036415998, 0.01, -0.036415998), (0.03620387, 0.027, -0.03620387), (0.034648232, 0.031, -0.034648232), (0.031112699, 0.0322, -0.031112699), (0.025455844, 0.029, -0.025455844), (0.028145934, -0.029, -0.022445632), (0.034400586, -0.0322, -0.027433552), (0.03830974, -0.031, -0.030551), (0.04002977, -0.027, -0.03192268), (0.04026432, -0.01, -0.032109726), (0.04026432, 0.01, -0.032109726), (0.04002977, 0.027, -0.03192268), (0.03830974, 0.031, -0.030551), (0.034400586, 0.0322, -0.027433552), (0.028145934, 0.029, -0.022445632), (0.03048207, -0.029, -0.019153155), (0.037255865, -0.0322, -0.023409411), (0.041489486, -0.031, -0.026069572), (0.04335228, -0.027, -0.027240042), (0.043606296, -0.01, -0.027399652), (0.043606296, 0.01, -0.027399652), (0.04335228, 0.027, -0.027240042), (0.041489486, 0.031, -0.026069572), (0.037255865, 0.0322, -0.023409411), (0.03048207, 0.029, -0.019153155), (0.03243488, -0.029, -0.015619814), (0.039642632, -0.0322, -0.019090885), (0.044147473, -0.031, -0.021260303), (0.046129607, -0.027, -0.022214847), (0.046399895, -0.01, -0.022345012), (0.046399895, 0.01, -0.022345012), (0.046129607, 0.027, -0.022214847), (0.044147473, 0.031, -0.021260303), (0.039642632, 0.0322, -0.019090885), (0.03243488, 0.029, -0.015619814), (0.0339798, -0.029, -0.011890046), (0.041530866, -0.0322, -0.014532278), (0.046250284, -0.031, -0.016183674), (0.048326828, -0.027, -0.016910288), (0.04860999, -0.01, -0.017009372), (0.04860999, 0.01, -0.017009372), (0.048326828, 0.027, -0.016910288), (0.046250284, 0.031, -0.016183674), (0.041530866, 0.0322, -0.014532278), (0.0339798, 0.029, -0.011890046), (0.035097405, -0.029, -0.008010753), (0.04289683, -0.0322, -0.009790921), (0.04777147, -0.031, -0.010903526), (0.04991631, -0.027, -0.011393072), (0.05020879, -0.01, -0.011459828), (0.05020879, 0.01, -0.011459828), (0.04991631, 0.027, -0.011393072), (0.04777147, 0.031, -0.010903526), (0.04289683, 0.0322, -0.009790921), (0.035097405, 0.029, -0.008010753), (0.03577364, -0.029, -0.0040307213), (0.043723337, -0.0322, -0.004926437), (0.0486919, -0.031, -0.0054862592), (0.050878067, -0.027, -0.005732581), (0.05117618, -0.01, -0.0057661706), (0.05117618, 0.01, -0.0057661706), (0.050878067, 0.027, -0.005732581), (0.0486919, 0.031, -0.0054862592), (0.043723337, 0.0322, -0.004926437), (0.03577364, 0.029, -0.0040307213), (0.050913677, -0.03, -0.0055009373), (0.051144686, -0.03, 0.0025853647), (0.050913677, -0.0225, -0.0055009373), (0.051144686, -0.0225, 0.0025853647), (0.05541184, -0.03, -0.00562944), (0.05564285, -0.03, 0.0024568625), (0.05541184, -0.0225, -0.00562944), (0.05564285, -0.0225, 0.0024568625), (0.051176388, -0.0205, -0.0018547815), (0.050829936, -0.0205, 0.0062273974), (0.051176388, -0.013, -0.0018547815), (0.050829936, -0.013, 0.0062273974), (0.05567226, -0.0205, -0.0016620609), (0.055325806, -0.0205, 0.0064201183), (0.05567226, -0.013, -0.0016620609), (0.055325806, -0.013, 0.0064201183), (0.05040111, -0.03, 0.00906593), (0.048344586, -0.03, 0.016889762), (0.05040111, -0.0225, 0.00906593), (0.048344586, -0.0225, 0.016889762), (0.05475327, -0.03, 0.010209912), (0.052696746, -0.03, 0.018033745), (0.05475327, -0.0225, 0.010209912), (0.052696746, -0.0225, 0.018033745), (0.049625937, -0.0205, 0.012638405), (0.047016505, -0.0205, 0.020295592), (0.049625937, -0.013, 0.012638405), (0.047016505, -0.013, 0.020295592), (0.053885397, -0.0205, 0.014089952), (0.05127597, -0.0205, 0.02174714), (0.053885397, -0.013, 0.014089952), (0.05127597, -0.013, 0.02174714), (0.045805342, -0.03, 0.02289833), (0.041627895, -0.03, 0.029825851), (0.045805342, -0.0225, 0.02289833), (0.041627895, -0.0225, 0.029825851), (0.049658913, -0.03, 0.025222117), (0.045481466, -0.03, 0.03214964), (0.049658913, -0.0225, 0.025222117), (0.045481466, -0.0225, 0.03214964), (0.04405509, -0.0205, 0.026107702), (0.039394077, -0.0205, 0.03271956), (0.04405509, -0.013, 0.026107702), (0.039394077, -0.013, 0.03271956), (0.04773306, -0.0205, 0.028700482), (0.043072052, -0.0205, 0.035312336), (0.04773306, -0.013, 0.028700482), (0.043072052, -0.013, 0.035312336), (0.0374987, -0.03, 0.034875643), (0.03153876, -0.03, 0.040345628), (0.0374987, -0.0225, 0.034875643), (0.03153876, -0.0225, 0.040345628), (0.040541485, -0.03, 0.038190976), (0.034581546, -0.03, 0.04366096), (0.040541485, -0.0225, 0.038190976), (0.034581546, -0.0225, 0.04366096), (0.034915157, -0.0205, 0.03746191), (0.028580176, -0.0205, 0.04249278), (0.034915157, -0.013, 0.03746191), (0.028580176, -0.013, 0.04249278), (0.037713677, -0.0205, 0.040985867), (0.031378698, -0.0205, 0.046016738), (0.037713677, -0.013, 0.040985867), (0.031378698, -0.013, 0.046016738), (0.026154134, -0.03, 0.044027537), (0.01889454, -0.03, 0.047596842), (0.026154134, -0.0225, 0.044027537), (0.01889454, -0.0225, 0.047596842), (0.02813963, -0.03, 0.04806583), (0.020880034, -0.03, 0.051635135), (0.02813963, -0.0225, 0.04806583), (0.020880034, -0.0225, 0.051635135), (0.02294661, -0.0205, 0.045781177), (0.015450879, -0.0205, 0.04882349), (0.02294661, -0.013, 0.045781177), (0.015450879, -0.013, 0.04882349), (0.024638956, -0.0205, 0.049950823), (0.017143227, -0.0205, 0.052993137), (0.024638956, -0.013, 0.049950823), (0.017143227, -0.013, 0.052993137), (0.012690717, -0.03, 0.049612585), (0.004719598, -0.03, 0.05099204), (0.012690717, -0.0225, 0.049612585), (0.004719598, -0.0225, 0.05099204), (0.013458068, -0.03, 0.054046676), (0.005486948, -0.03, 0.055426136), (0.013458068, -0.0225, 0.054046676), (0.005486948, -0.0225, 0.055426136), (0.009119062, -0.0205, 0.050391525), (0.0010698426, -0.0205, 0.05119881), (0.009119062, -0.013, 0.050391525), (0.0010698426, -0.013, 0.05119881), (0.009568132, -0.0205, 0.05486906), (0.0015189128, -0.0205, 0.05567635), (0.009568132, -0.013, 0.05486906), (0.0015189128, -0.013, 0.05567635), (-0.001800826, -0.03, 0.051178314), (-0.009837697, -0.03, 0.05025617), (-0.001800826, -0.0225, 0.051178314), (-0.009837697, -0.0225, 0.05025617), (-0.0023137874, -0.03, 0.055648983), (-0.010350659, -0.03, 0.05472684), (-0.0023137874, -0.0225, 0.055648983), (-0.010350659, -0.0225, 0.05472684), (-0.005447257, -0.0205, 0.05091945), (-0.013397866, -0.0205, 0.04942631), (-0.005447257, -0.013, 0.05091945), (-0.013397866, -0.013, 0.04942631), (-0.0062778452, -0.0205, 0.05534213), (-0.014228454, -0.0205, 0.053848993), (-0.0062778452, -0.013, 0.05534213), (-0.014228454, -0.013, 0.053848993), (-0.016146477, -0.03, 0.048597883), (-0.023598, -0.03, 0.045448843), (-0.016146477, -0.0225, 0.048597883), (-0.023598, -0.0225, 0.045448843), (-0.017898193, -0.03, 0.05274294), (-0.025349716, -0.03, 0.0495939), (-0.017898193, -0.0225, 0.05274294), (-0.025349716, -0.0225, 0.0495939), (-0.019572271, -0.0205, 0.047322184), (-0.026780158, -0.0205, 0.04364958), (-0.019572271, -0.013, 0.047322184), (-0.026780158, -0.013, 0.04364958), (-0.021615228, -0.0205, 0.051331714), (-0.028823117, -0.0205, 0.04765911), (-0.021615228, -0.013, 0.051331714), (-0.028823117, -0.013, 0.04765911), (-0.029184038, -0.03, 0.04208034), (-0.035446536, -0.03, 0.03695952), (-0.029184038, -0.0225, 0.04208034), (-0.035446536, -0.0225, 0.03695952), (-0.032032594, -0.03, 0.045563977), (-0.03829509, -0.03, 0.040443156), (-0.032032594, -0.0225, 0.045563977), (-0.03829509, -0.0225, 0.040443156), (-0.032111656, -0.0205, 0.039891157), (-0.037992883, -0.0205, 0.034336627), (-0.032111656, -0.013, 0.039891157), (-0.037992883, -0.013, 0.034336627), (-0.035201475, -0.0205, 0.043162704), (-0.0410827, -0.0205, 0.037608173), (-0.035201475, -0.013, 0.043162704), (-0.0410827, -0.013, 0.037608173), (-0.03985728, -0.03, 0.032153696), (-0.0444234, -0.03, 0.025475956), (-0.03985728, -0.0225, 0.032153696), (-0.0444234, -0.0225, 0.025475956), (-0.043571904, -0.03, 0.03469369), (-0.048138022, -0.03, 0.028015953), (-0.043571904, -0.0225, 0.03469369), (-0.048138022, -0.0225, 0.028015953), (-0.042049546, -0.0205, 0.029228386), (-0.046127647, -0.0205, 0.022241918), (-0.042049546, -0.013, 0.029228386), (-0.046127647, -0.013, 0.022241918), (-0.045935906, -0.0205, 0.031496912), (-0.050014008, -0.0205, 0.024510443), (-0.045935906, -0.013, 0.031496912), (-0.050014008, -0.013, 0.024510443), (-0.047301523, -0.03, 0.01962215), (-0.049801346, -0.03, 0.011928484), (-0.047301523, -0.0225, 0.01962215), (-0.049801346, -0.0225, 0.011928484), (-0.05158128, -0.03, 0.021012727), (-0.0540811, -0.03, 0.01331906), (-0.05158128, -0.0225, 0.021012727), (-0.0540811, -0.0225, 0.01331906), (-0.048580833, -0.0205, 0.016197704), (-0.050525427, -0.0205, 0.008345304), (-0.048580833, -0.013, 0.016197704), (-0.050525427, -0.013, 0.008345304), (-0.052948885, -0.0205, 0.017279424), (-0.05489348, -0.0205, 0.009427023), (-0.052948885, -0.013, 0.017279424), (-0.05489348, -0.013, 0.009427023), (-0.050913677, -0.03, 0.0055009373), (-0.051144686, -0.03, -0.0025853647), (-0.050913677, -0.0225, 0.0055009373), (-0.051144686, -0.0225, -0.0025853647), (-0.05541184, -0.03, 0.00562944), (-0.05564285, -0.03, -0.0024568625), (-0.05541184, -0.0225, 0.00562944), (-0.05564285, -0.0225, -0.0024568625), (-0.051176388, -0.0205, 0.0018547815), (-0.050829936, -0.0205, -0.0062273974), (-0.051176388, -0.013, 0.0018547815), (-0.050829936, -0.013, -0.0062273974), (-0.05567226, -0.0205, 0.0016620609), (-0.055325806, -0.0205, -0.0064201183), (-0.05567226, -0.013, 0.0016620609), (-0.055325806, -0.013, -0.0064201183), (-0.05040111, -0.03, -0.00906593), (-0.048344586, -0.03, -0.016889762), (-0.05040111, -0.0225, -0.00906593), (-0.048344586, -0.0225, -0.016889762), (-0.05475327, -0.03, -0.010209912), (-0.052696746, -0.03, -0.018033745), (-0.05475327, -0.0225, -0.010209912), (-0.052696746, -0.0225, -0.018033745), (-0.049625937, -0.0205, -0.012638405), (-0.047016505, -0.0205, -0.020295592), (-0.049625937, -0.013, -0.012638405), (-0.047016505, -0.013, -0.020295592), (-0.053885397, -0.0205, -0.014089952), (-0.05127597, -0.0205, -0.02174714), (-0.053885397, -0.013, -0.014089952), (-0.05127597, -0.013, -0.02174714), (-0.045805342, -0.03, -0.02289833), (-0.041627895, -0.03, -0.029825851), (-0.045805342, -0.0225, -0.02289833), (-0.041627895, -0.0225, -0.029825851), (-0.049658913, -0.03, -0.025222117), (-0.045481466, -0.03, -0.03214964), (-0.049658913, -0.0225, -0.025222117), (-0.045481466, -0.0225, -0.03214964), (-0.04405509, -0.0205, -0.026107702), (-0.039394077, -0.0205, -0.03271956), (-0.04405509, -0.013, -0.026107702), (-0.039394077, -0.013, -0.03271956), (-0.04773306, -0.0205, -0.028700482), (-0.043072052, -0.0205, -0.035312336), (-0.04773306, -0.013, -0.028700482), (-0.043072052, -0.013, -0.035312336), (-0.0374987, -0.03, -0.034875643), (-0.03153876, -0.03, -0.040345628), (-0.0374987, -0.0225, -0.034875643), (-0.03153876, -0.0225, -0.040345628), (-0.040541485, -0.03, -0.038190976), (-0.034581546, -0.03, -0.04366096), (-0.040541485, -0.0225, -0.038190976), (-0.034581546, -0.0225, -0.04366096), (-0.034915157, -0.0205, -0.03746191), (-0.028580176, -0.0205, -0.04249278), (-0.034915157, -0.013, -0.03746191), (-0.028580176, -0.013, -0.04249278), (-0.037713677, -0.0205, -0.040985867), (-0.031378698, -0.0205, -0.046016738), (-0.037713677, -0.013, -0.040985867), (-0.031378698, -0.013, -0.046016738), (-0.026154134, -0.03, -0.044027537), (-0.01889454, -0.03, -0.047596842), (-0.026154134, -0.0225, -0.044027537), (-0.01889454, -0.0225, -0.047596842), (-0.02813963, -0.03, -0.04806583), (-0.020880034, -0.03, -0.051635135), (-0.02813963, -0.0225, -0.04806583), (-0.020880034, -0.0225, -0.051635135), (-0.02294661, -0.0205, -0.045781177), (-0.015450879, -0.0205, -0.04882349), (-0.02294661, -0.013, -0.045781177), (-0.015450879, -0.013, -0.04882349), (-0.024638956, -0.0205, -0.049950823), (-0.017143227, -0.0205, -0.052993137), (-0.024638956, -0.013, -0.049950823), (-0.017143227, -0.013, -0.052993137), (-0.012690717, -0.03, -0.049612585), (-0.004719598, -0.03, -0.05099204), (-0.012690717, -0.0225, -0.049612585), (-0.004719598, -0.0225, -0.05099204), (-0.013458068, -0.03, -0.054046676), (-0.005486948, -0.03, -0.055426136), (-0.013458068, -0.0225, -0.054046676), (-0.005486948, -0.0225, -0.055426136), (-0.009119062, -0.0205, -0.050391525), (-0.0010698426, -0.0205, -0.05119881), (-0.009119062, -0.013, -0.050391525), (-0.0010698426, -0.013, -0.05119881), (-0.009568132, -0.0205, -0.05486906), (-0.0015189128, -0.0205, -0.05567635), (-0.009568132, -0.013, -0.05486906), (-0.0015189128, -0.013, -0.05567635), (0.001800826, -0.03, -0.051178314), (0.009837697, -0.03, -0.05025617), (0.001800826, -0.0225, -0.051178314), (0.009837697, -0.0225, -0.05025617), (0.0023137874, -0.03, -0.055648983), (0.010350659, -0.03, -0.05472684), (0.0023137874, -0.0225, -0.055648983), (0.010350659, -0.0225, -0.05472684), (0.005447257, -0.0205, -0.05091945), (0.013397866, -0.0205, -0.04942631), (0.005447257, -0.013, -0.05091945), (0.013397866, -0.013, -0.04942631), (0.0062778452, -0.0205, -0.05534213), (0.014228454, -0.0205, -0.053848993), (0.0062778452, -0.013, -0.05534213), (0.014228454, -0.013, -0.053848993), (0.016146477, -0.03, -0.048597883), (0.023598, -0.03, -0.045448843), (0.016146477, -0.0225, -0.048597883), (0.023598, -0.0225, -0.045448843), (0.017898193, -0.03, -0.05274294), (0.025349716, -0.03, -0.0495939), (0.017898193, -0.0225, -0.05274294), (0.025349716, -0.0225, -0.0495939), (0.019572271, -0.0205, -0.047322184), (0.026780158, -0.0205, -0.04364958), (0.019572271, -0.013, -0.047322184), (0.026780158, -0.013, -0.04364958), (0.021615228, -0.0205, -0.051331714), (0.028823117, -0.0205, -0.04765911), (0.021615228, -0.013, -0.051331714), (0.028823117, -0.013, -0.04765911), (0.029184038, -0.03, -0.04208034), (0.035446536, -0.03, -0.03695952), (0.029184038, -0.0225, -0.04208034), (0.035446536, -0.0225, -0.03695952), (0.032032594, -0.03, -0.045563977), (0.03829509, -0.03, -0.040443156), (0.032032594, -0.0225, -0.045563977), (0.03829509, -0.0225, -0.040443156), (0.032111656, -0.0205, -0.039891157), (0.037992883, -0.0205, -0.034336627), (0.032111656, -0.013, -0.039891157), (0.037992883, -0.013, -0.034336627), (0.035201475, -0.0205, -0.043162704), (0.0410827, -0.0205, -0.037608173), (0.035201475, -0.013, -0.043162704), (0.0410827, -0.013, -0.037608173), (0.03985728, -0.03, -0.032153696), (0.0444234, -0.03, -0.025475956), (0.03985728, -0.0225, -0.032153696), (0.0444234, -0.0225, -0.025475956), (0.043571904, -0.03, -0.03469369), (0.048138022, -0.03, -0.028015953), (0.043571904, -0.0225, -0.03469369), (0.048138022, -0.0225, -0.028015953), (0.042049546, -0.0205, -0.029228386), (0.046127647, -0.0205, -0.022241918), (0.042049546, -0.013, -0.029228386), (0.046127647, -0.013, -0.022241918), (0.045935906, -0.0205, -0.031496912), (0.050014008, -0.0205, -0.024510443), (0.045935906, -0.013, -0.031496912), (0.050014008, -0.013, -0.024510443), (0.047301523, -0.03, -0.01962215), (0.049801346, -0.03, -0.011928484), (0.047301523, -0.0225, -0.01962215), (0.049801346, -0.0225, -0.011928484), (0.05158128, -0.03, -0.021012727), (0.0540811, -0.03, -0.01331906), (0.05158128, -0.0225, -0.021012727), (0.0540811, -0.0225, -0.01331906), (0.048580833, -0.0205, -0.016197704), (0.050525427, -0.0205, -0.008345304), (0.048580833, -0.013, -0.016197704), (0.050525427, -0.013, -0.008345304), (0.052948885, -0.0205, -0.017279424), (0.05489348, -0.0205, -0.009427023), (0.052948885, -0.013, -0.017279424), (0.05489348, -0.013, -0.009427023), (0.05113221, -0.011, 0.0022026696), (0.05030228, -0.011, 0.009435853), (0.05113221, 0.011, 0.0022026696), (0.05030228, 0.011, 0.009435853), (0.055602875, -0.011, 0.002715631), (0.054772947, -0.011, 0.009948814), (0.055602875, 0.011, 0.002715631), (0.054772947, 0.011, 0.009948814), (0.04844043, -0.011, 0.016519053), (0.045606293, -0.011, 0.023225425), (0.04844043, 0.011, 0.016519053), (0.045606293, 0.011, 0.023225425), (0.052585486, -0.011, 0.018270768), (0.049751353, -0.011, 0.02497714), (0.052585486, 0.011, 0.018270768), (0.049751353, 0.011, 0.02497714), (0.041824296, -0.011, 0.029497162), (0.03721556, -0.011, 0.03513341), (0.041824296, 0.011, 0.029497162), (0.03721556, 0.011, 0.03513341), (0.045307934, -0.011, 0.03234572), (0.0406992, -0.011, 0.037981965), (0.045307934, 0.011, 0.03234572), (0.0406992, 0.011, 0.037981965), (0.03181981, -0.011, 0.040085588), (0.025809845, -0.011, 0.044195093), (0.03181981, 0.011, 0.040085588), (0.025809845, 0.011, 0.044195093), (0.0343598, -0.011, 0.04380021), (0.02834984, -0.011, 0.047909718), (0.0343598, 0.011, 0.04380021), (0.02834984, 0.011, 0.047909718), (0.019237468, -0.011, 0.047426514), (0.012313167, -0.011, 0.049676355), (0.019237468, 0.011, 0.047426514), (0.012313167, 0.011, 0.049676355), (0.020628044, -0.011, 0.05170627), (0.013703744, -0.011, 0.05395611), (0.020628044, 0.011, 0.05170627), (0.013703744, 0.011, 0.05395611), (0.0050966223, -0.011, 0.05092523), (-0.0021810494, -0.011, 0.051133133), (0.0050966223, 0.011, 0.05092523), (-0.0021810494, 0.011, 0.051133133), (0.005225125, -0.011, 0.055423394), (-0.0020525474, -0.011, 0.0556313), (0.005225125, 0.011, 0.055423394), (-0.0020525474, 0.011, 0.0556313), (-0.009457122, -0.011, 0.050298285), (-0.016498571, -0.011, 0.04844741), (-0.009457122, 0.011, 0.050298285), (-0.016498571, 0.011, 0.04844741), (-0.010601104, -0.011, 0.054650445), (-0.017642554, -0.011, 0.05279957), (-0.010601104, 0.011, 0.054650445), (-0.017642554, 0.011, 0.05279957), (-0.023244705, -0.011, 0.04559647), (-0.029479476, -0.011, 0.041836765), (-0.023244705, 0.011, 0.04559647), (-0.029479476, 0.011, 0.041836765), (-0.025568495, -0.011, 0.04945004), (-0.031803265, -0.011, 0.045690335), (-0.025568495, 0.011, 0.04945004), (-0.031803265, 0.011, 0.045690335), (-0.035149142, -0.011, 0.037200704), (-0.04007213, -0.011, 0.031836756), (-0.035149142, 0.011, 0.037200704), (-0.04007213, 0.011, 0.031836756), (-0.038464475, -0.011, 0.040243488), (-0.043387465, -0.011, 0.034879543), (-0.038464475, 0.011, 0.040243488), (-0.043387465, 0.011, 0.034879543), (-0.044206005, -0.011, 0.025791155), (-0.047418375, -0.011, 0.01925752), (-0.044206005, 0.011, 0.025791155), (-0.047418375, 0.011, 0.01925752), (-0.048244298, -0.011, 0.02777665), (-0.051456667, -0.011, 0.021243013), (-0.048244298, 0.011, 0.02777665), (-0.051456667, 0.011, 0.021243013), (-0.04968156, -0.011, 0.012292162), (-0.050923068, -0.011, 0.005118154), (-0.04968156, 0.011, 0.012292162), (-0.050923068, 0.011, 0.005118154), (-0.05411565, -0.011, 0.013059512), (-0.055357162, -0.011, 0.005885504), (-0.05411565, 0.011, 0.013059512), (-0.055357162, 0.011, 0.005885504), (-0.05113221, -0.011, -0.0022026696), (-0.05030228, -0.011, -0.009435853), (-0.05113221, 0.011, -0.0022026696), (-0.05030228, 0.011, -0.009435853), (-0.055602875, -0.011, -0.002715631), (-0.054772947, -0.011, -0.009948814), (-0.055602875, 0.011, -0.002715631), (-0.054772947, 0.011, -0.009948814), (-0.04844043, -0.011, -0.016519053), (-0.045606293, -0.011, -0.023225425), (-0.04844043, 0.011, -0.016519053), (-0.045606293, 0.011, -0.023225425), (-0.052585486, -0.011, -0.018270768), (-0.049751353, -0.011, -0.02497714), (-0.052585486, 0.011, -0.018270768), (-0.049751353, 0.011, -0.02497714), (-0.041824296, -0.011, -0.029497162), (-0.03721556, -0.011, -0.03513341), (-0.041824296, 0.011, -0.029497162), (-0.03721556, 0.011, -0.03513341), (-0.045307934, -0.011, -0.03234572), (-0.0406992, -0.011, -0.037981965), (-0.045307934, 0.011, -0.03234572), (-0.0406992, 0.011, -0.037981965), (-0.03181981, -0.011, -0.040085588), (-0.025809845, -0.011, -0.044195093), (-0.03181981, 0.011, -0.040085588), (-0.025809845, 0.011, -0.044195093), (-0.0343598, -0.011, -0.04380021), (-0.02834984, -0.011, -0.047909718), (-0.0343598, 0.011, -0.04380021), (-0.02834984, 0.011, -0.047909718), (-0.019237468, -0.011, -0.047426514), (-0.012313167, -0.011, -0.049676355), (-0.019237468, 0.011, -0.047426514), (-0.012313167, 0.011, -0.049676355), (-0.020628044, -0.011, -0.05170627), (-0.013703744, -0.011, -0.05395611), (-0.020628044, 0.011, -0.05170627), (-0.013703744, 0.011, -0.05395611), (-0.0050966223, -0.011, -0.05092523), (0.0021810494, -0.011, -0.051133133), (-0.0050966223, 0.011, -0.05092523), (0.0021810494, 0.011, -0.051133133), (-0.005225125, -0.011, -0.055423394), (0.0020525474, -0.011, -0.0556313), (-0.005225125, 0.011, -0.055423394), (0.0020525474, 0.011, -0.0556313), (0.009457122, -0.011, -0.050298285), (0.016498571, -0.011, -0.04844741), (0.009457122, 0.011, -0.050298285), (0.016498571, 0.011, -0.04844741), (0.010601104, -0.011, -0.054650445), (0.017642554, -0.011, -0.05279957), (0.010601104, 0.011, -0.054650445), (0.017642554, 0.011, -0.05279957), (0.023244705, -0.011, -0.04559647), (0.029479476, -0.011, -0.041836765), (0.023244705, 0.011, -0.04559647), (0.029479476, 0.011, -0.041836765), (0.025568495, -0.011, -0.04945004), (0.031803265, -0.011, -0.045690335), (0.025568495, 0.011, -0.04945004), (0.031803265, 0.011, -0.045690335), (0.035149142, -0.011, -0.037200704), (0.04007213, -0.011, -0.031836756), (0.035149142, 0.011, -0.037200704), (0.04007213, 0.011, -0.031836756), (0.038464475, -0.011, -0.040243488), (0.043387465, -0.011, -0.034879543), (0.038464475, 0.011, -0.040243488), (0.043387465, 0.011, -0.034879543), (0.044206005, -0.011, -0.025791155), (0.047418375, -0.011, -0.01925752), (0.044206005, 0.011, -0.025791155), (0.047418375, 0.011, -0.01925752), (0.048244298, -0.011, -0.02777665), (0.051456667, -0.011, -0.021243013), (0.048244298, 0.011, -0.02777665), (0.051456667, 0.011, -0.021243013), (0.04968156, -0.011, -0.012292162), (0.050923068, -0.011, -0.005118154), (0.04968156, 0.011, -0.012292162), (0.050923068, 0.011, -0.005118154), (0.05411565, -0.011, -0.013059512), (0.055357162, -0.011, -0.005885504), (0.05411565, 0.011, -0.013059512), (0.055357162, 0.011, -0.005885504), (0.050913677, 0.013, -0.0055009373), (0.051144686, 0.013, 0.0025853647), (0.050913677, 0.0205, -0.0055009373), (0.051144686, 0.0205, 0.0025853647), (0.05541184, 0.013, -0.00562944), (0.05564285, 0.013, 0.0024568625), (0.05541184, 0.0205, -0.00562944), (0.05564285, 0.0205, 0.0024568625), (0.051176388, 0.0225, -0.0018547815), (0.050829936, 0.0225, 0.0062273974), (0.051176388, 0.03, -0.0018547815), (0.050829936, 0.03, 0.0062273974), (0.05567226, 0.0225, -0.0016620609), (0.055325806, 0.0225, 0.0064201183), (0.05567226, 0.03, -0.0016620609), (0.055325806, 0.03, 0.0064201183), (0.05040111, 0.013, 0.00906593), (0.048344586, 0.013, 0.016889762), (0.05040111, 0.0205, 0.00906593), (0.048344586, 0.0205, 0.016889762), (0.05475327, 0.013, 0.010209912), (0.052696746, 0.013, 0.018033745), (0.05475327, 0.0205, 0.010209912), (0.052696746, 0.0205, 0.018033745), (0.049625937, 0.0225, 0.012638405), (0.047016505, 0.0225, 0.020295592), (0.049625937, 0.03, 0.012638405), (0.047016505, 0.03, 0.020295592), (0.053885397, 0.0225, 0.014089952), (0.05127597, 0.0225, 0.02174714), (0.053885397, 0.03, 0.014089952), (0.05127597, 0.03, 0.02174714), (0.045805342, 0.013, 0.02289833), (0.041627895, 0.013, 0.029825851), (0.045805342, 0.0205, 0.02289833), (0.041627895, 0.0205, 0.029825851), (0.049658913, 0.013, 0.025222117), (0.045481466, 0.013, 0.03214964), (0.049658913, 0.0205, 0.025222117), (0.045481466, 0.0205, 0.03214964), (0.04405509, 0.0225, 0.026107702), (0.039394077, 0.0225, 0.03271956), (0.04405509, 0.03, 0.026107702), (0.039394077, 0.03, 0.03271956), (0.04773306, 0.0225, 0.028700482), (0.043072052, 0.0225, 0.035312336), (0.04773306, 0.03, 0.028700482), (0.043072052, 0.03, 0.035312336), (0.0374987, 0.013, 0.034875643), (0.03153876, 0.013, 0.040345628), (0.0374987, 0.0205, 0.034875643), (0.03153876, 0.0205, 0.040345628), (0.040541485, 0.013, 0.038190976), (0.034581546, 0.013, 0.04366096), (0.040541485, 0.0205, 0.038190976), (0.034581546, 0.0205, 0.04366096), (0.034915157, 0.0225, 0.03746191), (0.028580176, 0.0225, 0.04249278), (0.034915157, 0.03, 0.03746191), (0.028580176, 0.03, 0.04249278), (0.037713677, 0.0225, 0.040985867), (0.031378698, 0.0225, 0.046016738), (0.037713677, 0.03, 0.040985867), (0.031378698, 0.03, 0.046016738), (0.026154134, 0.013, 0.044027537), (0.01889454, 0.013, 0.047596842), (0.026154134, 0.0205, 0.044027537), (0.01889454, 0.0205, 0.047596842), (0.02813963, 0.013, 0.04806583), (0.020880034, 0.013, 0.051635135), (0.02813963, 0.0205, 0.04806583), (0.020880034, 0.0205, 0.051635135), (0.02294661, 0.0225, 0.045781177), (0.015450879, 0.0225, 0.04882349), (0.02294661, 0.03, 0.045781177), (0.015450879, 0.03, 0.04882349), (0.024638956, 0.0225, 0.049950823), (0.017143227, 0.0225, 0.052993137), (0.024638956, 0.03, 0.049950823), (0.017143227, 0.03, 0.052993137), (0.012690717, 0.013, 0.049612585), (0.004719598, 0.013, 0.05099204), (0.012690717, 0.0205, 0.049612585), (0.004719598, 0.0205, 0.05099204), (0.013458068, 0.013, 0.054046676), (0.005486948, 0.013, 0.055426136), (0.013458068, 0.0205, 0.054046676), (0.005486948, 0.0205, 0.055426136), (0.009119062, 0.0225, 0.050391525), (0.0010698426, 0.0225, 0.05119881), (0.009119062, 0.03, 0.050391525), (0.0010698426, 0.03, 0.05119881), (0.009568132, 0.0225, 0.05486906), (0.0015189128, 0.0225, 0.05567635), (0.009568132, 0.03, 0.05486906), (0.0015189128, 0.03, 0.05567635), (-0.001800826, 0.013, 0.051178314), (-0.009837697, 0.013, 0.05025617), (-0.001800826, 0.0205, 0.051178314), (-0.009837697, 0.0205, 0.05025617), (-0.0023137874, 0.013, 0.055648983), (-0.010350659, 0.013, 0.05472684), (-0.0023137874, 0.0205, 0.055648983), (-0.010350659, 0.0205, 0.05472684), (-0.005447257, 0.0225, 0.05091945), (-0.013397866, 0.0225, 0.04942631), (-0.005447257, 0.03, 0.05091945), (-0.013397866, 0.03, 0.04942631), (-0.0062778452, 0.0225, 0.05534213), (-0.014228454, 0.0225, 0.053848993), (-0.0062778452, 0.03, 0.05534213), (-0.014228454, 0.03, 0.053848993), (-0.016146477, 0.013, 0.048597883), (-0.023598, 0.013, 0.045448843), (-0.016146477, 0.0205, 0.048597883), (-0.023598, 0.0205, 0.045448843), (-0.017898193, 0.013, 0.05274294), (-0.025349716, 0.013, 0.0495939), (-0.017898193, 0.0205, 0.05274294), (-0.025349716, 0.0205, 0.0495939), (-0.019572271, 0.0225, 0.047322184), (-0.026780158, 0.0225, 0.04364958), (-0.019572271, 0.03, 0.047322184), (-0.026780158, 0.03, 0.04364958), (-0.021615228, 0.0225, 0.051331714), (-0.028823117, 0.0225, 0.04765911), (-0.021615228, 0.03, 0.051331714), (-0.028823117, 0.03, 0.04765911), (-0.029184038, 0.013, 0.04208034), (-0.035446536, 0.013, 0.03695952), (-0.029184038, 0.0205, 0.04208034), (-0.035446536, 0.0205, 0.03695952), (-0.032032594, 0.013, 0.045563977), (-0.03829509, 0.013, 0.040443156), (-0.032032594, 0.0205, 0.045563977), (-0.03829509, 0.0205, 0.040443156), (-0.032111656, 0.0225, 0.039891157), (-0.037992883, 0.0225, 0.034336627), (-0.032111656, 0.03, 0.039891157), (-0.037992883, 0.03, 0.034336627), (-0.035201475, 0.0225, 0.043162704), (-0.0410827, 0.0225, 0.037608173), (-0.035201475, 0.03, 0.043162704), (-0.0410827, 0.03, 0.037608173), (-0.03985728, 0.013, 0.032153696), (-0.0444234, 0.013, 0.025475956), (-0.03985728, 0.0205, 0.032153696), (-0.0444234, 0.0205, 0.025475956), (-0.043571904, 0.013, 0.03469369), (-0.048138022, 0.013, 0.028015953), (-0.043571904, 0.0205, 0.03469369), (-0.048138022, 0.0205, 0.028015953), (-0.042049546, 0.0225, 0.029228386), (-0.046127647, 0.0225, 0.022241918), (-0.042049546, 0.03, 0.029228386), (-0.046127647, 0.03, 0.022241918), (-0.045935906, 0.0225, 0.031496912), (-0.050014008, 0.0225, 0.024510443), (-0.045935906, 0.03, 0.031496912), (-0.050014008, 0.03, 0.024510443), (-0.047301523, 0.013, 0.01962215), (-0.049801346, 0.013, 0.011928484), (-0.047301523, 0.0205, 0.01962215), (-0.049801346, 0.0205, 0.011928484), (-0.05158128, 0.013, 0.021012727), (-0.0540811, 0.013, 0.01331906), (-0.05158128, 0.0205, 0.021012727), (-0.0540811, 0.0205, 0.01331906), (-0.048580833, 0.0225, 0.016197704), (-0.050525427, 0.0225, 0.008345304), (-0.048580833, 0.03, 0.016197704), (-0.050525427, 0.03, 0.008345304), (-0.052948885, 0.0225, 0.017279424), (-0.05489348, 0.0225, 0.009427023), (-0.052948885, 0.03, 0.017279424), (-0.05489348, 0.03, 0.009427023), (-0.050913677, 0.013, 0.0055009373), (-0.051144686, 0.013, -0.0025853647), (-0.050913677, 0.0205, 0.0055009373), (-0.051144686, 0.0205, -0.0025853647), (-0.05541184, 0.013, 0.00562944), (-0.05564285, 0.013, -0.0024568625), (-0.05541184, 0.0205, 0.00562944), (-0.05564285, 0.0205, -0.0024568625), (-0.051176388, 0.0225, 0.0018547815), (-0.050829936, 0.0225, -0.0062273974), (-0.051176388, 0.03, 0.0018547815), (-0.050829936, 0.03, -0.0062273974), (-0.05567226, 0.0225, 0.0016620609), (-0.055325806, 0.0225, -0.0064201183), (-0.05567226, 0.03, 0.0016620609), (-0.055325806, 0.03, -0.0064201183), (-0.05040111, 0.013, -0.00906593), (-0.048344586, 0.013, -0.016889762), (-0.05040111, 0.0205, -0.00906593), (-0.048344586, 0.0205, -0.016889762), (-0.05475327, 0.013, -0.010209912), (-0.052696746, 0.013, -0.018033745), (-0.05475327, 0.0205, -0.010209912), (-0.052696746, 0.0205, -0.018033745), (-0.049625937, 0.0225, -0.012638405), (-0.047016505, 0.0225, -0.020295592), (-0.049625937, 0.03, -0.012638405), (-0.047016505, 0.03, -0.020295592), (-0.053885397, 0.0225, -0.014089952), (-0.05127597, 0.0225, -0.02174714), (-0.053885397, 0.03, -0.014089952), (-0.05127597, 0.03, -0.02174714), (-0.045805342, 0.013, -0.02289833), (-0.041627895, 0.013, -0.029825851), (-0.045805342, 0.0205, -0.02289833), (-0.041627895, 0.0205, -0.029825851), (-0.049658913, 0.013, -0.025222117), (-0.045481466, 0.013, -0.03214964), (-0.049658913, 0.0205, -0.025222117), (-0.045481466, 0.0205, -0.03214964), (-0.04405509, 0.0225, -0.026107702), (-0.039394077, 0.0225, -0.03271956), (-0.04405509, 0.03, -0.026107702), (-0.039394077, 0.03, -0.03271956), (-0.04773306, 0.0225, -0.028700482), (-0.043072052, 0.0225, -0.035312336), (-0.04773306, 0.03, -0.028700482), (-0.043072052, 0.03, -0.035312336), (-0.0374987, 0.013, -0.034875643), (-0.03153876, 0.013, -0.040345628), (-0.0374987, 0.0205, -0.034875643), (-0.03153876, 0.0205, -0.040345628), (-0.040541485, 0.013, -0.038190976), (-0.034581546, 0.013, -0.04366096), (-0.040541485, 0.0205, -0.038190976), (-0.034581546, 0.0205, -0.04366096), (-0.034915157, 0.0225, -0.03746191), (-0.028580176, 0.0225, -0.04249278), (-0.034915157, 0.03, -0.03746191), (-0.028580176, 0.03, -0.04249278), (-0.037713677, 0.0225, -0.040985867), (-0.031378698, 0.0225, -0.046016738), (-0.037713677, 0.03, -0.040985867), (-0.031378698, 0.03, -0.046016738), (-0.026154134, 0.013, -0.044027537), (-0.01889454, 0.013, -0.047596842), (-0.026154134, 0.0205, -0.044027537), (-0.01889454, 0.0205, -0.047596842), (-0.02813963, 0.013, -0.04806583), (-0.020880034, 0.013, -0.051635135), (-0.02813963, 0.0205, -0.04806583), (-0.020880034, 0.0205, -0.051635135), (-0.02294661, 0.0225, -0.045781177), (-0.015450879, 0.0225, -0.04882349), (-0.02294661, 0.03, -0.045781177), (-0.015450879, 0.03, -0.04882349), (-0.024638956, 0.0225, -0.049950823), (-0.017143227, 0.0225, -0.052993137), (-0.024638956, 0.03, -0.049950823), (-0.017143227, 0.03, -0.052993137), (-0.012690717, 0.013, -0.049612585), (-0.004719598, 0.013, -0.05099204), (-0.012690717, 0.0205, -0.049612585), (-0.004719598, 0.0205, -0.05099204), (-0.013458068, 0.013, -0.054046676), (-0.005486948, 0.013, -0.055426136), (-0.013458068, 0.0205, -0.054046676), (-0.005486948, 0.0205, -0.055426136), (-0.009119062, 0.0225, -0.050391525), (-0.0010698426, 0.0225, -0.05119881), (-0.009119062, 0.03, -0.050391525), (-0.0010698426, 0.03, -0.05119881), (-0.009568132, 0.0225, -0.05486906), (-0.0015189128, 0.0225, -0.05567635), (-0.009568132, 0.03, -0.05486906), (-0.0015189128, 0.03, -0.05567635), (0.001800826, 0.013, -0.051178314), (0.009837697, 0.013, -0.05025617), (0.001800826, 0.0205, -0.051178314), (0.009837697, 0.0205, -0.05025617), (0.0023137874, 0.013, -0.055648983), (0.010350659, 0.013, -0.05472684), (0.0023137874, 0.0205, -0.055648983), (0.010350659, 0.0205, -0.05472684), (0.005447257, 0.0225, -0.05091945), (0.013397866, 0.0225, -0.04942631), (0.005447257, 0.03, -0.05091945), (0.013397866, 0.03, -0.04942631), (0.0062778452, 0.0225, -0.05534213), (0.014228454, 0.0225, -0.053848993), (0.0062778452, 0.03, -0.05534213), (0.014228454, 0.03, -0.053848993), (0.016146477, 0.013, -0.048597883), (0.023598, 0.013, -0.045448843), (0.016146477, 0.0205, -0.048597883), (0.023598, 0.0205, -0.045448843), (0.017898193, 0.013, -0.05274294), (0.025349716, 0.013, -0.0495939), (0.017898193, 0.0205, -0.05274294), (0.025349716, 0.0205, -0.0495939), (0.019572271, 0.0225, -0.047322184), (0.026780158, 0.0225, -0.04364958), (0.019572271, 0.03, -0.047322184), (0.026780158, 0.03, -0.04364958), (0.021615228, 0.0225, -0.051331714), (0.028823117, 0.0225, -0.04765911), (0.021615228, 0.03, -0.051331714), (0.028823117, 0.03, -0.04765911), (0.029184038, 0.013, -0.04208034), (0.035446536, 0.013, -0.03695952), (0.029184038, 0.0205, -0.04208034), (0.035446536, 0.0205, -0.03695952), (0.032032594, 0.013, -0.045563977), (0.03829509, 0.013, -0.040443156), (0.032032594, 0.0205, -0.045563977), (0.03829509, 0.0205, -0.040443156), (0.032111656, 0.0225, -0.039891157), (0.037992883, 0.0225, -0.034336627), (0.032111656, 0.03, -0.039891157), (0.037992883, 0.03, -0.034336627), (0.035201475, 0.0225, -0.043162704), (0.0410827, 0.0225, -0.037608173), (0.035201475, 0.03, -0.043162704), (0.0410827, 0.03, -0.037608173), (0.03985728, 0.013, -0.032153696), (0.0444234, 0.013, -0.025475956), (0.03985728, 0.0205, -0.032153696), (0.0444234, 0.0205, -0.025475956), (0.043571904, 0.013, -0.03469369), (0.048138022, 0.013, -0.028015953), (0.043571904, 0.0205, -0.03469369), (0.048138022, 0.0205, -0.028015953), (0.042049546, 0.0225, -0.029228386), (0.046127647, 0.0225, -0.022241918), (0.042049546, 0.03, -0.029228386), (0.046127647, 0.03, -0.022241918), (0.045935906, 0.0225, -0.031496912), (0.050014008, 0.0225, -0.024510443), (0.045935906, 0.03, -0.031496912), (0.050014008, 0.03, -0.024510443), (0.047301523, 0.013, -0.01962215), (0.049801346, 0.013, -0.011928484), (0.047301523, 0.0205, -0.01962215), (0.049801346, 0.0205, -0.011928484), (0.05158128, 0.013, -0.021012727), (0.0540811, 0.013, -0.01331906), (0.05158128, 0.0205, -0.021012727), (0.0540811, 0.0205, -0.01331906), (0.048580833, 0.0225, -0.016197704), (0.050525427, 0.0225, -0.008345304), (0.048580833, 0.03, -0.016197704), (0.050525427, 0.03, -0.008345304), (0.052948885, 0.0225, -0.017279424), (0.05489348, 0.0225, -0.009427023), (0.052948885, 0.03, -0.017279424), (0.05489348, 0.03, -0.009427023)]
            uniform token subdivisionScheme = "none"
        }

        def Mesh "rim" (
            prepend apiSchemas = ["MaterialBindingAPI"]
        )
        {
            uniform bool doubleSided = 1
            float3[] extent = [(-0.036, -0.028, -0.036), (0.036, 0.029, 0.036)]
            int[] faceVertexCounts = [4, 4, 4, 4, 4, 4, 4, 4, 4, 4, 4, 4, 4, 4, 4, 4, 4, 4, 4, 4, 4, 4, 4, 4, 4, 4, 4, 4, 4, 4, 4, 4, 4, 4, 4, 4, 4, 4, 4, 4, 4, 4, 4, 4, 4, 4, 4, 4, 4, 4, 4, 4, 4, 4, 4, 4, 4, 4, 4, 4, 4, 4, 4, 4, 4, 4, 4, 4, 4, 4, 4, 4, 4, 4, 4, 4, 4, 4, 4, 4, 4, 4, 4, 4, 4, 4, 4, 4, 4, 4, 4, 4, 4, 4, 4, 4, 4, 4, 4, 4, 4, 4, 4, 4, 4, 4, 4, 4, 4, 4, 4, 4, 4, 4, 4, 4, 4, 4, 4, 4, 4, 4, 4, 4, 4, 4, 4, 4, 4, 4, 4, 4, 4, 4, 4, 4, 4, 4, 4, 4, 4, 4, 4, 4, 4, 4, 4, 4, 4, 4, 4, 4, 4, 4, 4, 4, 4, 4, 4, 4, 4, 4, 4, 4, 4, 4, 4, 4, 4, 4, 4, 4, 4, 4, 4, 4, 4, 4, 4, 4, 4, 4, 4, 4, 4, 4, 4, 4, 4, 4, 4, 4, 4, 4, 4, 4, 4, 4, 4, 4, 4, 4, 4, 4, 4, 4, 4, 4, 4, 4, 20, 20, 4, 4, 4, 4, 4, 4, 4, 4, 4, 4, 4, 4, 4, 4, 4, 4, 4, 4, 4, 4, 4, 4, 4, 4, 4, 4, 4, 4, 4, 4, 30, 30]
            int[] faceVertexIndices = [1, 3, 2, 0, 3, 5, 4, 2, 5, 7, 6, 4, 7, 9, 8, 6, 9, 11, 10, 8, 11, 13, 12, 10, 13, 15, 14, 12, 15, 17, 16, 14, 17, 19, 18, 16, 19, 21, 20, 18, 21, 23, 22, 20, 23, 25, 24, 22, 25, 27, 26, 24, 27, 29, 28, 26, 29, 31, 30, 28, 31, 33, 32, 30, 33, 35, 34, 32, 35, 37, 36, 34, 37, 39, 38, 36, 39, 41, 40, 38, 41, 43, 42, 40, 43, 45, 44, 42, 45, 47, 46, 44, 47, 49, 48, 46, 49, 51, 50, 48, 51, 53, 52, 50, 53, 55, 54, 52, 55, 57, 56, 54, 57, 59, 58, 56, 59, 61, 60, 58, 61, 63, 62, 60, 63, 65, 64, 62, 65, 67, 66, 64, 67, 69, 68, 66, 69, 71, 70, 68, 71, 73, 72, 70, 73, 75, 74, 72, 75, 77, 76, 74, 77, 79, 78, 76, 79, 1, 0, 78, 81, 85, 84, 80, 82, 86, 85, 81, 83, 87, 86, 82, 85, 89, 88, 84, 86, 90, 89, 85, 87, 91, 90, 86, 89, 93, 92, 88, 90, 94, 93, 89, 91, 95, 94, 90, 93, 97, 96, 92, 94, 98, 97, 93, 95, 99, 98, 94, 97, 101, 100, 96, 98, 102, 101, 97, 99, 103, 102, 98, 101, 105, 104, 100, 102, 106, 105, 101, 103, 107, 106, 102, 105, 109, 108, 104, 106, 110, 109, 105, 107, 111, 110, 106, 109, 113, 112, 108, 110, 114, 113, 109, 111, 115, 114, 110, 113, 117, 116, 112, 114, 118, 117, 113, 115, 119, 118, 114, 117, 121, 120, 116, 118, 122, 121, 117, 119, 123, 122, 118, 121, 125, 124, 120, 122, 126, 125, 121, 123, 127, 126, 122, 125, 129, 128, 124, 126, 130, 129, 125, 127, 131, 130, 126, 129, 133, 132, 128, 130, 134, 133, 129, 131, 135, 134, 130, 133, 137, 136, 132, 134, 138, 137, 133, 135, 139, 138, 134, 137, 141, 140, 136, 138, 142, 141, 137, 139, 143, 142, 138, 141, 145, 144, 140, 142, 146, 145, 141, 143, 147, 146, 142, 145, 149, 148, 144, 146, 150, 149, 145, 147, 151, 150, 146, 149, 153, 152, 148, 150, 154, 153, 149, 151, 155, 154, 150, 153, 157, 156, 152, 154, 158, 157, 153, 155, 159, 158, 154, 157, 161, 160, 156, 158, 162, 161, 157, 159, 163, 162, 158, 161, 165, 164, 160, 162, 166, 165, 161, 163, 167, 166, 162, 165, 169, 168, 164, 166, 170, 169, 165, 167, 171, 170, 166, 169, 173, 172, 168, 170, 174, 173, 169, 171, 175, 174, 170, 173, 177, 176, 172, 174, 178, 177, 173, 175, 179, 178, 174, 177, 181, 180, 176, 178, 182, 181, 177, 179, 183, 182, 178, 181, 185, 184, 180, 182, 186, 185, 181, 183, 187, 186, 182, 185, 189, 188, 184, 186, 190, 189, 185, 187, 191, 190, 186, 189, 193, 192, 188, 190, 194, 193, 189, 191, 195, 194, 190, 193, 197, 196, 192, 194, 198, 197, 193, 195, 199, 198, 194, 197, 201, 200, 196, 198, 202, 201, 197, 199, 203, 202, 198, 201, 205, 204, 200, 202, 206, 205, 201, 203, 207, 206, 202, 205, 209, 208, 204, 206, 210, 209, 205, 207, 211, 210, 206, 209, 213, 212, 208, 210, 214, 213, 209, 211, 215, 214, 210, 213, 217, 216, 212, 214, 218, 217, 213, 215, 219, 218, 214, 217, 221, 220, 216, 218, 222, 221, 217, 219, 223, 222, 218, 221, 225, 224, 220, 222, 226, 225, 221, 223, 227, 226, 222, 225, 229, 228, 224, 226, 230, 229, 225, 227, 231, 230, 226, 229, 233, 232, 228, 230, 234, 233, 229, 231, 235, 234, 230, 233, 237, 236, 232, 234, 238, 237, 233, 235, 239, 238, 234, 237, 81, 80, 236, 238, 82, 81, 237, 239, 83, 82, 238, 240, 241, 243, 242, 244, 246, 247, 245, 240, 244, 245, 241, 242, 243, 247, 246, 240, 242, 246, 244, 241, 245, 247, 243, 248, 249, 251, 250, 252, 254, 255, 253, 248, 252, 253, 249, 250, 251, 255, 254, 248, 250, 254, 252, 249, 253, 255, 251, 256, 257, 259, 258, 260, 262, 263, 261, 256, 260, 261, 257, 258, 259, 263, 262, 256, 258, 262, 260, 257, 261, 263, 259, 264, 265, 267, 266, 268, 270, 271, 269, 264, 268, 269, 265, 266, 267, 271, 270, 264, 266, 270, 268, 265, 269, 271, 267, 272, 273, 275, 274, 276, 278, 279, 277, 272, 276, 277, 273, 274, 275, 279, 278, 272, 274, 278, 276, 273, 277, 279, 275, 280, 282, 283, 281, 282, 284, 285, 283, 284, 286, 287, 285, 286, 288, 289, 287, 288, 290, 291, 289, 290, 292, 293, 291, 292, 294, 295, 293, 294, 296, 297, 295, 296, 298, 299, 297, 298, 300, 301, 299, 300, 302, 303, 301, 302, 304, 305, 303, 304, 306, 307, 305, 306, 308, 309, 307, 308, 310, 311, 309, 310, 312, 313, 311, 312, 314, 315, 313, 314, 316, 317, 315, 316, 318, 319, 317, 318, 280, 281, 319, 318, 316, 314, 312, 310, 308, 306, 304, 302, 300, 298, 296, 294, 292, 290, 288, 286, 284, 282, 280, 281, 283, 285, 287, 289, 291, 293, 295, 297, 299, 301, 303, 305, 307, 309, 311, 313, 315, 317, 319, 320, 322, 323, 321, 322, 324, 325, 323, 324, 326, 327, 325, 326, 328, 329, 327, 328, 330, 331, 329, 330, 332, 333, 331, 332, 334, 335, 333, 334, 336, 337, 335, 336, 338, 339, 337, 338, 340, 341, 339, 340, 342, 343, 341, 342, 344, 345, 343, 344, 346, 347, 345, 346, 348, 349, 347, 348, 350, 351, 349, 350, 352, 353, 351, 352, 354, 355, 353, 354, 356, 357, 355, 356, 358, 359, 357, 358, 360, 361, 359, 360, 362, 363, 361, 362, 364, 365, 363, 364, 366, 367, 365, 366, 368, 369, 367, 368, 370, 371, 369, 370, 372, 373, 371, 372, 374, 375, 373, 374, 376, 377, 375, 376, 378, 379, 377, 378, 320, 321, 379, 378, 376, 374, 372, 370, 368, 366, 364, 362, 360, 358, 356, 354, 352, 350, 348, 346, 344, 342, 340, 338, 336, 334, 332, 330, 328, 326, 324, 322, 320, 321, 323, 325, 327, 329, 331, 333, 335, 337, 339, 341, 343, 345, 347, 349, 351, 353, 355, 357, 359, 361, 363, 365, 367, 369, 371, 373, 375, 377, 379]
            rel material:binding = </rc_car/Looks/rim_blk>
            point3f[] points = [(0.036, -0.028, 0), (0.036, 0.028, 0), (0.035556782, -0.028, 0.0056316406), (0.035556782, 0.028, 0.0056316406), (0.034238033, -0.028, 0.011124612), (0.034238033, 0.028, 0.011124612), (0.032076236, -0.028, 0.016343659), (0.032076236, 0.028, 0.016343659), (0.029124612, -0.028, 0.02116027), (0.029124612, 0.028, 0.02116027), (0.025455844, -0.028, 0.025455844), (0.025455844, 0.028, 0.025455844), (0.02116027, -0.028, 0.029124612), (0.02116027, 0.028, 0.029124612), (0.016343659, -0.028, 0.032076236), (0.016343659, 0.028, 0.032076236), (0.011124612, -0.028, 0.034238033), (0.011124612, 0.028, 0.034238033), (0.0056316406, -0.028, 0.035556782), (0.0056316406, 0.028, 0.035556782), (2.2043642e-18, -0.028, 0.036), (2.2043642e-18, 0.028, 0.036), (-0.0056316406, -0.028, 0.035556782), (-0.0056316406, 0.028, 0.035556782), (-0.011124612, -0.028, 0.034238033), (-0.011124612, 0.028, 0.034238033), (-0.016343659, -0.028, 0.032076236), (-0.016343659, 0.028, 0.032076236), (-0.02116027, -0.028, 0.029124612), (-0.02116027, 0.028, 0.029124612), (-0.025455844, -0.028, 0.025455844), (-0.025455844, 0.028, 0.025455844), (-0.029124612, -0.028, 0.02116027), (-0.029124612, 0.028, 0.02116027), (-0.032076236, -0.028, 0.016343659), (-0.032076236, 0.028, 0.016343659), (-0.034238033, -0.028, 0.011124612), (-0.034238033, 0.028, 0.011124612), (-0.035556782, -0.028, 0.0056316406), (-0.035556782, 0.028, 0.0056316406), (-0.036, -0.028, 4.4087283e-18), (-0.036, 0.028, 4.4087283e-18), (-0.035556782, -0.028, -0.0056316406), (-0.035556782, 0.028, -0.0056316406), (-0.034238033, -0.028, -0.011124612), (-0.034238033, 0.028, -0.011124612), (-0.032076236, -0.028, -0.016343659), (-0.032076236, 0.028, -0.016343659), (-0.029124612, -0.028, -0.02116027), (-0.029124612, 0.028, -0.02116027), (-0.025455844, -0.028, -0.025455844), (-0.025455844, 0.028, -0.025455844), (-0.02116027, -0.028, -0.029124612), (-0.02116027, 0.028, -0.029124612), (-0.016343659, -0.028, -0.032076236), (-0.016343659, 0.028, -0.032076236), (-0.011124612, -0.028, -0.034238033), (-0.011124612, 0.028, -0.034238033), (-0.0056316406, -0.028, -0.035556782), (-0.0056316406, 0.028, -0.035556782), (-6.6130927e-18, -0.028, -0.036), (-6.6130927e-18, 0.028, -0.036), (0.0056316406, -0.028, -0.035556782), (0.0056316406, 0.028, -0.035556782), (0.011124612, -0.028, -0.034238033), (0.011124612, 0.028, -0.034238033), (0.016343659, -0.028, -0.032076236), (0.016343659, 0.028, -0.032076236), (0.02116027, -0.028, -0.029124612), (0.02116027, 0.028, -0.029124612), (0.025455844, -0.028, -0.025455844), (0.025455844, 0.028, -0.025455844), (0.029124612, -0.028, -0.02116027), (0.029124612, 0.028, -0.02116027), (0.032076236, -0.028, -0.016343659), (0.032076236, 0.028, -0.016343659), (0.034238033, -0.028, -0.011124612), (0.034238033, 0.028, -0.011124612), (0.035556782, -0.028, -0.0056316406), (0.035556782, 0.028, -0.0056316406), (0.029, 0.025, 0), (0.036, 0.025, 0), (0.036, 0.029, 0), (0.029, 0.029, 0), (0.028642962, 0.025, 0.0045365994), (0.035556782, 0.025, 0.0056316406), (0.035556782, 0.029, 0.0056316406), (0.028642962, 0.029, 0.0045365994), (0.02758064, 0.025, 0.008961493), (0.034238033, 0.025, 0.011124612), (0.034238033, 0.029, 0.011124612), (0.02758064, 0.029, 0.008961493), (0.025839189, 0.025, 0.013165724), (0.032076236, 0.025, 0.016343659), (0.032076236, 0.029, 0.016343659), (0.025839189, 0.029, 0.013165724), (0.023461493, 0.025, 0.017045772), (0.029124612, 0.025, 0.02116027), (0.029124612, 0.029, 0.02116027), (0.023461493, 0.029, 0.017045772), (0.020506097, 0.025, 0.020506097), (0.025455844, 0.025, 0.025455844), (0.025455844, 0.029, 0.025455844), (0.020506097, 0.029, 0.020506097), (0.017045772, 0.025, 0.023461493), (0.02116027, 0.025, 0.029124612), (0.02116027, 0.029, 0.029124612), (0.017045772, 0.029, 0.023461493), (0.013165724, 0.025, 0.025839189), (0.016343659, 0.025, 0.032076236), (0.016343659, 0.029, 0.032076236), (0.013165724, 0.029, 0.025839189), (0.008961493, 0.025, 0.02758064), (0.011124612, 0.025, 0.034238033), (0.011124612, 0.029, 0.034238033), (0.008961493, 0.029, 0.02758064), (0.0045365994, 0.025, 0.028642962), (0.0056316406, 0.025, 0.035556782), (0.0056316406, 0.029, 0.035556782), (0.0045365994, 0.029, 0.028642962), (1.7757378e-18, 0.025, 0.029), (2.2043642e-18, 0.025, 0.036), (2.2043642e-18, 0.029, 0.036), (1.7757378e-18, 0.029, 0.029), (-0.0045365994, 0.025, 0.028642962), (-0.0056316406, 0.025, 0.035556782), (-0.0056316406, 0.029, 0.035556782), (-0.0045365994, 0.029, 0.028642962), (-0.008961493, 0.025, 0.02758064), (-0.011124612, 0.025, 0.034238033), (-0.011124612, 0.029, 0.034238033), (-0.008961493, 0.029, 0.02758064), (-0.013165724, 0.025, 0.025839189), (-0.016343659, 0.025, 0.032076236), (-0.016343659, 0.029, 0.032076236), (-0.013165724, 0.029, 0.025839189), (-0.017045772, 0.025, 0.023461493), (-0.02116027, 0.025, 0.029124612), (-0.02116027, 0.029, 0.029124612), (-0.017045772, 0.029, 0.023461493), (-0.020506097, 0.025, 0.020506097), (-0.025455844, 0.025, 0.025455844), (-0.025455844, 0.029, 0.025455844), (-0.020506097, 0.029, 0.020506097), (-0.023461493, 0.025, 0.017045772), (-0.029124612, 0.025, 0.02116027), (-0.029124612, 0.029, 0.02116027), (-0.023461493, 0.029, 0.017045772), (-0.025839189, 0.025, 0.013165724), (-0.032076236, 0.025, 0.016343659), (-0.032076236, 0.029, 0.016343659), (-0.025839189, 0.029, 0.013165724), (-0.02758064, 0.025, 0.008961493), (-0.034238033, 0.025, 0.011124612), (-0.034238033, 0.029, 0.011124612), (-0.02758064, 0.029, 0.008961493), (-0.028642962, 0.025, 0.0045365994), (-0.035556782, 0.025, 0.0056316406), (-0.035556782, 0.029, 0.0056316406), (-0.028642962, 0.029, 0.0045365994), (-0.029, 0.025, 3.5514756e-18), (-0.036, 0.025, 4.4087283e-18), (-0.036, 0.029, 4.4087283e-18), (-0.029, 0.029, 3.5514756e-18), (-0.028642962, 0.025, -0.0045365994), (-0.035556782, 0.025, -0.0056316406), (-0.035556782, 0.029, -0.0056316406), (-0.028642962, 0.029, -0.0045365994), (-0.02758064, 0.025, -0.008961493), (-0.034238033, 0.025, -0.011124612), (-0.034238033, 0.029, -0.011124612), (-0.02758064, 0.029, -0.008961493), (-0.025839189, 0.025, -0.013165724), (-0.032076236, 0.025, -0.016343659), (-0.032076236, 0.029, -0.016343659), (-0.025839189, 0.029, -0.013165724), (-0.023461493, 0.025, -0.017045772), (-0.029124612, 0.025, -0.02116027), (-0.029124612, 0.029, -0.02116027), (-0.023461493, 0.029, -0.017045772), (-0.020506097, 0.025, -0.020506097), (-0.025455844, 0.025, -0.025455844), (-0.025455844, 0.029, -0.025455844), (-0.020506097, 0.029, -0.020506097), (-0.017045772, 0.025, -0.023461493), (-0.02116027, 0.025, -0.029124612), (-0.02116027, 0.029, -0.029124612), (-0.017045772, 0.029, -0.023461493), (-0.013165724, 0.025, -0.025839189), (-0.016343659, 0.025, -0.032076236), (-0.016343659, 0.029, -0.032076236), (-0.013165724, 0.029, -0.025839189), (-0.008961493, 0.025, -0.02758064), (-0.011124612, 0.025, -0.034238033), (-0.011124612, 0.029, -0.034238033), (-0.008961493, 0.029, -0.02758064), (-0.0045365994, 0.025, -0.028642962), (-0.0056316406, 0.025, -0.035556782), (-0.0056316406, 0.029, -0.035556782), (-0.0045365994, 0.029, -0.028642962), (-5.3272135e-18, 0.025, -0.029), (-6.6130927e-18, 0.025, -0.036), (-6.6130927e-18, 0.029, -0.036), (-5.3272135e-18, 0.029, -0.029), (0.0045365994, 0.025, -0.028642962), (0.0056316406, 0.025, -0.035556782), (0.0056316406, 0.029, -0.035556782), (0.0045365994, 0.029, -0.028642962), (0.008961493, 0.025, -0.02758064), (0.011124612, 0.025, -0.034238033), (0.011124612, 0.029, -0.034238033), (0.008961493, 0.029, -0.02758064), (0.013165724, 0.025, -0.025839189), (0.016343659, 0.025, -0.032076236), (0.016343659, 0.029, -0.032076236), (0.013165724, 0.029, -0.025839189), (0.017045772, 0.025, -0.023461493), (0.02116027, 0.025, -0.029124612), (0.02116027, 0.029, -0.029124612), (0.017045772, 0.029, -0.023461493), (0.020506097, 0.025, -0.020506097), (0.025455844, 0.025, -0.025455844), (0.025455844, 0.029, -0.025455844), (0.020506097, 0.029, -0.020506097), (0.023461493, 0.025, -0.017045772), (0.029124612, 0.025, -0.02116027), (0.029124612, 0.029, -0.02116027), (0.023461493, 0.029, -0.017045772), (0.025839189, 0.025, -0.013165724), (0.032076236, 0.025, -0.016343659), (0.032076236, 0.029, -0.016343659), (0.025839189, 0.029, -0.013165724), (0.02758064, 0.025, -0.008961493), (0.034238033, 0.025, -0.011124612), (0.034238033, 0.029, -0.011124612), (0.02758064, 0.029, -0.008961493), (0.028642962, 0.025, -0.0045365994), (0.035556782, 0.025, -0.0056316406), (0.035556782, 0.029, -0.0056316406), (0.028642962, 0.029, -0.0045365994), (0.009, 0.0235, -0.004), (0.009, 0.0235, 0.004), (0.009, 0.0285, -0.004), (0.009, 0.0285, 0.004), (0.031, 0.0235, -0.004), (0.031, 0.0235, 0.004), (0.031, 0.0285, -0.004), (0.031, 0.0285, 0.004), (0.006585379, 0.0235, 0.0073234406), (-0.0010230731, 0.0235, 0.009795576), (0.006585379, 0.0285, 0.0073234406), (-0.0010230731, 0.0285, 0.009795576), (0.013383753, 0.0235, 0.028246684), (0.005775301, 0.0235, 0.03071882), (0.013383753, 0.0285, 0.028246684), (0.005775301, 0.0285, 0.03071882), (-0.004930012, 0.0235, 0.008526135), (-0.009632294, 0.0235, 0.0020539993), (-0.004930012, 0.0285, 0.008526135), (-0.009632294, 0.0285, 0.0020539993), (-0.022728385, 0.0235, 0.021457411), (-0.027430668, 0.0235, 0.0149852745), (-0.022728385, 0.0285, 0.021457411), (-0.027430668, 0.0285, 0.0149852745), (-0.009632294, 0.0235, -0.0020539993), (-0.004930012, 0.0235, -0.008526135), (-0.009632294, 0.0285, -0.0020539993), (-0.004930012, 0.0285, -0.008526135), (-0.027430668, 0.0235, -0.0149852745), (-0.022728385, 0.0235, -0.021457411), (-0.027430668, 0.0285, -0.0149852745), (-0.022728385, 0.0285, -0.021457411), (-0.0010230731, 0.0235, -0.009795576), (0.006585379, 0.0235, -0.0073234406), (-0.0010230731, 0.0285, -0.009795576), (0.006585379, 0.0285, -0.0073234406), (0.005775301, 0.0235, -0.03071882), (0.013383753, 0.0235, -0.028246684), (0.005775301, 0.0285, -0.03071882), (0.013383753, 0.0285, -0.028246684), (0, 0.005, -0.01), (0, 0.029, -0.01), (-0.00309017, 0.005, -0.009510566), (-0.00309017, 0.029, -0.009510566), (-0.0058778524, 0.005, -0.00809017), (-0.0058778524, 0.029, -0.00809017), (-0.00809017, 0.005, -0.0058778524), (-0.00809017, 0.029, -0.0058778524), (-0.009510566, 0.005, -0.00309017), (-0.009510566, 0.029, -0.00309017), (-0.01, 0.005, -6.123234e-19), (-0.01, 0.029, -6.123234e-19), (-0.009510566, 0.005, 0.00309017), (-0.009510566, 0.029, 0.00309017), (-0.00809017, 0.005, 0.0058778524), (-0.00809017, 0.029, 0.0058778524), (-0.0058778524, 0.005, 0.00809017), (-0.0058778524, 0.029, 0.00809017), (-0.00309017, 0.005, 0.009510566), (-0.00309017, 0.029, 0.009510566), (-1.2246468e-18, 0.005, 0.01), (-1.2246468e-18, 0.029, 0.01), (0.00309017, 0.005, 0.009510566), (0.00309017, 0.029, 0.009510566), (0.0058778524, 0.005, 0.00809017), (0.0058778524, 0.029, 0.00809017), (0.00809017, 0.005, 0.0058778524), (0.00809017, 0.029, 0.0058778524), (0.009510566, 0.005, 0.00309017), (0.009510566, 0.029, 0.00309017), (0.01, 0.005, 1.8369702e-18), (0.01, 0.029, 1.8369702e-18), (0.009510566, 0.005, -0.00309017), (0.009510566, 0.029, -0.00309017), (0.00809017, 0.005, -0.0058778524), (0.00809017, 0.029, -0.0058778524), (0.0058778524, 0.005, -0.00809017), (0.0058778524, 0.029, -0.00809017), (0.00309017, 0.005, -0.009510566), (0.00309017, 0.029, -0.009510566), (0, -0.01, -0.03), (0, -0.009, -0.03), (-0.006237351, -0.01, -0.029344428), (-0.006237351, -0.009, -0.029344428), (-0.012202099, -0.01, -0.027406363), (-0.012202099, -0.009, -0.027406363), (-0.017633557, -0.01, -0.02427051), (-0.017633557, -0.009, -0.02427051), (-0.022294344, -0.01, -0.020073919), (-0.022294344, -0.009, -0.020073919), (-0.025980761, -0.01, -0.015), (-0.025980761, -0.009, -0.015), (-0.028531695, -0.01, -0.00927051), (-0.028531695, -0.009, -0.00927051), (-0.029835656, -0.01, -0.003135854), (-0.029835656, -0.009, -0.003135854), (-0.029835656, -0.01, 0.003135854), (-0.029835656, -0.009, 0.003135854), (-0.028531695, -0.01, 0.00927051), (-0.028531695, -0.009, 0.00927051), (-0.025980761, -0.01, 0.015), (-0.025980761, -0.009, 0.015), (-0.022294344, -0.01, 0.020073919), (-0.022294344, -0.009, 0.020073919), (-0.017633557, -0.01, 0.02427051), (-0.017633557, -0.009, 0.02427051), (-0.012202099, -0.01, 0.027406363), (-0.012202099, -0.009, 0.027406363), (-0.006237351, -0.01, 0.029344428), (-0.006237351, -0.009, 0.029344428), (-1.6996616e-17, -0.01, 0.03), (-1.6996616e-17, -0.009, 0.03), (0.006237351, -0.01, 0.029344428), (0.006237351, -0.009, 0.029344428), (0.012202099, -0.01, 0.027406363), (0.012202099, -0.009, 0.027406363), (0.017633557, -0.01, 0.02427051), (0.017633557, -0.009, 0.02427051), (0.022294344, -0.01, 0.020073919), (0.022294344, -0.009, 0.020073919), (0.025980761, -0.01, 0.015), (0.025980761, -0.009, 0.015), (0.028531695, -0.01, 0.00927051), (0.028531695, -0.009, 0.00927051), (0.029835656, -0.01, 0.003135854), (0.029835656, -0.009, 0.003135854), (0.029835656, -0.01, -0.003135854), (0.029835656, -0.009, -0.003135854), (0.028531695, -0.01, -0.00927051), (0.028531695, -0.009, -0.00927051), (0.025980761, -0.01, -0.015), (0.025980761, -0.009, -0.015), (0.022294344, -0.01, -0.020073919), (0.022294344, -0.009, -0.020073919), (0.017633557, -0.01, -0.02427051), (0.017633557, -0.009, -0.02427051), (0.012202099, -0.01, -0.027406363), (0.012202099, -0.009, -0.027406363), (0.006237351, -0.01, -0.029344428), (0.006237351, -0.009, -0.029344428)]
            uniform token subdivisionScheme = "none"
        }

        def Cylinder "collision" (
            prepend apiSchemas = ["PhysicsCollisionAPI", "MaterialBindingAPI"]
        )
        {
            uniform token axis = "Y"
            float3[] extent = [(-0.055, -0.0325, -0.055), (0.055, 0.0325, 0.055)]
            double height = 0.065
            rel material:binding:physics = </rc_car/Looks/tire_physics> (
                bindMaterialAs = "weakerThanDescendants"
            )
            uniform token purpose = "guide"
            double radius = 0.055
        }
    }

    def Xform "front_left_steer_knuckle" (
        prepend apiSchemas = ["PhysicsRigidBodyAPI", "PhysicsMassAPI", "PhysxRigidBodyAPI"]
    )
    {
        point3f physics:centerOfMass = (0, 0, 0)
        float3 physics:diagonalInertia = (0.0001, 0.0001, 0.0001)
        float physics:mass = 0.08
        float physxRigidBody:maxAngularVelocity = 30000
        double3 xformOp:translate = (0.1625, 0.135, 0.055)
        uniform token[] xformOpOrder = ["xformOp:translate"]

        def Mesh "knuckle" (
            prepend apiSchemas = ["MaterialBindingAPI"]
        )
        {
            uniform bool doubleSided = 1
            float3[] extent = [(-0.011, -0.047, -0.016), (0.011, -0.033, 0.016)]
            int[] faceVertexCounts = [4, 4, 4, 4, 4, 4]
            int[] faceVertexIndices = [0, 1, 3, 2, 4, 6, 7, 5, 0, 4, 5, 1, 2, 3, 7, 6, 0, 2, 6, 4, 1, 5, 7, 3]
            rel material:binding = </rc_car/Looks/plastic_blk>
            point3f[] points = [(-0.011, -0.047, -0.016), (-0.011, -0.047, 0.016), (-0.011, -0.033, -0.016), (-0.011, -0.033, 0.016), (0.011, -0.047, -0.016), (0.011, -0.047, 0.016), (0.011, -0.033, -0.016), (0.011, -0.033, 0.016)]
            uniform token subdivisionScheme = "none"
        }
    }

    def Xform "front_right_wheel" (
        prepend apiSchemas = ["PhysicsRigidBodyAPI", "PhysicsMassAPI", "PhysxRigidBodyAPI"]
    )
    {
        point3f physics:centerOfMass = (0, 0, 0)
        float3 physics:diagonalInertia = (0.00017733334, 0.000242, 0.00017733334)
        float physics:mass = 0.16
        float physxRigidBody:maxAngularVelocity = 30000
        double3 xformOp:translate = (0.1625, -0.135, 0.055)
        uniform token[] xformOpOrder = ["xformOp:translate"]

        def Mesh "tire" (
            prepend apiSchemas = ["MaterialBindingAPI"]
        )
        {
            uniform bool doubleSided = 1
            float3[] extent = [(-0.05567226, -0.0322, -0.05567635), (0.05567226, 0.0322, 0.05567635)]
            int[] faceVertexCounts = [4, 4, 4, 4, 4, 4, 4, 4, 4, 4, 4, 4, 4, 4, 4, 4, 4, 4, 4, 4, 4, 4, 4, 4, 4, 4, 4, 4, 4, 4, 4, 4, 4, 4, 4, 4, 4, 4, 4, 4, 4, 4, 4, 4, 4, 4, 4, 4, 4, 4, 4, 4, 4, 4, 4, 4, 4, 4, 4, 4, 4, 4, 4, 4, 4, 4, 4, 4, 4, 4, 4, 4, 4, 4, 4, 4, 4, 4, 4, 4, 4, 4, 4, 4, 4, 4, 4, 4, 4, 4, 4, 4, 4, 4, 4, 4, 4, 4, 4, 4, 4, 4, 4, 4, 4, 4, 4, 4, 4, 4, 4, 4, 4, 4, 4, 4, 4, 4, 4, 4, 4, 4, 4, 4, 4, 4, 4, 4, 4, 4, 4, 4, 4, 4, 4, 4, 4, 4, 4, 4, 4, 4, 4, 4, 4, 4, 4, 4, 4, 4, 4, 4, 4, 4, 4, 4, 4, 4, 4, 4, 4, 4, 4, 4, 4, 4, 4, 4, 4, 4, 4, 4, 4, 4, 4, 4, 4, 4, 4, 4, 4, 4, 4, 4, 4, 4, 4, 4, 4, 4, 4, 4, 4, 4, 4, 4, 4, 4, 4, 4, 4, 4, 4, 4, 4, 4, 4, 4, 4, 4, 4, 4, 4, 4, 4, 4, 4, 4, 4, 4, 4, 4, 4, 4, 4, 4, 4, 4, 4, 4, 4, 4, 4, 4, 4, 4, 4, 4, 4, 4, 4, 4, 4, 4, 4, 4, 4, 4, 4, 4, 4, 4, 4, 4, 4, 4, 4, 4, 4, 4, 4, 4, 4, 4, 4, 4, 4, 4, 4, 4, 4, 4, 4, 4, 4, 4, 4, 4, 4, 4, 4, 4, 4, 4, 4, 4, 4, 4, 4, 4, 4, 4, 4, 4, 4, 4, 4, 4, 4, 4, 4, 4, 4, 4, 4, 4, 4, 4, 4, 4, 4, 4, 4, 4, 4, 4, 4, 4, 4, 4, 4, 4, 4, 4, 4, 4, 4, 4, 4, 4, 4, 4, 4, 4, 4, 4, 4, 4, 4, 4, 4, 4, 4, 4, 4, 4, 4, 4, 4, 4, 4, 4, 4, 4, 4, 4, 4, 4, 4, 4, 4, 4, 4, 4, 4, 4, 4, 4, 4, 4, 4, 4, 4, 4, 4, 4, 4, 4, 4, 4, 4, 4, 4, 4, 4, 4, 4, 4, 4, 4, 4, 4, 4, 4, 4, 4, 4, 4, 4, 4, 4, 4, 4, 4, 4, 4, 4, 4, 4, 4, 4, 4, 4, 4, 4, 4, 4, 4, 4, 4, 4, 4, 4, 4, 4, 4, 4, 4, 4, 4, 4, 4, 4, 4, 4, 4, 4, 4, 4, 4, 4, 4, 4, 4, 4, 4, 4, 4, 4, 4, 4, 4, 4, 4, 4, 4, 4, 4, 4, 4, 4, 4, 4, 4, 4, 4, 4, 4, 4, 4, 4, 4, 4, 4, 4, 4, 4, 4, 4, 4, 4, 4, 4, 4, 4, 4, 4, 4, 4, 4, 4, 4, 4, 4, 4, 4, 4, 4, 4, 4, 4, 4, 4, 4, 4, 4, 4, 4, 4, 4, 4, 4, 4, 4, 4, 4, 4, 4, 4, 4, 4, 4, 4, 4, 4, 4, 4, 4, 4, 4, 4, 4, 4, 4, 4, 4, 4, 4, 4, 4, 4, 4, 4, 4, 4, 4, 4, 4, 4, 4, 4, 4, 4, 4, 4, 4, 4, 4, 4, 4, 4, 4, 4, 4, 4, 4, 4, 4, 4, 4, 4, 4, 4, 4, 4, 4, 4, 4, 4, 4, 4, 4, 4, 4, 4, 4, 4, 4, 4, 4, 4, 4, 4, 4, 4, 4, 4, 4, 4, 4, 4, 4, 4, 4, 4, 4, 4, 4, 4, 4, 4, 4, 4, 4, 4, 4, 4, 4, 4, 4, 4, 4, 4, 4, 4, 4, 4, 4, 4, 4, 4, 4, 4, 4, 4, 4, 4, 4, 4, 4, 4, 4, 4, 4, 4, 4, 4, 4, 4, 4, 4, 4, 4, 4, 4, 4, 4, 4, 4, 4, 4, 4, 4, 4, 4, 4, 4, 4, 4, 4, 4, 4, 4, 4, 4, 4, 4, 4, 4, 4, 4, 4, 4, 4, 4, 4, 4, 4, 4, 4, 4, 4, 4, 4, 4, 4, 4, 4, 4, 4, 4, 4, 4, 4, 4, 4, 4, 4, 4, 4, 4, 4, 4, 4, 4, 4, 4, 4, 4, 4, 4, 4, 4, 4, 4, 4, 4, 4, 4, 4, 4, 4, 4, 4, 4, 4, 4, 4, 4, 4, 4, 4, 4, 4, 4, 4, 4, 4, 4, 4, 4, 4, 4, 4, 4, 4, 4, 4, 4, 4, 4, 4, 4, 4, 4, 4, 4, 4, 4, 4, 4, 4, 4, 4, 4, 4, 4, 4, 4, 4, 4, 4, 4, 4, 4, 4, 4, 4, 4, 4, 4, 4, 4, 4, 4, 4, 4, 4, 4, 4, 4, 4, 4, 4, 4, 4, 4, 4, 4, 4, 4, 4, 4, 4, 4, 4, 4, 4, 4, 4, 4, 4, 4, 4, 4, 4, 4, 4, 4, 4, 4, 4, 4, 4, 4, 4, 4, 4, 4, 4, 4, 4, 4, 4, 4, 4, 4, 4, 4, 4, 4, 4, 4, 4, 4, 4, 4, 4, 4, 4, 4, 4, 4, 4, 4, 4, 4, 4, 4, 4, 4, 4, 4, 4, 4, 4, 4, 4, 4, 4, 4, 4, 4, 4, 4, 4, 4, 4, 4, 4, 4, 4, 4, 4, 4, 4, 4, 4, 4, 4, 4, 4, 4, 4, 4, 4, 4, 4, 4, 4, 4, 4, 4, 4, 4, 4, 4, 4, 4, 4, 4, 4, 4, 4, 4, 4, 4, 4, 4, 4, 4, 4, 4, 4, 4, 4, 4, 4, 4, 4, 4, 4, 4, 4, 4, 4, 4, 4, 4, 4, 4, 4, 4, 4, 4, 4, 4, 4, 4, 4, 4, 4, 4, 4, 4, 4, 4, 4, 4, 4, 4, 4, 4, 4, 4, 4, 4, 4, 4, 4, 4, 4, 4, 4, 4, 4, 4, 4, 4, 4, 4, 4, 4, 4, 4, 4, 4, 4, 4, 4, 4, 4, 4, 4, 4, 4, 4, 4, 4, 4, 4, 4, 4, 4, 4, 4, 4, 4, 4, 4, 4, 4, 4, 4, 4, 4, 4, 4, 4, 4, 4, 4, 4, 4, 4, 4, 4, 4, 4, 4, 4, 4, 4, 4, 4, 4, 4, 4, 4, 4, 4, 4, 4, 4, 4, 4, 4, 4, 4, 4, 4, 4, 4, 4, 4, 4, 4, 4, 4, 4, 4, 4, 4, 4, 4, 4, 4, 4, 4, 4, 4, 4, 4, 4, 4, 4, 4, 4, 4, 4, 4, 4, 4, 4, 4, 4, 4, 4, 4, 4, 4, 4, 4, 4, 4, 4, 4, 4, 4, 4, 4, 4, 4, 4, 4, 4, 4, 4, 4, 4, 4, 4, 4, 4, 4, 4, 4, 4, 4, 4, 4, 4, 4, 4, 4, 4, 4, 4, 4, 4, 4, 4, 4, 4, 4, 4, 4, 4, 4, 4, 4, 4, 4, 4, 4, 4, 4, 4, 4, 4, 4, 4, 4, 4]
            int[] faceVertexIndices = [1, 11, 10, 0, 2, 12, 11, 1, 3, 13, 12, 2, 4, 14, 13, 3, 5, 15, 14, 4, 6, 16, 15, 5, 7, 17, 16, 6, 8, 18, 17, 7, 9, 19, 18, 8, 11, 21, 20, 10, 12, 22, 21, 11, 13, 23, 22, 12, 14, 24, 23, 13, 15, 25, 24, 14, 16, 26, 25, 15, 17, 27, 26, 16, 18, 28, 27, 17, 19, 29, 28, 18, 21, 31, 30, 20, 22, 32, 31, 21, 23, 33, 32, 22, 24, 34, 33, 23, 25, 35, 34, 24, 26, 36, 35, 25, 27, 37, 36, 26, 28, 38, 37, 27, 29, 39, 38, 28, 31, 41, 40, 30, 32, 42, 41, 31, 33, 43, 42, 32, 34, 44, 43, 33, 35, 45, 44, 34, 36, 46, 45, 35, 37, 47, 46, 36, 38, 48, 47, 37, 39, 49, 48, 38, 41, 51, 50, 40, 42, 52, 51, 41, 43, 53, 52, 42, 44, 54, 53, 43, 45, 55, 54, 44, 46, 56, 55, 45, 47, 57, 56, 46, 48, 58, 57, 47, 49, 59, 58, 48, 51, 61, 60, 50, 52, 62, 61, 51, 53, 63, 62, 52, 54, 64, 63, 53, 55, 65, 64, 54, 56, 66, 65, 55, 57, 67, 66, 56, 58, 68, 67, 57, 59, 69, 68, 58, 61, 71, 70, 60, 62, 72, 71, 61, 63, 73, 72, 62, 64, 74, 73, 63, 65, 75, 74, 64, 66, 76, 75, 65, 67, 77, 76, 66, 68, 78, 77, 67, 69, 79, 78, 68, 71, 81, 80, 70, 72, 82, 81, 71, 73, 83, 82, 72, 74, 84, 83, 73, 75, 85, 84, 74, 76, 86, 85, 75, 77, 87, 86, 76, 78, 88, 87, 77, 79, 89, 88, 78, 81, 91, 90, 80, 82, 92, 91, 81, 83, 93, 92, 82, 84, 94, 93, 83, 85, 95, 94, 84, 86, 96, 95, 85, 87, 97, 96, 86, 88, 98, 97, 87, 89, 99, 98, 88, 91, 101, 100, 90, 92, 102, 101, 91, 93, 103, 102, 92, 94, 104, 103, 93, 95, 105, 104, 94, 96, 106, 105, 95, 97, 107, 106, 96, 98, 108, 107, 97, 99, 109, 108, 98, 101, 111, 110, 100, 102, 112, 111, 101, 103, 113, 112, 102, 104, 114, 113, 103, 105, 115, 114, 104, 106, 116, 115, 105, 107, 117, 116, 106, 108, 118, 117, 107, 109, 119, 118, 108, 111, 121, 120, 110, 112, 122, 121, 111, 113, 123, 122, 112, 114, 124, 123, 113, 115, 125, 124, 114, 116, 126, 125, 115, 117, 127, 126, 116, 118, 128, 127, 117, 119, 129, 128, 118, 121, 131, 130, 120, 122, 132, 131, 121, 123, 133, 132, 122, 124, 134, 133, 123, 125, 135, 134, 124, 126, 136, 135, 125, 127, 137, 136, 126, 128, 138, 137, 127, 129, 139, 138, 128, 131, 141, 140, 130, 132, 142, 141, 131, 133, 143, 142, 132, 134, 144, 143, 133, 135, 145, 144, 134, 136, 146, 145, 135, 137, 147, 146, 136, 138, 148, 147, 137, 139, 149, 148, 138, 141, 151, 150, 140, 142, 152, 151, 141, 143, 153, 152, 142, 144, 154, 153, 143, 145, 155, 154, 144, 146, 156, 155, 145, 147, 157, 156, 146, 148, 158, 157, 147, 149, 159, 158, 148, 151, 161, 160, 150, 152, 162, 161, 151, 153, 163, 162, 152, 154, 164, 163, 153, 155, 165, 164, 154, 156, 166, 165, 155, 157, 167, 166, 156, 158, 168, 167, 157, 159, 169, 168, 158, 161, 171, 170, 160, 162, 172, 171, 161, 163, 173, 172, 162, 164, 174, 173, 163, 165, 175, 174, 164, 166, 176, 175, 165, 167, 177, 176, 166, 168, 178, 177, 167, 169, 179, 178, 168, 171, 181, 180, 170, 172, 182, 181, 171, 173, 183, 182, 172, 174, 184, 183, 173, 175, 185, 184, 174, 176, 186, 185, 175, 177, 187, 186, 176, 178, 188, 187, 177, 179, 189, 188, 178, 181, 191, 190, 180, 182, 192, 191, 181, 183, 193, 192, 182, 184, 194, 193, 183, 185, 195, 194, 184, 186, 196, 195, 185, 187, 197, 196, 186, 188, 198, 197, 187, 189, 199, 198, 188, 191, 201, 200, 190, 192, 202, 201, 191, 193, 203, 202, 192, 194, 204, 203, 193, 195, 205, 204, 194, 196, 206, 205, 195, 197, 207, 206, 196, 198, 208, 207, 197, 199, 209, 208, 198, 201, 211, 210, 200, 202, 212, 211, 201, 203, 213, 212, 202, 204, 214, 213, 203, 205, 215, 214, 204, 206, 216, 215, 205, 207, 217, 216, 206, 208, 218, 217, 207, 209, 219, 218, 208, 211, 221, 220, 210, 212, 222, 221, 211, 213, 223, 222, 212, 214, 224, 223, 213, 215, 225, 224, 214, 216, 226, 225, 215, 217, 227, 226, 216, 218, 228, 227, 217, 219, 229, 228, 218, 221, 231, 230, 220, 222, 232, 231, 221, 223, 233, 232, 222, 224, 234, 233, 223, 225, 235, 234, 224, 226, 236, 235, 225, 227, 237, 236, 226, 228, 238, 237, 227, 229, 239, 238, 228, 231, 241, 240, 230, 232, 242, 241, 231, 233, 243, 242, 232, 234, 244, 243, 233, 235, 245, 244, 234, 236, 246, 245, 235, 237, 247, 246, 236, 238, 248, 247, 237, 239, 249, 248, 238, 241, 251, 250, 240, 242, 252, 251, 241, 243, 253, 252, 242, 244, 254, 253, 243, 245, 255, 254, 244, 246, 256, 255, 245, 247, 257, 256, 246, 248, 258, 257, 247, 249, 259, 258, 248, 251, 261, 260, 250, 252, 262, 261, 251, 253, 263, 262, 252, 254, 264, 263, 253, 255, 265, 264, 254, 256, 266, 265, 255, 257, 267, 266, 256, 258, 268, 267, 257, 259, 269, 268, 258, 261, 271, 270, 260, 262, 272, 271, 261, 263, 273, 272, 262, 264, 274, 273, 263, 265, 275, 274, 264, 266, 276, 275, 265, 267, 277, 276, 266, 268, 278, 277, 267, 269, 279, 278, 268, 271, 281, 280, 270, 272, 282, 281, 271, 273, 283, 282, 272, 274, 284, 283, 273, 275, 285, 284, 274, 276, 286, 285, 275, 277, 287, 286, 276, 278, 288, 287, 277, 279, 289, 288, 278, 281, 291, 290, 280, 282, 292, 291, 281, 283, 293, 292, 282, 284, 294, 293, 283, 285, 295, 294, 284, 286, 296, 295, 285, 287, 297, 296, 286, 288, 298, 297, 287, 289, 299, 298, 288, 291, 301, 300, 290, 292, 302, 301, 291, 293, 303, 302, 292, 294, 304, 303, 293, 295, 305, 304, 294, 296, 306, 305, 295, 297, 307, 306, 296, 298, 308, 307, 297, 299, 309, 308, 298, 301, 311, 310, 300, 302, 312, 311, 301, 303, 313, 312, 302, 304, 314, 313, 303, 305, 315, 314, 304, 306, 316, 315, 305, 307, 317, 316, 306, 308, 318, 317, 307, 309, 319, 318, 308, 311, 321, 320, 310, 312, 322, 321, 311, 313, 323, 322, 312, 314, 324, 323, 313, 315, 325, 324, 314, 316, 326, 325, 315, 317, 327, 326, 316, 318, 328, 327, 317, 319, 329, 328, 318, 321, 331, 330, 320, 322, 332, 331, 321, 323, 333, 332, 322, 324, 334, 333, 323, 325, 335, 334, 324, 326, 336, 335, 325, 327, 337, 336, 326, 328, 338, 337, 327, 329, 339, 338, 328, 331, 341, 340, 330, 332, 342, 341, 331, 333, 343, 342, 332, 334, 344, 343, 333, 335, 345, 344, 334, 336, 346, 345, 335, 337, 347, 346, 336, 338, 348, 347, 337, 339, 349, 348, 338, 341, 351, 350, 340, 342, 352, 351, 341, 343, 353, 352, 342, 344, 354, 353, 343, 345, 355, 354, 344, 346, 356, 355, 345, 347, 357, 356, 346, 348, 358, 357, 347, 349, 359, 358, 348, 351, 361, 360, 350, 352, 362, 361, 351, 353, 363, 362, 352, 354, 364, 363, 353, 355, 365, 364, 354, 356, 366, 365, 355, 357, 367, 366, 356, 358, 368, 367, 357, 359, 369, 368, 358, 361, 371, 370, 360, 362, 372, 371, 361, 363, 373, 372, 362, 364, 374, 373, 363, 365, 375, 374, 364, 366, 376, 375, 365, 367, 377, 376, 366, 368, 378, 377, 367, 369, 379, 378, 368, 371, 381, 380, 370, 372, 382, 381, 371, 373, 383, 382, 372, 374, 384, 383, 373, 375, 385, 384, 374, 376, 386, 385, 375, 377, 387, 386, 376, 378, 388, 387, 377, 379, 389, 388, 378, 381, 391, 390, 380, 382, 392, 391, 381, 383, 393, 392, 382, 384, 394, 393, 383, 385, 395, 394, 384, 386, 396, 395, 385, 387, 397, 396, 386, 388, 398, 397, 387, 389, 399, 398, 388, 391, 401, 400, 390, 392, 402, 401, 391, 393, 403, 402, 392, 394, 404, 403, 393, 395, 405, 404, 394, 396, 406, 405, 395, 397, 407, 406, 396, 398, 408, 407, 397, 399, 409, 408, 398, 401, 411, 410, 400, 402, 412, 411, 401, 403, 413, 412, 402, 404, 414, 413, 403, 405, 415, 414, 404, 406, 416, 415, 405, 407, 417, 416, 406, 408, 418, 417, 407, 409, 419, 418, 408, 411, 421, 420, 410, 412, 422, 421, 411, 413, 423, 422, 412, 414, 424, 423, 413, 415, 425, 424, 414, 416, 426, 425, 415, 417, 427, 426, 416, 418, 428, 427, 417, 419, 429, 428, 418, 421, 431, 430, 420, 422, 432, 431, 421, 423, 433, 432, 422, 424, 434, 433, 423, 425, 435, 434, 424, 426, 436, 435, 425, 427, 437, 436, 426, 428, 438, 437, 427, 429, 439, 438, 428, 431, 441, 440, 430, 432, 442, 441, 431, 433, 443, 442, 432, 434, 444, 443, 433, 435, 445, 444, 434, 436, 446, 445, 435, 437, 447, 446, 436, 438, 448, 447, 437, 439, 449, 448, 438, 441, 451, 450, 440, 442, 452, 451, 441, 443, 453, 452, 442, 444, 454, 453, 443, 445, 455, 454, 444, 446, 456, 455, 445, 447, 457, 456, 446, 448, 458, 457, 447, 449, 459, 458, 448, 451, 461, 460, 450, 452, 462, 461, 451, 453, 463, 462, 452, 454, 464, 463, 453, 455, 465, 464, 454, 456, 466, 465, 455, 457, 467, 466, 456, 458, 468, 467, 457, 459, 469, 468, 458, 461, 471, 470, 460, 462, 472, 471, 461, 463, 473, 472, 462, 464, 474, 473, 463, 465, 475, 474, 464, 466, 476, 475, 465, 467, 477, 476, 466, 468, 478, 477, 467, 469, 479, 478, 468, 471, 481, 480, 470, 472, 482, 481, 471, 473, 483, 482, 472, 474, 484, 483, 473, 475, 485, 484, 474, 476, 486, 485, 475, 477, 487, 486, 476, 478, 488, 487, 477, 479, 489, 488, 478, 481, 491, 490, 480, 482, 492, 491, 481, 483, 493, 492, 482, 484, 494, 493, 483, 485, 495, 494, 484, 486, 496, 495, 485, 487, 497, 496, 486, 488, 498, 497, 487, 489, 499, 498, 488, 491, 501, 500, 490, 492, 502, 501, 491, 493, 503, 502, 492, 494, 504, 503, 493, 495, 505, 504, 494, 496, 506, 505, 495, 497, 507, 506, 496, 498, 508, 507, 497, 499, 509, 508, 498, 501, 511, 510, 500, 502, 512, 511, 501, 503, 513, 512, 502, 504, 514, 513, 503, 505, 515, 514, 504, 506, 516, 515, 505, 507, 517, 516, 506, 508, 518, 517, 507, 509, 519, 518, 508, 511, 521, 520, 510, 512, 522, 521, 511, 513, 523, 522, 512, 514, 524, 523, 513, 515, 525, 524, 514, 516, 526, 525, 515, 517, 527, 526, 516, 518, 528, 527, 517, 519, 529, 528, 518, 521, 531, 530, 520, 522, 532, 531, 521, 523, 533, 532, 522, 524, 534, 533, 523, 525, 535, 534, 524, 526, 536, 535, 525, 527, 537, 536, 526, 528, 538, 537, 527, 529, 539, 538, 528, 531, 541, 540, 530, 532, 542, 541, 531, 533, 543, 542, 532, 534, 544, 543, 533, 535, 545, 544, 534, 536, 546, 545, 535, 537, 547, 546, 536, 538, 548, 547, 537, 539, 549, 548, 538, 541, 551, 550, 540, 542, 552, 551, 541, 543, 553, 552, 542, 544, 554, 553, 543, 545, 555, 554, 544, 546, 556, 555, 545, 547, 557, 556, 546, 548, 558, 557, 547, 549, 559, 558, 548, 551, 1, 0, 550, 552, 2, 1, 551, 553, 3, 2, 552, 554, 4, 3, 553, 555, 5, 4, 554, 556, 6, 5, 555, 557, 7, 6, 556, 558, 8, 7, 557, 559, 9, 8, 558, 560, 561, 563, 562, 564, 566, 567, 565, 560, 564, 565, 561, 562, 563, 567, 566, 560, 562, 566, 564, 561, 565, 567, 563, 568, 569, 571, 570, 572, 574, 575, 573, 568, 572, 573, 569, 570, 571, 575, 574, 568, 570, 574, 572, 569, 573, 575, 571, 576, 577, 579, 578, 580, 582, 583, 581, 576, 580, 581, 577, 578, 579, 583, 582, 576, 578, 582, 580, 577, 581, 583, 579, 584, 585, 587, 586, 588, 590, 591, 589, 584, 588, 589, 585, 586, 587, 591, 590, 584, 586, 590, 588, 585, 589, 591, 587, 592, 593, 595, 594, 596, 598, 599, 597, 592, 596, 597, 593, 594, 595, 599, 598, 592, 594, 598, 596, 593, 597, 599, 595, 600, 601, 603, 602, 604, 606, 607, 605, 600, 604, 605, 601, 602, 603, 607, 606, 600, 602, 606, 604, 601, 605, 607, 603, 608, 609, 611, 610, 612, 614, 615, 613, 608, 612, 613, 609, 610, 611, 615, 614, 608, 610, 614, 612, 609, 613, 615, 611, 616, 617, 619, 618, 620, 622, 623, 621, 616, 620, 621, 617, 618, 619, 623, 622, 616, 618, 622, 620, 617, 621, 623, 619, 624, 625, 627, 626, 628, 630, 631, 629, 624, 628, 629, 625, 626, 627, 631, 630, 624, 626, 630, 628, 625, 629, 631, 627, 632, 633, 635, 634, 636, 638, 639, 637, 632, 636, 637, 633, 634, 635, 639, 638, 632, 634, 638, 636, 633, 637, 639, 635, 640, 641, 643, 642, 644, 646, 647, 645, 640, 644, 645, 641, 642, 643, 647, 646, 640, 642, 646, 644, 641, 645, 647, 643, 648, 649, 651, 650, 652, 654, 655, 653, 648, 652, 653, 649, 650, 651, 655, 654, 648, 650, 654, 652, 649, 653, 655, 651, 656, 657, 659, 658, 660, 662, 663, 661, 656, 660, 661, 657, 658, 659, 663, 662, 656, 658, 662, 660, 657, 661, 663, 659, 664, 665, 667, 666, 668, 670, 671, 669, 664, 668, 669, 665, 666, 667, 671, 670, 664, 666, 670, 668, 665, 669, 671, 667, 672, 673, 675, 674, 676, 678, 679, 677, 672, 676, 677, 673, 674, 675, 679, 678, 672, 674, 678, 676, 673, 677, 679, 675, 680, 681, 683, 682, 684, 686, 687, 685, 680, 684, 685, 681, 682, 683, 687, 686, 680, 682, 686, 684, 681, 685, 687, 683, 688, 689, 691, 690, 692, 694, 695, 693, 688, 692, 693, 689, 690, 691, 695, 694, 688, 690, 694, 692, 689, 693, 695, 691, 696, 697, 699, 698, 700, 702, 703, 701, 696, 700, 701, 697, 698, 699, 703, 702, 696, 698, 702, 700, 697, 701, 703, 699, 704, 705, 707, 706, 708, 710, 711, 709, 704, 708, 709, 705, 706, 707, 711, 710, 704, 706, 710, 708, 705, 709, 711, 707, 712, 713, 715, 714, 716, 718, 719, 717, 712, 716, 717, 713, 714, 715, 719, 718, 712, 714, 718, 716, 713, 717, 719, 715, 720, 721, 723, 722, 724, 726, 727, 725, 720, 724, 725, 721, 722, 723, 727, 726, 720, 722, 726, 724, 721, 725, 727, 723, 728, 729, 731, 730, 732, 734, 735, 733, 728, 732, 733, 729, 730, 731, 735, 734, 728, 730, 734, 732, 729, 733, 735, 731, 736, 737, 739, 738, 740, 742, 743, 741, 736, 740, 741, 737, 738, 739, 743, 742, 736, 738, 742, 740, 737, 741, 743, 739, 744, 745, 747, 746, 748, 750, 751, 749, 744, 748, 749, 745, 746, 747, 751, 750, 744, 746, 750, 748, 745, 749, 751, 747, 752, 753, 755, 754, 756, 758, 759, 757, 752, 756, 757, 753, 754, 755, 759, 758, 752, 754, 758, 756, 753, 757, 759, 755, 760, 761, 763, 762, 764, 766, 767, 765, 760, 764, 765, 761, 762, 763, 767, 766, 760, 762, 766, 764, 761, 765, 767, 763, 768, 769, 771, 770, 772, 774, 775, 773, 768, 772, 773, 769, 770, 771, 775, 774, 768, 770, 774, 772, 769, 773, 775, 771, 776, 777, 779, 778, 780, 782, 783, 781, 776, 780, 781, 777, 778, 779, 783, 782, 776, 778, 782, 780, 777, 781, 783, 779, 784, 785, 787, 786, 788, 790, 791, 789, 784, 788, 789, 785, 786, 787, 791, 790, 784, 786, 790, 788, 785, 789, 791, 787, 792, 793, 795, 794, 796, 798, 799, 797, 792, 796, 797, 793, 794, 795, 799, 798, 792, 794, 798, 796, 793, 797, 799, 795, 800, 801, 803, 802, 804, 806, 807, 805, 800, 804, 805, 801, 802, 803, 807, 806, 800, 802, 806, 804, 801, 805, 807, 803, 808, 809, 811, 810, 812, 814, 815, 813, 808, 812, 813, 809, 810, 811, 815, 814, 808, 810, 814, 812, 809, 813, 815, 811, 816, 817, 819, 818, 820, 822, 823, 821, 816, 820, 821, 817, 818, 819, 823, 822, 816, 818, 822, 820, 817, 821, 823, 819, 824, 825, 827, 826, 828, 830, 831, 829, 824, 828, 829, 825, 826, 827, 831, 830, 824, 826, 830, 828, 825, 829, 831, 827, 832, 833, 835, 834, 836, 838, 839, 837, 832, 836, 837, 833, 834, 835, 839, 838, 832, 834, 838, 836, 833, 837, 839, 835, 840, 841, 843, 842, 844, 846, 847, 845, 840, 844, 845, 841, 842, 843, 847, 846, 840, 842, 846, 844, 841, 845, 847, 843, 848, 849, 851, 850, 852, 854, 855, 853, 848, 852, 853, 849, 850, 851, 855, 854, 848, 850, 854, 852, 849, 853, 855, 851, 856, 857, 859, 858, 860, 862, 863, 861, 856, 860, 861, 857, 858, 859, 863, 862, 856, 858, 862, 860, 857, 861, 863, 859, 864, 865, 867, 866, 868, 870, 871, 869, 864, 868, 869, 865, 866, 867, 871, 870, 864, 866, 870, 868, 865, 869, 871, 867, 872, 873, 875, 874, 876, 878, 879, 877, 872, 876, 877, 873, 874, 875, 879, 878, 872, 874, 878, 876, 873, 877, 879, 875, 880, 881, 883, 882, 884, 886, 887, 885, 880, 884, 885, 881, 882, 883, 887, 886, 880, 882, 886, 884, 881, 885, 887, 883, 888, 889, 891, 890, 892, 894, 895, 893, 888, 892, 893, 889, 890, 891, 895, 894, 888, 890, 894, 892, 889, 893, 895, 891, 896, 897, 899, 898, 900, 902, 903, 901, 896, 900, 901, 897, 898, 899, 903, 902, 896, 898, 902, 900, 897, 901, 903, 899, 904, 905, 907, 906, 908, 910, 911, 909, 904, 908, 909, 905, 906, 907, 911, 910, 904, 906, 910, 908, 905, 909, 911, 907, 912, 913, 915, 914, 916, 918, 919, 917, 912, 916, 917, 913, 914, 915, 919, 918, 912, 914, 918, 916, 913, 917, 919, 915, 920, 921, 923, 922, 924, 926, 927, 925, 920, 924, 925, 921, 922, 923, 927, 926, 920, 922, 926, 924, 921, 925, 927, 923, 928, 929, 931, 930, 932, 934, 935, 933, 928, 932, 933, 929, 930, 931, 935, 934, 928, 930, 934, 932, 929, 933, 935, 931, 936, 937, 939, 938, 940, 942, 943, 941, 936, 940, 941, 937, 938, 939, 943, 942, 936, 938, 942, 940, 937, 941, 943, 939, 944, 945, 947, 946, 948, 950, 951, 949, 944, 948, 949, 945, 946, 947, 951, 950, 944, 946, 950, 948, 945, 949, 951, 947, 952, 953, 955, 954, 956, 958, 959, 957, 952, 956, 957, 953, 954, 955, 959, 958, 952, 954, 958, 956, 953, 957, 959, 955, 960, 961, 963, 962, 964, 966, 967, 965, 960, 964, 965, 961, 962, 963, 967, 966, 960, 962, 966, 964, 961, 965, 967, 963, 968, 969, 971, 970, 972, 974, 975, 973, 968, 972, 973, 969, 970, 971, 975, 974, 968, 970, 974, 972, 969, 973, 975, 971, 976, 977, 979, 978, 980, 982, 983, 981, 976, 980, 981, 977, 978, 979, 983, 982, 976, 978, 982, 980, 977, 981, 983, 979, 984, 985, 987, 986, 988, 990, 991, 989, 984, 988, 989, 985, 986, 987, 991, 990, 984, 986, 990, 988, 985, 989, 991, 987, 992, 993, 995, 994, 996, 998, 999, 997, 992, 996, 997, 993, 994, 995, 999, 998, 992, 994, 998, 996, 993, 997, 999, 995, 1000, 1001, 1003, 1002, 1004, 1006, 1007, 1005, 1000, 1004, 1005, 1001, 1002, 1003, 1007, 1006, 1000, 1002, 1006, 1004, 1001, 1005, 1007, 1003, 1008, 1009, 1011, 1010, 1012, 1014, 1015, 1013, 1008, 1012, 1013, 1009, 1010, 1011, 1015, 1014, 1008, 1010, 1014, 1012, 1009, 1013, 1015, 1011, 1016, 1017, 1019, 1018, 1020, 1022, 1023, 1021, 1016, 1020, 1021, 1017, 1018, 1019, 1023, 1022, 1016, 1018, 1022, 1020, 1017, 1021, 1023, 1019, 1024, 1025, 1027, 1026, 1028, 1030, 1031, 1029, 1024, 1028, 1029, 1025, 1026, 1027, 1031, 1030, 1024, 1026, 1030, 1028, 1025, 1029, 1031, 1027, 1032, 1033, 1035, 1034, 1036, 1038, 1039, 1037, 1032, 1036, 1037, 1033, 1034, 1035, 1039, 1038, 1032, 1034, 1038, 1036, 1033, 1037, 1039, 1035, 1040, 1041, 1043, 1042, 1044, 1046, 1047, 1045, 1040, 1044, 1045, 1041, 1042, 1043, 1047, 1046, 1040, 1042, 1046, 1044, 1041, 1045, 1047, 1043, 1048, 1049, 1051, 1050, 1052, 1054, 1055, 1053, 1048, 1052, 1053, 1049, 1050, 1051, 1055, 1054, 1048, 1050, 1054, 1052, 1049, 1053, 1055, 1051, 1056, 1057, 1059, 1058, 1060, 1062, 1063, 1061, 1056, 1060, 1061, 1057, 1058, 1059, 1063, 1062, 1056, 1058, 1062, 1060, 1057, 1061, 1063, 1059, 1064, 1065, 1067, 1066, 1068, 1070, 1071, 1069, 1064, 1068, 1069, 1065, 1066, 1067, 1071, 1070, 1064, 1066, 1070, 1068, 1065, 1069, 1071, 1067, 1072, 1073, 1075, 1074, 1076, 1078, 1079, 1077, 1072, 1076, 1077, 1073, 1074, 1075, 1079, 1078, 1072, 1074, 1078, 1076, 1073, 1077, 1079, 1075, 1080, 1081, 1083, 1082, 1084, 1086, 1087, 1085, 1080, 1084, 1085, 1081, 1082, 1083, 1087, 1086, 1080, 1082, 1086, 1084, 1081, 1085, 1087, 1083, 1088, 1089, 1091, 1090, 1092, 1094, 1095, 1093, 1088, 1092, 1093, 1089, 1090, 1091, 1095, 1094, 1088, 1090, 1094, 1092, 1089, 1093, 1095, 1091, 1096, 1097, 1099, 1098, 1100, 1102, 1103, 1101, 1096, 1100, 1101, 1097, 1098, 1099, 1103, 1102, 1096, 1098, 1102, 1100, 1097, 1101, 1103, 1099, 1104, 1105, 1107, 1106, 1108, 1110, 1111, 1109, 1104, 1108, 1109, 1105, 1106, 1107, 1111, 1110, 1104, 1106, 1110, 1108, 1105, 1109, 1111, 1107, 1112, 1113, 1115, 1114, 1116, 1118, 1119, 1117, 1112, 1116, 1117, 1113, 1114, 1115, 1119, 1118, 1112, 1114, 1118, 1116, 1113, 1117, 1119, 1115, 1120, 1121, 1123, 1122, 1124, 1126, 1127, 1125, 1120, 1124, 1125, 1121, 1122, 1123, 1127, 1126, 1120, 1122, 1126, 1124, 1121, 1125, 1127, 1123, 1128, 1129, 1131, 1130, 1132, 1134, 1135, 1133, 1128, 1132, 1133, 1129, 1130, 1131, 1135, 1134, 1128, 1130, 1134, 1132, 1129, 1133, 1135, 1131, 1136, 1137, 1139, 1138, 1140, 1142, 1143, 1141, 1136, 1140, 1141, 1137, 1138, 1139, 1143, 1142, 1136, 1138, 1142, 1140, 1137, 1141, 1143, 1139, 1144, 1145, 1147, 1146, 1148, 1150, 1151, 1149, 1144, 1148, 1149, 1145, 1146, 1147, 1151, 1150, 1144, 1146, 1150, 1148, 1145, 1149, 1151, 1147, 1152, 1153, 1155, 1154, 1156, 1158, 1159, 1157, 1152, 1156, 1157, 1153, 1154, 1155, 1159, 1158, 1152, 1154, 1158, 1156, 1153, 1157, 1159, 1155, 1160, 1161, 1163, 1162, 1164, 1166, 1167, 1165, 1160, 1164, 1165, 1161, 1162, 1163, 1167, 1166, 1160, 1162, 1166, 1164, 1161, 1165, 1167, 1163, 1168, 1169, 1171, 1170, 1172, 1174, 1175, 1173, 1168, 1172, 1173, 1169, 1170, 1171, 1175, 1174, 1168, 1170, 1174, 1172, 1169, 1173, 1175, 1171, 1176, 1177, 1179, 1178, 1180, 1182, 1183, 1181, 1176, 1180, 1181, 1177, 1178, 1179, 1183, 1182, 1176, 1178, 1182, 1180, 1177, 1181, 1183, 1179, 1184, 1185, 1187, 1186, 1188, 1190, 1191, 1189, 1184, 1188, 1189, 1185, 1186, 1187, 1191, 1190, 1184, 1186, 1190, 1188, 1185, 1189, 1191, 1187, 1192, 1193, 1195, 1194, 1196, 1198, 1199, 1197, 1192, 1196, 1197, 1193, 1194, 1195, 1199, 1198, 1192, 1194, 1198, 1196, 1193, 1197, 1199, 1195, 1200, 1201, 1203, 1202, 1204, 1206, 1207, 1205, 1200, 1204, 1205, 1201, 1202, 1203, 1207, 1206, 1200, 1202, 1206, 1204, 1201, 1205, 1207, 1203, 1208, 1209, 1211, 1210, 1212, 1214, 1215, 1213, 1208, 1212, 1213, 1209, 1210, 1211, 1215, 1214, 1208, 1210, 1214, 1212, 1209, 1213, 1215, 1211, 1216, 1217, 1219, 1218, 1220, 1222, 1223, 1221, 1216, 1220, 1221, 1217, 1218, 1219, 1223, 1222, 1216, 1218, 1222, 1220, 1217, 1221, 1223, 1219, 1224, 1225, 1227, 1226, 1228, 1230, 1231, 1229, 1224, 1228, 1229, 1225, 1226, 1227, 1231, 1230, 1224, 1226, 1230, 1228, 1225, 1229, 1231, 1227, 1232, 1233, 1235, 1234, 1236, 1238, 1239, 1237, 1232, 1236, 1237, 1233, 1234, 1235, 1239, 1238, 1232, 1234, 1238, 1236, 1233, 1237, 1239, 1235, 1240, 1241, 1243, 1242, 1244, 1246, 1247, 1245, 1240, 1244, 1245, 1241, 1242, 1243, 1247, 1246, 1240, 1242, 1246, 1244, 1241, 1245, 1247, 1243, 1248, 1249, 1251, 1250, 1252, 1254, 1255, 1253, 1248, 1252, 1253, 1249, 1250, 1251, 1255, 1254, 1248, 1250, 1254, 1252, 1249, 1253, 1255, 1251, 1256, 1257, 1259, 1258, 1260, 1262, 1263, 1261, 1256, 1260, 1261, 1257, 1258, 1259, 1263, 1262, 1256, 1258, 1262, 1260, 1257, 1261, 1263, 1259, 1264, 1265, 1267, 1266, 1268, 1270, 1271, 1269, 1264, 1268, 1269, 1265, 1266, 1267, 1271, 1270, 1264, 1266, 1270, 1268, 1265, 1269, 1271, 1267, 1272, 1273, 1275, 1274, 1276, 1278, 1279, 1277, 1272, 1276, 1277, 1273, 1274, 1275, 1279, 1278, 1272, 1274, 1278, 1276, 1273, 1277, 1279, 1275, 1280, 1281, 1283, 1282, 1284, 1286, 1287, 1285, 1280, 1284, 1285, 1281, 1282, 1283, 1287, 1286, 1280, 1282, 1286, 1284, 1281, 1285, 1287, 1283, 1288, 1289, 1291, 1290, 1292, 1294, 1295, 1293, 1288, 1292, 1293, 1289, 1290, 1291, 1295, 1294, 1288, 1290, 1294, 1292, 1289, 1293, 1295, 1291, 1296, 1297, 1299, 1298, 1300, 1302, 1303, 1301, 1296, 1300, 1301, 1297, 1298, 1299, 1303, 1302, 1296, 1298, 1302, 1300, 1297, 1301, 1303, 1299, 1304, 1305, 1307, 1306, 1308, 1310, 1311, 1309, 1304, 1308, 1309, 1305, 1306, 1307, 1311, 1310, 1304, 1306, 1310, 1308, 1305, 1309, 1311, 1307, 1312, 1313, 1315, 1314, 1316, 1318, 1319, 1317, 1312, 1316, 1317, 1313, 1314, 1315, 1319, 1318, 1312, 1314, 1318, 1316, 1313, 1317, 1319, 1315, 1320, 1321, 1323, 1322, 1324, 1326, 1327, 1325, 1320, 1324, 1325, 1321, 1322, 1323, 1327, 1326, 1320, 1322, 1326, 1324, 1321, 1325, 1327, 1323, 1328, 1329, 1331, 1330, 1332, 1334, 1335, 1333, 1328, 1332, 1333, 1329, 1330, 1331, 1335, 1334, 1328, 1330, 1334, 1332, 1329, 1333, 1335, 1331, 1336, 1337, 1339, 1338, 1340, 1342, 1343, 1341, 1336, 1340, 1341, 1337, 1338, 1339, 1343, 1342, 1336, 1338, 1342, 1340, 1337, 1341, 1343, 1339, 1344, 1345, 1347, 1346, 1348, 1350, 1351, 1349, 1344, 1348, 1349, 1345, 1346, 1347, 1351, 1350, 1344, 1346, 1350, 1348, 1345, 1349, 1351, 1347, 1352, 1353, 1355, 1354, 1356, 1358, 1359, 1357, 1352, 1356, 1357, 1353, 1354, 1355, 1359, 1358, 1352, 1354, 1358, 1356, 1353, 1357, 1359, 1355, 1360, 1361, 1363, 1362, 1364, 1366, 1367, 1365, 1360, 1364, 1365, 1361, 1362, 1363, 1367, 1366, 1360, 1362, 1366, 1364, 1361, 1365, 1367, 1363, 1368, 1369, 1371, 1370, 1372, 1374, 1375, 1373, 1368, 1372, 1373, 1369, 1370, 1371, 1375, 1374, 1368, 1370, 1374, 1372, 1369, 1373, 1375, 1371, 1376, 1377, 1379, 1378, 1380, 1382, 1383, 1381, 1376, 1380, 1381, 1377, 1378, 1379, 1383, 1382, 1376, 1378, 1382, 1380, 1377, 1381, 1383, 1379, 1384, 1385, 1387, 1386, 1388, 1390, 1391, 1389, 1384, 1388, 1389, 1385, 1386, 1387, 1391, 1390, 1384, 1386, 1390, 1388, 1385, 1389, 1391, 1387, 1392, 1393, 1395, 1394, 1396, 1398, 1399, 1397, 1392, 1396, 1397, 1393, 1394, 1395, 1399, 1398, 1392, 1394, 1398, 1396, 1393, 1397, 1399, 1395, 1400, 1401, 1403, 1402, 1404, 1406, 1407, 1405, 1400, 1404, 1405, 1401, 1402, 1403, 1407, 1406, 1400, 1402, 1406, 1404, 1401, 1405, 1407, 1403, 1408, 1409, 1411, 1410, 1412, 1414, 1415, 1413, 1408, 1412, 1413, 1409, 1410, 1411, 1415, 1414, 1408, 1410, 1414, 1412, 1409, 1413, 1415, 1411, 1416, 1417, 1419, 1418, 1420, 1422, 1423, 1421, 1416, 1420, 1421, 1417, 1418, 1419, 1423, 1422, 1416, 1418, 1422, 1420, 1417, 1421, 1423, 1419, 1424, 1425, 1427, 1426, 1428, 1430, 1431, 1429, 1424, 1428, 1429, 1425, 1426, 1427, 1431, 1430, 1424, 1426, 1430, 1428, 1425, 1429, 1431, 1427, 1432, 1433, 1435, 1434, 1436, 1438, 1439, 1437, 1432, 1436, 1437, 1433, 1434, 1435, 1439, 1438, 1432, 1434, 1438, 1436, 1433, 1437, 1439, 1435]
            rel material:binding = </rc_car/Looks/rubber>
            point3f[] points = [(0.036, -0.029, 0), (0.044, -0.0322, 0), (0.049, -0.031, 0), (0.0512, -0.027, 0), (0.0515, -0.01, 0), (0.0515, 0.01, 0), (0.0512, 0.027, 0), (0.049, 0.031, 0), (0.044, 0.0322, 0), (0.036, 0.029, 0), (0.03577364, -0.029, 0.0040307213), (0.043723337, -0.0322, 0.004926437), (0.0486919, -0.031, 0.0054862592), (0.050878067, -0.027, 0.005732581), (0.05117618, -0.01, 0.0057661706), (0.05117618, 0.01, 0.0057661706), (0.050878067, 0.027, 0.005732581), (0.0486919, 0.031, 0.0054862592), (0.043723337, 0.0322, 0.004926437), (0.03577364, 0.029, 0.0040307213), (0.035097405, -0.029, 0.008010753), (0.04289683, -0.0322, 0.009790921), (0.04777147, -0.031, 0.010903526), (0.04991631, -0.027, 0.011393072), (0.05020879, -0.01, 0.011459828), (0.05020879, 0.01, 0.011459828), (0.04991631, 0.027, 0.011393072), (0.04777147, 0.031, 0.010903526), (0.04289683, 0.0322, 0.009790921), (0.035097405, 0.029, 0.008010753), (0.0339798, -0.029, 0.011890046), (0.041530866, -0.0322, 0.014532278), (0.046250284, -0.031, 0.016183674), (0.048326828, -0.027, 0.016910288), (0.04860999, -0.01, 0.017009372), (0.04860999, 0.01, 0.017009372), (0.048326828, 0.027, 0.016910288), (0.046250284, 0.031, 0.016183674), (0.041530866, 0.0322, 0.014532278), (0.0339798, 0.029, 0.011890046), (0.03243488, -0.029, 0.015619814), (0.039642632, -0.0322, 0.019090885), (0.044147473, -0.031, 0.021260303), (0.046129607, -0.027, 0.022214847), (0.046399895, -0.01, 0.022345012), (0.046399895, 0.01, 0.022345012), (0.046129607, 0.027, 0.022214847), (0.044147473, 0.031, 0.021260303), (0.039642632, 0.0322, 0.019090885), (0.03243488, 0.029, 0.015619814), (0.03048207, -0.029, 0.019153155), (0.037255865, -0.0322, 0.023409411), (0.041489486, -0.031, 0.026069572), (0.04335228, -0.027, 0.027240042), (0.043606296, -0.01, 0.027399652), (0.043606296, 0.01, 0.027399652), (0.04335228, 0.027, 0.027240042), (0.041489486, 0.031, 0.026069572), (0.037255865, 0.0322, 0.023409411), (0.03048207, 0.029, 0.019153155), (0.028145934, -0.029, 0.022445632), (0.034400586, -0.0322, 0.027433552), (0.03830974, -0.031, 0.030551), (0.04002977, -0.027, 0.03192268), (0.04026432, -0.01, 0.032109726), (0.04026432, 0.01, 0.032109726), (0.04002977, 0.027, 0.03192268), (0.03830974, 0.031, 0.030551), (0.034400586, 0.0322, 0.027433552), (0.028145934, 0.029, 0.022445632), (0.025455844, -0.029, 0.025455844), (0.031112699, -0.0322, 0.031112699), (0.034648232, -0.031, 0.034648232), (0.03620387, -0.027, 0.03620387), (0.036415998, -0.01, 0.036415998), (0.036415998, 0.01, 0.036415998), (0.03620387, 0.027, 0.03620387), (0.034648232, 0.031, 0.034648232), (0.031112699, 0.0322, 0.031112699), (0.025455844, 0.029, 0.025455844), (0.022445632, -0.029, 0.028145934), (0.027433552, -0.0322, 0.034400586), (0.030551, -0.031, 0.03830974), (0.03192268, -0.027, 0.04002977), (0.032109726, -0.01, 0.04026432), (0.032109726, 0.01, 0.04026432), (0.03192268, 0.027, 0.04002977), (0.030551, 0.031, 0.03830974), (0.027433552, 0.0322, 0.034400586), (0.022445632, 0.029, 0.028145934), (0.019153155, -0.029, 0.03048207), (0.023409411, -0.0322, 0.037255865), (0.026069572, -0.031, 0.041489486), (0.027240042, -0.027, 0.04335228), (0.027399652, -0.01, 0.043606296), (0.027399652, 0.01, 0.043606296), (0.027240042, 0.027, 0.04335228), (0.026069572, 0.031, 0.041489486), (0.023409411, 0.0322, 0.037255865), (0.019153155, 0.029, 0.03048207), (0.015619814, -0.029, 0.03243488), (0.019090885, -0.0322, 0.039642632), (0.021260303, -0.031, 0.044147473), (0.022214847, -0.027, 0.046129607), (0.022345012, -0.01, 0.046399895), (0.022345012, 0.01, 0.046399895), (0.022214847, 0.027, 0.046129607), (0.021260303, 0.031, 0.044147473), (0.019090885, 0.0322, 0.039642632), (0.015619814, 0.029, 0.03243488), (0.011890046, -0.029, 0.0339798), (0.014532278, -0.0322, 0.041530866), (0.016183674, -0.031, 0.046250284), (0.016910288, -0.027, 0.048326828), (0.017009372, -0.01, 0.04860999), (0.017009372, 0.01, 0.04860999), (0.016910288, 0.027, 0.048326828), (0.016183674, 0.031, 0.046250284), (0.014532278, 0.0322, 0.041530866), (0.011890046, 0.029, 0.0339798), (0.008010753, -0.029, 0.035097405), (0.009790921, -0.0322, 0.04289683), (0.010903526, -0.031, 0.04777147), (0.011393072, -0.027, 0.04991631), (0.011459828, -0.01, 0.05020879), (0.011459828, 0.01, 0.05020879), (0.011393072, 0.027, 0.04991631), (0.010903526, 0.031, 0.04777147), (0.009790921, 0.0322, 0.04289683), (0.008010753, 0.029, 0.035097405), (0.0040307213, -0.029, 0.03577364), (0.004926437, -0.0322, 0.043723337), (0.0054862592, -0.031, 0.0486919), (0.005732581, -0.027, 0.050878067), (0.0057661706, -0.01, 0.05117618), (0.0057661706, 0.01, 0.05117618), (0.005732581, 0.027, 0.050878067), (0.0054862592, 0.031, 0.0486919), (0.004926437, 0.0322, 0.043723337), (0.0040307213, 0.029, 0.03577364), (2.2043642e-18, -0.029, 0.036), (2.694223e-18, -0.0322, 0.044), (3.0003847e-18, -0.031, 0.049), (3.1350958e-18, -0.027, 0.0512), (3.1534654e-18, -0.01, 0.0515), (3.1534654e-18, 0.01, 0.0515), (3.1350958e-18, 0.027, 0.0512), (3.0003847e-18, 0.031, 0.049), (2.694223e-18, 0.0322, 0.044), (2.2043642e-18, 0.029, 0.036), (-0.0040307213, -0.029, 0.03577364), (-0.004926437, -0.0322, 0.043723337), (-0.0054862592, -0.031, 0.0486919), (-0.005732581, -0.027, 0.050878067), (-0.0057661706, -0.01, 0.05117618), (-0.0057661706, 0.01, 0.05117618), (-0.005732581, 0.027, 0.050878067), (-0.0054862592, 0.031, 0.0486919), (-0.004926437, 0.0322, 0.043723337), (-0.0040307213, 0.029, 0.03577364), (-0.008010753, -0.029, 0.035097405), (-0.009790921, -0.0322, 0.04289683), (-0.010903526, -0.031, 0.04777147), (-0.011393072, -0.027, 0.04991631), (-0.011459828, -0.01, 0.05020879), (-0.011459828, 0.01, 0.05020879), (-0.011393072, 0.027, 0.04991631), (-0.010903526, 0.031, 0.04777147), (-0.009790921, 0.0322, 0.04289683), (-0.008010753, 0.029, 0.035097405), (-0.011890046, -0.029, 0.0339798), (-0.014532278, -0.0322, 0.041530866), (-0.016183674, -0.031, 0.046250284), (-0.016910288, -0.027, 0.048326828), (-0.017009372, -0.01, 0.04860999), (-0.017009372, 0.01, 0.04860999), (-0.016910288, 0.027, 0.048326828), (-0.016183674, 0.031, 0.046250284), (-0.014532278, 0.0322, 0.041530866), (-0.011890046, 0.029, 0.0339798), (-0.015619814, -0.029, 0.03243488), (-0.019090885, -0.0322, 0.039642632), (-0.021260303, -0.031, 0.044147473), (-0.022214847, -0.027, 0.046129607), (-0.022345012, -0.01, 0.046399895), (-0.022345012, 0.01, 0.046399895), (-0.022214847, 0.027, 0.046129607), (-0.021260303, 0.031, 0.044147473), (-0.019090885, 0.0322, 0.039642632), (-0.015619814, 0.029, 0.03243488), (-0.019153155, -0.029, 0.03048207), (-0.023409411, -0.0322, 0.037255865), (-0.026069572, -0.031, 0.041489486), (-0.027240042, -0.027, 0.04335228), (-0.027399652, -0.01, 0.043606296), (-0.027399652, 0.01, 0.043606296), (-0.027240042, 0.027, 0.04335228), (-0.026069572, 0.031, 0.041489486), (-0.023409411, 0.0322, 0.037255865), (-0.019153155, 0.029, 0.03048207), (-0.022445632, -0.029, 0.028145934), (-0.027433552, -0.0322, 0.034400586), (-0.030551, -0.031, 0.03830974), (-0.03192268, -0.027, 0.04002977), (-0.032109726, -0.01, 0.04026432), (-0.032109726, 0.01, 0.04026432), (-0.03192268, 0.027, 0.04002977), (-0.030551, 0.031, 0.03830974), (-0.027433552, 0.0322, 0.034400586), (-0.022445632, 0.029, 0.028145934), (-0.025455844, -0.029, 0.025455844), (-0.031112699, -0.0322, 0.031112699), (-0.034648232, -0.031, 0.034648232), (-0.03620387, -0.027, 0.03620387), (-0.036415998, -0.01, 0.036415998), (-0.036415998, 0.01, 0.036415998), (-0.03620387, 0.027, 0.03620387), (-0.034648232, 0.031, 0.034648232), (-0.031112699, 0.0322, 0.031112699), (-0.025455844, 0.029, 0.025455844), (-0.028145934, -0.029, 0.022445632), (-0.034400586, -0.0322, 0.027433552), (-0.03830974, -0.031, 0.030551), (-0.04002977, -0.027, 0.03192268), (-0.04026432, -0.01, 0.032109726), (-0.04026432, 0.01, 0.032109726), (-0.04002977, 0.027, 0.03192268), (-0.03830974, 0.031, 0.030551), (-0.034400586, 0.0322, 0.027433552), (-0.028145934, 0.029, 0.022445632), (-0.03048207, -0.029, 0.019153155), (-0.037255865, -0.0322, 0.023409411), (-0.041489486, -0.031, 0.026069572), (-0.04335228, -0.027, 0.027240042), (-0.043606296, -0.01, 0.027399652), (-0.043606296, 0.01, 0.027399652), (-0.04335228, 0.027, 0.027240042), (-0.041489486, 0.031, 0.026069572), (-0.037255865, 0.0322, 0.023409411), (-0.03048207, 0.029, 0.019153155), (-0.03243488, -0.029, 0.015619814), (-0.039642632, -0.0322, 0.019090885), (-0.044147473, -0.031, 0.021260303), (-0.046129607, -0.027, 0.022214847), (-0.046399895, -0.01, 0.022345012), (-0.046399895, 0.01, 0.022345012), (-0.046129607, 0.027, 0.022214847), (-0.044147473, 0.031, 0.021260303), (-0.039642632, 0.0322, 0.019090885), (-0.03243488, 0.029, 0.015619814), (-0.0339798, -0.029, 0.011890046), (-0.041530866, -0.0322, 0.014532278), (-0.046250284, -0.031, 0.016183674), (-0.048326828, -0.027, 0.016910288), (-0.04860999, -0.01, 0.017009372), (-0.04860999, 0.01, 0.017009372), (-0.048326828, 0.027, 0.016910288), (-0.046250284, 0.031, 0.016183674), (-0.041530866, 0.0322, 0.014532278), (-0.0339798, 0.029, 0.011890046), (-0.035097405, -0.029, 0.008010753), (-0.04289683, -0.0322, 0.009790921), (-0.04777147, -0.031, 0.010903526), (-0.04991631, -0.027, 0.011393072), (-0.05020879, -0.01, 0.011459828), (-0.05020879, 0.01, 0.011459828), (-0.04991631, 0.027, 0.011393072), (-0.04777147, 0.031, 0.010903526), (-0.04289683, 0.0322, 0.009790921), (-0.035097405, 0.029, 0.008010753), (-0.03577364, -0.029, 0.0040307213), (-0.043723337, -0.0322, 0.004926437), (-0.0486919, -0.031, 0.0054862592), (-0.050878067, -0.027, 0.005732581), (-0.05117618, -0.01, 0.0057661706), (-0.05117618, 0.01, 0.0057661706), (-0.050878067, 0.027, 0.005732581), (-0.0486919, 0.031, 0.0054862592), (-0.043723337, 0.0322, 0.004926437), (-0.03577364, 0.029, 0.0040307213), (-0.036, -0.029, 4.4087283e-18), (-0.044, -0.0322, 5.388446e-18), (-0.049, -0.031, 6.0007693e-18), (-0.0512, -0.027, 6.2701916e-18), (-0.0515, -0.01, 6.306931e-18), (-0.0515, 0.01, 6.306931e-18), (-0.0512, 0.027, 6.2701916e-18), (-0.049, 0.031, 6.0007693e-18), (-0.044, 0.0322, 5.388446e-18), (-0.036, 0.029, 4.4087283e-18), (-0.03577364, -0.029, -0.0040307213), (-0.043723337, -0.0322, -0.004926437), (-0.0486919, -0.031, -0.0054862592), (-0.050878067, -0.027, -0.005732581), (-0.05117618, -0.01, -0.0057661706), (-0.05117618, 0.01, -0.0057661706), (-0.050878067, 0.027, -0.005732581), (-0.0486919, 0.031, -0.0054862592), (-0.043723337, 0.0322, -0.004926437), (-0.03577364, 0.029, -0.0040307213), (-0.035097405, -0.029, -0.008010753), (-0.04289683, -0.0322, -0.009790921), (-0.04777147, -0.031, -0.010903526), (-0.04991631, -0.027, -0.011393072), (-0.05020879, -0.01, -0.011459828), (-0.05020879, 0.01, -0.011459828), (-0.04991631, 0.027, -0.011393072), (-0.04777147, 0.031, -0.010903526), (-0.04289683, 0.0322, -0.009790921), (-0.035097405, 0.029, -0.008010753), (-0.0339798, -0.029, -0.011890046), (-0.041530866, -0.0322, -0.014532278), (-0.046250284, -0.031, -0.016183674), (-0.048326828, -0.027, -0.016910288), (-0.04860999, -0.01, -0.017009372), (-0.04860999, 0.01, -0.017009372), (-0.048326828, 0.027, -0.016910288), (-0.046250284, 0.031, -0.016183674), (-0.041530866, 0.0322, -0.014532278), (-0.0339798, 0.029, -0.011890046), (-0.03243488, -0.029, -0.015619814), (-0.039642632, -0.0322, -0.019090885), (-0.044147473, -0.031, -0.021260303), (-0.046129607, -0.027, -0.022214847), (-0.046399895, -0.01, -0.022345012), (-0.046399895, 0.01, -0.022345012), (-0.046129607, 0.027, -0.022214847), (-0.044147473, 0.031, -0.021260303), (-0.039642632, 0.0322, -0.019090885), (-0.03243488, 0.029, -0.015619814), (-0.03048207, -0.029, -0.019153155), (-0.037255865, -0.0322, -0.023409411), (-0.041489486, -0.031, -0.026069572), (-0.04335228, -0.027, -0.027240042), (-0.043606296, -0.01, -0.027399652), (-0.043606296, 0.01, -0.027399652), (-0.04335228, 0.027, -0.027240042), (-0.041489486, 0.031, -0.026069572), (-0.037255865, 0.0322, -0.023409411), (-0.03048207, 0.029, -0.019153155), (-0.028145934, -0.029, -0.022445632), (-0.034400586, -0.0322, -0.027433552), (-0.03830974, -0.031, -0.030551), (-0.04002977, -0.027, -0.03192268), (-0.04026432, -0.01, -0.032109726), (-0.04026432, 0.01, -0.032109726), (-0.04002977, 0.027, -0.03192268), (-0.03830974, 0.031, -0.030551), (-0.034400586, 0.0322, -0.027433552), (-0.028145934, 0.029, -0.022445632), (-0.025455844, -0.029, -0.025455844), (-0.031112699, -0.0322, -0.031112699), (-0.034648232, -0.031, -0.034648232), (-0.03620387, -0.027, -0.03620387), (-0.036415998, -0.01, -0.036415998), (-0.036415998, 0.01, -0.036415998), (-0.03620387, 0.027, -0.03620387), (-0.034648232, 0.031, -0.034648232), (-0.031112699, 0.0322, -0.031112699), (-0.025455844, 0.029, -0.025455844), (-0.022445632, -0.029, -0.028145934), (-0.027433552, -0.0322, -0.034400586), (-0.030551, -0.031, -0.03830974), (-0.03192268, -0.027, -0.04002977), (-0.032109726, -0.01, -0.04026432), (-0.032109726, 0.01, -0.04026432), (-0.03192268, 0.027, -0.04002977), (-0.030551, 0.031, -0.03830974), (-0.027433552, 0.0322, -0.034400586), (-0.022445632, 0.029, -0.028145934), (-0.019153155, -0.029, -0.03048207), (-0.023409411, -0.0322, -0.037255865), (-0.026069572, -0.031, -0.041489486), (-0.027240042, -0.027, -0.04335228), (-0.027399652, -0.01, -0.043606296), (-0.027399652, 0.01, -0.043606296), (-0.027240042, 0.027, -0.04335228), (-0.026069572, 0.031, -0.041489486), (-0.023409411, 0.0322, -0.037255865), (-0.019153155, 0.029, -0.03048207), (-0.015619814, -0.029, -0.03243488), (-0.019090885, -0.0322, -0.039642632), (-0.021260303, -0.031, -0.044147473), (-0.022214847, -0.027, -0.046129607), (-0.022345012, -0.01, -0.046399895), (-0.022345012, 0.01, -0.046399895), (-0.022214847, 0.027, -0.046129607), (-0.021260303, 0.031, -0.044147473), (-0.019090885, 0.0322, -0.039642632), (-0.015619814, 0.029, -0.03243488), (-0.011890046, -0.029, -0.0339798), (-0.014532278, -0.0322, -0.041530866), (-0.016183674, -0.031, -0.046250284), (-0.016910288, -0.027, -0.048326828), (-0.017009372, -0.01, -0.04860999), (-0.017009372, 0.01, -0.04860999), (-0.016910288, 0.027, -0.048326828), (-0.016183674, 0.031, -0.046250284), (-0.014532278, 0.0322, -0.041530866), (-0.011890046, 0.029, -0.0339798), (-0.008010753, -0.029, -0.035097405), (-0.009790921, -0.0322, -0.04289683), (-0.010903526, -0.031, -0.04777147), (-0.011393072, -0.027, -0.04991631), (-0.011459828, -0.01, -0.05020879), (-0.011459828, 0.01, -0.05020879), (-0.011393072, 0.027, -0.04991631), (-0.010903526, 0.031, -0.04777147), (-0.009790921, 0.0322, -0.04289683), (-0.008010753, 0.029, -0.035097405), (-0.0040307213, -0.029, -0.03577364), (-0.004926437, -0.0322, -0.043723337), (-0.0054862592, -0.031, -0.0486919), (-0.005732581, -0.027, -0.050878067), (-0.0057661706, -0.01, -0.05117618), (-0.0057661706, 0.01, -0.05117618), (-0.005732581, 0.027, -0.050878067), (-0.0054862592, 0.031, -0.0486919), (-0.004926437, 0.0322, -0.043723337), (-0.0040307213, 0.029, -0.03577364), (-6.6130927e-18, -0.029, -0.036), (-8.082669e-18, -0.0322, -0.044), (-9.001154e-18, -0.031, -0.049), (-9.4052876e-18, -0.027, -0.0512), (-9.460397e-18, -0.01, -0.0515), (-9.460397e-18, 0.01, -0.0515), (-9.4052876e-18, 0.027, -0.0512), (-9.001154e-18, 0.031, -0.049), (-8.082669e-18, 0.0322, -0.044), (-6.6130927e-18, 0.029, -0.036), (0.0040307213, -0.029, -0.03577364), (0.004926437, -0.0322, -0.043723337), (0.0054862592, -0.031, -0.0486919), (0.005732581, -0.027, -0.050878067), (0.0057661706, -0.01, -0.05117618), (0.0057661706, 0.01, -0.05117618), (0.005732581, 0.027, -0.050878067), (0.0054862592, 0.031, -0.0486919), (0.004926437, 0.0322, -0.043723337), (0.0040307213, 0.029, -0.03577364), (0.008010753, -0.029, -0.035097405), (0.009790921, -0.0322, -0.04289683), (0.010903526, -0.031, -0.04777147), (0.011393072, -0.027, -0.04991631), (0.011459828, -0.01, -0.05020879), (0.011459828, 0.01, -0.05020879), (0.011393072, 0.027, -0.04991631), (0.010903526, 0.031, -0.04777147), (0.009790921, 0.0322, -0.04289683), (0.008010753, 0.029, -0.035097405), (0.011890046, -0.029, -0.0339798), (0.014532278, -0.0322, -0.041530866), (0.016183674, -0.031, -0.046250284), (0.016910288, -0.027, -0.048326828), (0.017009372, -0.01, -0.04860999), (0.017009372, 0.01, -0.04860999), (0.016910288, 0.027, -0.048326828), (0.016183674, 0.031, -0.046250284), (0.014532278, 0.0322, -0.041530866), (0.011890046, 0.029, -0.0339798), (0.015619814, -0.029, -0.03243488), (0.019090885, -0.0322, -0.039642632), (0.021260303, -0.031, -0.044147473), (0.022214847, -0.027, -0.046129607), (0.022345012, -0.01, -0.046399895), (0.022345012, 0.01, -0.046399895), (0.022214847, 0.027, -0.046129607), (0.021260303, 0.031, -0.044147473), (0.019090885, 0.0322, -0.039642632), (0.015619814, 0.029, -0.03243488), (0.019153155, -0.029, -0.03048207), (0.023409411, -0.0322, -0.037255865), (0.026069572, -0.031, -0.041489486), (0.027240042, -0.027, -0.04335228), (0.027399652, -0.01, -0.043606296), (0.027399652, 0.01, -0.043606296), (0.027240042, 0.027, -0.04335228), (0.026069572, 0.031, -0.041489486), (0.023409411, 0.0322, -0.037255865), (0.019153155, 0.029, -0.03048207), (0.022445632, -0.029, -0.028145934), (0.027433552, -0.0322, -0.034400586), (0.030551, -0.031, -0.03830974), (0.03192268, -0.027, -0.04002977), (0.032109726, -0.01, -0.04026432), (0.032109726, 0.01, -0.04026432), (0.03192268, 0.027, -0.04002977), (0.030551, 0.031, -0.03830974), (0.027433552, 0.0322, -0.034400586), (0.022445632, 0.029, -0.028145934), (0.025455844, -0.029, -0.025455844), (0.031112699, -0.0322, -0.031112699), (0.034648232, -0.031, -0.034648232), (0.03620387, -0.027, -0.03620387), (0.036415998, -0.01, -0.036415998), (0.036415998, 0.01, -0.036415998), (0.03620387, 0.027, -0.03620387), (0.034648232, 0.031, -0.034648232), (0.031112699, 0.0322, -0.031112699), (0.025455844, 0.029, -0.025455844), (0.028145934, -0.029, -0.022445632), (0.034400586, -0.0322, -0.027433552), (0.03830974, -0.031, -0.030551), (0.04002977, -0.027, -0.03192268), (0.04026432, -0.01, -0.032109726), (0.04026432, 0.01, -0.032109726), (0.04002977, 0.027, -0.03192268), (0.03830974, 0.031, -0.030551), (0.034400586, 0.0322, -0.027433552), (0.028145934, 0.029, -0.022445632), (0.03048207, -0.029, -0.019153155), (0.037255865, -0.0322, -0.023409411), (0.041489486, -0.031, -0.026069572), (0.04335228, -0.027, -0.027240042), (0.043606296, -0.01, -0.027399652), (0.043606296, 0.01, -0.027399652), (0.04335228, 0.027, -0.027240042), (0.041489486, 0.031, -0.026069572), (0.037255865, 0.0322, -0.023409411), (0.03048207, 0.029, -0.019153155), (0.03243488, -0.029, -0.015619814), (0.039642632, -0.0322, -0.019090885), (0.044147473, -0.031, -0.021260303), (0.046129607, -0.027, -0.022214847), (0.046399895, -0.01, -0.022345012), (0.046399895, 0.01, -0.022345012), (0.046129607, 0.027, -0.022214847), (0.044147473, 0.031, -0.021260303), (0.039642632, 0.0322, -0.019090885), (0.03243488, 0.029, -0.015619814), (0.0339798, -0.029, -0.011890046), (0.041530866, -0.0322, -0.014532278), (0.046250284, -0.031, -0.016183674), (0.048326828, -0.027, -0.016910288), (0.04860999, -0.01, -0.017009372), (0.04860999, 0.01, -0.017009372), (0.048326828, 0.027, -0.016910288), (0.046250284, 0.031, -0.016183674), (0.041530866, 0.0322, -0.014532278), (0.0339798, 0.029, -0.011890046), (0.035097405, -0.029, -0.008010753), (0.04289683, -0.0322, -0.009790921), (0.04777147, -0.031, -0.010903526), (0.04991631, -0.027, -0.011393072), (0.05020879, -0.01, -0.011459828), (0.05020879, 0.01, -0.011459828), (0.04991631, 0.027, -0.011393072), (0.04777147, 0.031, -0.010903526), (0.04289683, 0.0322, -0.009790921), (0.035097405, 0.029, -0.008010753), (0.03577364, -0.029, -0.0040307213), (0.043723337, -0.0322, -0.004926437), (0.0486919, -0.031, -0.0054862592), (0.050878067, -0.027, -0.005732581), (0.05117618, -0.01, -0.0057661706), (0.05117618, 0.01, -0.0057661706), (0.050878067, 0.027, -0.005732581), (0.0486919, 0.031, -0.0054862592), (0.043723337, 0.0322, -0.004926437), (0.03577364, 0.029, -0.0040307213), (0.050913677, -0.03, -0.0055009373), (0.051144686, -0.03, 0.0025853647), (0.050913677, -0.0225, -0.0055009373), (0.051144686, -0.0225, 0.0025853647), (0.05541184, -0.03, -0.00562944), (0.05564285, -0.03, 0.0024568625), (0.05541184, -0.0225, -0.00562944), (0.05564285, -0.0225, 0.0024568625), (0.051176388, -0.0205, -0.0018547815), (0.050829936, -0.0205, 0.0062273974), (0.051176388, -0.013, -0.0018547815), (0.050829936, -0.013, 0.0062273974), (0.05567226, -0.0205, -0.0016620609), (0.055325806, -0.0205, 0.0064201183), (0.05567226, -0.013, -0.0016620609), (0.055325806, -0.013, 0.0064201183), (0.05040111, -0.03, 0.00906593), (0.048344586, -0.03, 0.016889762), (0.05040111, -0.0225, 0.00906593), (0.048344586, -0.0225, 0.016889762), (0.05475327, -0.03, 0.010209912), (0.052696746, -0.03, 0.018033745), (0.05475327, -0.0225, 0.010209912), (0.052696746, -0.0225, 0.018033745), (0.049625937, -0.0205, 0.012638405), (0.047016505, -0.0205, 0.020295592), (0.049625937, -0.013, 0.012638405), (0.047016505, -0.013, 0.020295592), (0.053885397, -0.0205, 0.014089952), (0.05127597, -0.0205, 0.02174714), (0.053885397, -0.013, 0.014089952), (0.05127597, -0.013, 0.02174714), (0.045805342, -0.03, 0.02289833), (0.041627895, -0.03, 0.029825851), (0.045805342, -0.0225, 0.02289833), (0.041627895, -0.0225, 0.029825851), (0.049658913, -0.03, 0.025222117), (0.045481466, -0.03, 0.03214964), (0.049658913, -0.0225, 0.025222117), (0.045481466, -0.0225, 0.03214964), (0.04405509, -0.0205, 0.026107702), (0.039394077, -0.0205, 0.03271956), (0.04405509, -0.013, 0.026107702), (0.039394077, -0.013, 0.03271956), (0.04773306, -0.0205, 0.028700482), (0.043072052, -0.0205, 0.035312336), (0.04773306, -0.013, 0.028700482), (0.043072052, -0.013, 0.035312336), (0.0374987, -0.03, 0.034875643), (0.03153876, -0.03, 0.040345628), (0.0374987, -0.0225, 0.034875643), (0.03153876, -0.0225, 0.040345628), (0.040541485, -0.03, 0.038190976), (0.034581546, -0.03, 0.04366096), (0.040541485, -0.0225, 0.038190976), (0.034581546, -0.0225, 0.04366096), (0.034915157, -0.0205, 0.03746191), (0.028580176, -0.0205, 0.04249278), (0.034915157, -0.013, 0.03746191), (0.028580176, -0.013, 0.04249278), (0.037713677, -0.0205, 0.040985867), (0.031378698, -0.0205, 0.046016738), (0.037713677, -0.013, 0.040985867), (0.031378698, -0.013, 0.046016738), (0.026154134, -0.03, 0.044027537), (0.01889454, -0.03, 0.047596842), (0.026154134, -0.0225, 0.044027537), (0.01889454, -0.0225, 0.047596842), (0.02813963, -0.03, 0.04806583), (0.020880034, -0.03, 0.051635135), (0.02813963, -0.0225, 0.04806583), (0.020880034, -0.0225, 0.051635135), (0.02294661, -0.0205, 0.045781177), (0.015450879, -0.0205, 0.04882349), (0.02294661, -0.013, 0.045781177), (0.015450879, -0.013, 0.04882349), (0.024638956, -0.0205, 0.049950823), (0.017143227, -0.0205, 0.052993137), (0.024638956, -0.013, 0.049950823), (0.017143227, -0.013, 0.052993137), (0.012690717, -0.03, 0.049612585), (0.004719598, -0.03, 0.05099204), (0.012690717, -0.0225, 0.049612585), (0.004719598, -0.0225, 0.05099204), (0.013458068, -0.03, 0.054046676), (0.005486948, -0.03, 0.055426136), (0.013458068, -0.0225, 0.054046676), (0.005486948, -0.0225, 0.055426136), (0.009119062, -0.0205, 0.050391525), (0.0010698426, -0.0205, 0.05119881), (0.009119062, -0.013, 0.050391525), (0.0010698426, -0.013, 0.05119881), (0.009568132, -0.0205, 0.05486906), (0.0015189128, -0.0205, 0.05567635), (0.009568132, -0.013, 0.05486906), (0.0015189128, -0.013, 0.05567635), (-0.001800826, -0.03, 0.051178314), (-0.009837697, -0.03, 0.05025617), (-0.001800826, -0.0225, 0.051178314), (-0.009837697, -0.0225, 0.05025617), (-0.0023137874, -0.03, 0.055648983), (-0.010350659, -0.03, 0.05472684), (-0.0023137874, -0.0225, 0.055648983), (-0.010350659, -0.0225, 0.05472684), (-0.005447257, -0.0205, 0.05091945), (-0.013397866, -0.0205, 0.04942631), (-0.005447257, -0.013, 0.05091945), (-0.013397866, -0.013, 0.04942631), (-0.0062778452, -0.0205, 0.05534213), (-0.014228454, -0.0205, 0.053848993), (-0.0062778452, -0.013, 0.05534213), (-0.014228454, -0.013, 0.053848993), (-0.016146477, -0.03, 0.048597883), (-0.023598, -0.03, 0.045448843), (-0.016146477, -0.0225, 0.048597883), (-0.023598, -0.0225, 0.045448843), (-0.017898193, -0.03, 0.05274294), (-0.025349716, -0.03, 0.0495939), (-0.017898193, -0.0225, 0.05274294), (-0.025349716, -0.0225, 0.0495939), (-0.019572271, -0.0205, 0.047322184), (-0.026780158, -0.0205, 0.04364958), (-0.019572271, -0.013, 0.047322184), (-0.026780158, -0.013, 0.04364958), (-0.021615228, -0.0205, 0.051331714), (-0.028823117, -0.0205, 0.04765911), (-0.021615228, -0.013, 0.051331714), (-0.028823117, -0.013, 0.04765911), (-0.029184038, -0.03, 0.04208034), (-0.035446536, -0.03, 0.03695952), (-0.029184038, -0.0225, 0.04208034), (-0.035446536, -0.0225, 0.03695952), (-0.032032594, -0.03, 0.045563977), (-0.03829509, -0.03, 0.040443156), (-0.032032594, -0.0225, 0.045563977), (-0.03829509, -0.0225, 0.040443156), (-0.032111656, -0.0205, 0.039891157), (-0.037992883, -0.0205, 0.034336627), (-0.032111656, -0.013, 0.039891157), (-0.037992883, -0.013, 0.034336627), (-0.035201475, -0.0205, 0.043162704), (-0.0410827, -0.0205, 0.037608173), (-0.035201475, -0.013, 0.043162704), (-0.0410827, -0.013, 0.037608173), (-0.03985728, -0.03, 0.032153696), (-0.0444234, -0.03, 0.025475956), (-0.03985728, -0.0225, 0.032153696), (-0.0444234, -0.0225, 0.025475956), (-0.043571904, -0.03, 0.03469369), (-0.048138022, -0.03, 0.028015953), (-0.043571904, -0.0225, 0.03469369), (-0.048138022, -0.0225, 0.028015953), (-0.042049546, -0.0205, 0.029228386), (-0.046127647, -0.0205, 0.022241918), (-0.042049546, -0.013, 0.029228386), (-0.046127647, -0.013, 0.022241918), (-0.045935906, -0.0205, 0.031496912), (-0.050014008, -0.0205, 0.024510443), (-0.045935906, -0.013, 0.031496912), (-0.050014008, -0.013, 0.024510443), (-0.047301523, -0.03, 0.01962215), (-0.049801346, -0.03, 0.011928484), (-0.047301523, -0.0225, 0.01962215), (-0.049801346, -0.0225, 0.011928484), (-0.05158128, -0.03, 0.021012727), (-0.0540811, -0.03, 0.01331906), (-0.05158128, -0.0225, 0.021012727), (-0.0540811, -0.0225, 0.01331906), (-0.048580833, -0.0205, 0.016197704), (-0.050525427, -0.0205, 0.008345304), (-0.048580833, -0.013, 0.016197704), (-0.050525427, -0.013, 0.008345304), (-0.052948885, -0.0205, 0.017279424), (-0.05489348, -0.0205, 0.009427023), (-0.052948885, -0.013, 0.017279424), (-0.05489348, -0.013, 0.009427023), (-0.050913677, -0.03, 0.0055009373), (-0.051144686, -0.03, -0.0025853647), (-0.050913677, -0.0225, 0.0055009373), (-0.051144686, -0.0225, -0.0025853647), (-0.05541184, -0.03, 0.00562944), (-0.05564285, -0.03, -0.0024568625), (-0.05541184, -0.0225, 0.00562944), (-0.05564285, -0.0225, -0.0024568625), (-0.051176388, -0.0205, 0.0018547815), (-0.050829936, -0.0205, -0.0062273974), (-0.051176388, -0.013, 0.0018547815), (-0.050829936, -0.013, -0.0062273974), (-0.05567226, -0.0205, 0.0016620609), (-0.055325806, -0.0205, -0.0064201183), (-0.05567226, -0.013, 0.0016620609), (-0.055325806, -0.013, -0.0064201183), (-0.05040111, -0.03, -0.00906593), (-0.048344586, -0.03, -0.016889762), (-0.05040111, -0.0225, -0.00906593), (-0.048344586, -0.0225, -0.016889762), (-0.05475327, -0.03, -0.010209912), (-0.052696746, -0.03, -0.018033745), (-0.05475327, -0.0225, -0.010209912), (-0.052696746, -0.0225, -0.018033745), (-0.049625937, -0.0205, -0.012638405), (-0.047016505, -0.0205, -0.020295592), (-0.049625937, -0.013, -0.012638405), (-0.047016505, -0.013, -0.020295592), (-0.053885397, -0.0205, -0.014089952), (-0.05127597, -0.0205, -0.02174714), (-0.053885397, -0.013, -0.014089952), (-0.05127597, -0.013, -0.02174714), (-0.045805342, -0.03, -0.02289833), (-0.041627895, -0.03, -0.029825851), (-0.045805342, -0.0225, -0.02289833), (-0.041627895, -0.0225, -0.029825851), (-0.049658913, -0.03, -0.025222117), (-0.045481466, -0.03, -0.03214964), (-0.049658913, -0.0225, -0.025222117), (-0.045481466, -0.0225, -0.03214964), (-0.04405509, -0.0205, -0.026107702), (-0.039394077, -0.0205, -0.03271956), (-0.04405509, -0.013, -0.026107702), (-0.039394077, -0.013, -0.03271956), (-0.04773306, -0.0205, -0.028700482), (-0.043072052, -0.0205, -0.035312336), (-0.04773306, -0.013, -0.028700482), (-0.043072052, -0.013, -0.035312336), (-0.0374987, -0.03, -0.034875643), (-0.03153876, -0.03, -0.040345628), (-0.0374987, -0.0225, -0.034875643), (-0.03153876, -0.0225, -0.040345628), (-0.040541485, -0.03, -0.038190976), (-0.034581546, -0.03, -0.04366096), (-0.040541485, -0.0225, -0.038190976), (-0.034581546, -0.0225, -0.04366096), (-0.034915157, -0.0205, -0.03746191), (-0.028580176, -0.0205, -0.04249278), (-0.034915157, -0.013, -0.03746191), (-0.028580176, -0.013, -0.04249278), (-0.037713677, -0.0205, -0.040985867), (-0.031378698, -0.0205, -0.046016738), (-0.037713677, -0.013, -0.040985867), (-0.031378698, -0.013, -0.046016738), (-0.026154134, -0.03, -0.044027537), (-0.01889454, -0.03, -0.047596842), (-0.026154134, -0.0225, -0.044027537), (-0.01889454, -0.0225, -0.047596842), (-0.02813963, -0.03, -0.04806583), (-0.020880034, -0.03, -0.051635135), (-0.02813963, -0.0225, -0.04806583), (-0.020880034, -0.0225, -0.051635135), (-0.02294661, -0.0205, -0.045781177), (-0.015450879, -0.0205, -0.04882349), (-0.02294661, -0.013, -0.045781177), (-0.015450879, -0.013, -0.04882349), (-0.024638956, -0.0205, -0.049950823), (-0.017143227, -0.0205, -0.052993137), (-0.024638956, -0.013, -0.049950823), (-0.017143227, -0.013, -0.052993137), (-0.012690717, -0.03, -0.049612585), (-0.004719598, -0.03, -0.05099204), (-0.012690717, -0.0225, -0.049612585), (-0.004719598, -0.0225, -0.05099204), (-0.013458068, -0.03, -0.054046676), (-0.005486948, -0.03, -0.055426136), (-0.013458068, -0.0225, -0.054046676), (-0.005486948, -0.0225, -0.055426136), (-0.009119062, -0.0205, -0.050391525), (-0.0010698426, -0.0205, -0.05119881), (-0.009119062, -0.013, -0.050391525), (-0.0010698426, -0.013, -0.05119881), (-0.009568132, -0.0205, -0.05486906), (-0.0015189128, -0.0205, -0.05567635), (-0.009568132, -0.013, -0.05486906), (-0.0015189128, -0.013, -0.05567635), (0.001800826, -0.03, -0.051178314), (0.009837697, -0.03, -0.05025617), (0.001800826, -0.0225, -0.051178314), (0.009837697, -0.0225, -0.05025617), (0.0023137874, -0.03, -0.055648983), (0.010350659, -0.03, -0.05472684), (0.0023137874, -0.0225, -0.055648983), (0.010350659, -0.0225, -0.05472684), (0.005447257, -0.0205, -0.05091945), (0.013397866, -0.0205, -0.04942631), (0.005447257, -0.013, -0.05091945), (0.013397866, -0.013, -0.04942631), (0.0062778452, -0.0205, -0.05534213), (0.014228454, -0.0205, -0.053848993), (0.0062778452, -0.013, -0.05534213), (0.014228454, -0.013, -0.053848993), (0.016146477, -0.03, -0.048597883), (0.023598, -0.03, -0.045448843), (0.016146477, -0.0225, -0.048597883), (0.023598, -0.0225, -0.045448843), (0.017898193, -0.03, -0.05274294), (0.025349716, -0.03, -0.0495939), (0.017898193, -0.0225, -0.05274294), (0.025349716, -0.0225, -0.0495939), (0.019572271, -0.0205, -0.047322184), (0.026780158, -0.0205, -0.04364958), (0.019572271, -0.013, -0.047322184), (0.026780158, -0.013, -0.04364958), (0.021615228, -0.0205, -0.051331714), (0.028823117, -0.0205, -0.04765911), (0.021615228, -0.013, -0.051331714), (0.028823117, -0.013, -0.04765911), (0.029184038, -0.03, -0.04208034), (0.035446536, -0.03, -0.03695952), (0.029184038, -0.0225, -0.04208034), (0.035446536, -0.0225, -0.03695952), (0.032032594, -0.03, -0.045563977), (0.03829509, -0.03, -0.040443156), (0.032032594, -0.0225, -0.045563977), (0.03829509, -0.0225, -0.040443156), (0.032111656, -0.0205, -0.039891157), (0.037992883, -0.0205, -0.034336627), (0.032111656, -0.013, -0.039891157), (0.037992883, -0.013, -0.034336627), (0.035201475, -0.0205, -0.043162704), (0.0410827, -0.0205, -0.037608173), (0.035201475, -0.013, -0.043162704), (0.0410827, -0.013, -0.037608173), (0.03985728, -0.03, -0.032153696), (0.0444234, -0.03, -0.025475956), (0.03985728, -0.0225, -0.032153696), (0.0444234, -0.0225, -0.025475956), (0.043571904, -0.03, -0.03469369), (0.048138022, -0.03, -0.028015953), (0.043571904, -0.0225, -0.03469369), (0.048138022, -0.0225, -0.028015953), (0.042049546, -0.0205, -0.029228386), (0.046127647, -0.0205, -0.022241918), (0.042049546, -0.013, -0.029228386), (0.046127647, -0.013, -0.022241918), (0.045935906, -0.0205, -0.031496912), (0.050014008, -0.0205, -0.024510443), (0.045935906, -0.013, -0.031496912), (0.050014008, -0.013, -0.024510443), (0.047301523, -0.03, -0.01962215), (0.049801346, -0.03, -0.011928484), (0.047301523, -0.0225, -0.01962215), (0.049801346, -0.0225, -0.011928484), (0.05158128, -0.03, -0.021012727), (0.0540811, -0.03, -0.01331906), (0.05158128, -0.0225, -0.021012727), (0.0540811, -0.0225, -0.01331906), (0.048580833, -0.0205, -0.016197704), (0.050525427, -0.0205, -0.008345304), (0.048580833, -0.013, -0.016197704), (0.050525427, -0.013, -0.008345304), (0.052948885, -0.0205, -0.017279424), (0.05489348, -0.0205, -0.009427023), (0.052948885, -0.013, -0.017279424), (0.05489348, -0.013, -0.009427023), (0.05113221, -0.011, 0.0022026696), (0.05030228, -0.011, 0.009435853), (0.05113221, 0.011, 0.0022026696), (0.05030228, 0.011, 0.009435853), (0.055602875, -0.011, 0.002715631), (0.054772947, -0.011, 0.009948814), (0.055602875, 0.011, 0.002715631), (0.054772947, 0.011, 0.009948814), (0.04844043, -0.011, 0.016519053), (0.045606293, -0.011, 0.023225425), (0.04844043, 0.011, 0.016519053), (0.045606293, 0.011, 0.023225425), (0.052585486, -0.011, 0.018270768), (0.049751353, -0.011, 0.02497714), (0.052585486, 0.011, 0.018270768), (0.049751353, 0.011, 0.02497714), (0.041824296, -0.011, 0.029497162), (0.03721556, -0.011, 0.03513341), (0.041824296, 0.011, 0.029497162), (0.03721556, 0.011, 0.03513341), (0.045307934, -0.011, 0.03234572), (0.0406992, -0.011, 0.037981965), (0.045307934, 0.011, 0.03234572), (0.0406992, 0.011, 0.037981965), (0.03181981, -0.011, 0.040085588), (0.025809845, -0.011, 0.044195093), (0.03181981, 0.011, 0.040085588), (0.025809845, 0.011, 0.044195093), (0.0343598, -0.011, 0.04380021), (0.02834984, -0.011, 0.047909718), (0.0343598, 0.011, 0.04380021), (0.02834984, 0.011, 0.047909718), (0.019237468, -0.011, 0.047426514), (0.012313167, -0.011, 0.049676355), (0.019237468, 0.011, 0.047426514), (0.012313167, 0.011, 0.049676355), (0.020628044, -0.011, 0.05170627), (0.013703744, -0.011, 0.05395611), (0.020628044, 0.011, 0.05170627), (0.013703744, 0.011, 0.05395611), (0.0050966223, -0.011, 0.05092523), (-0.0021810494, -0.011, 0.051133133), (0.0050966223, 0.011, 0.05092523), (-0.0021810494, 0.011, 0.051133133), (0.005225125, -0.011, 0.055423394), (-0.0020525474, -0.011, 0.0556313), (0.005225125, 0.011, 0.055423394), (-0.0020525474, 0.011, 0.0556313), (-0.009457122, -0.011, 0.050298285), (-0.016498571, -0.011, 0.04844741), (-0.009457122, 0.011, 0.050298285), (-0.016498571, 0.011, 0.04844741), (-0.010601104, -0.011, 0.054650445), (-0.017642554, -0.011, 0.05279957), (-0.010601104, 0.011, 0.054650445), (-0.017642554, 0.011, 0.05279957), (-0.023244705, -0.011, 0.04559647), (-0.029479476, -0.011, 0.041836765), (-0.023244705, 0.011, 0.04559647), (-0.029479476, 0.011, 0.041836765), (-0.025568495, -0.011, 0.04945004), (-0.031803265, -0.011, 0.045690335), (-0.025568495, 0.011, 0.04945004), (-0.031803265, 0.011, 0.045690335), (-0.035149142, -0.011, 0.037200704), (-0.04007213, -0.011, 0.031836756), (-0.035149142, 0.011, 0.037200704), (-0.04007213, 0.011, 0.031836756), (-0.038464475, -0.011, 0.040243488), (-0.043387465, -0.011, 0.034879543), (-0.038464475, 0.011, 0.040243488), (-0.043387465, 0.011, 0.034879543), (-0.044206005, -0.011, 0.025791155), (-0.047418375, -0.011, 0.01925752), (-0.044206005, 0.011, 0.025791155), (-0.047418375, 0.011, 0.01925752), (-0.048244298, -0.011, 0.02777665), (-0.051456667, -0.011, 0.021243013), (-0.048244298, 0.011, 0.02777665), (-0.051456667, 0.011, 0.021243013), (-0.04968156, -0.011, 0.012292162), (-0.050923068, -0.011, 0.005118154), (-0.04968156, 0.011, 0.012292162), (-0.050923068, 0.011, 0.005118154), (-0.05411565, -0.011, 0.013059512), (-0.055357162, -0.011, 0.005885504), (-0.05411565, 0.011, 0.013059512), (-0.055357162, 0.011, 0.005885504), (-0.05113221, -0.011, -0.0022026696), (-0.05030228, -0.011, -0.009435853), (-0.05113221, 0.011, -0.0022026696), (-0.05030228, 0.011, -0.009435853), (-0.055602875, -0.011, -0.002715631), (-0.054772947, -0.011, -0.009948814), (-0.055602875, 0.011, -0.002715631), (-0.054772947, 0.011, -0.009948814), (-0.04844043, -0.011, -0.016519053), (-0.045606293, -0.011, -0.023225425), (-0.04844043, 0.011, -0.016519053), (-0.045606293, 0.011, -0.023225425), (-0.052585486, -0.011, -0.018270768), (-0.049751353, -0.011, -0.02497714), (-0.052585486, 0.011, -0.018270768), (-0.049751353, 0.011, -0.02497714), (-0.041824296, -0.011, -0.029497162), (-0.03721556, -0.011, -0.03513341), (-0.041824296, 0.011, -0.029497162), (-0.03721556, 0.011, -0.03513341), (-0.045307934, -0.011, -0.03234572), (-0.0406992, -0.011, -0.037981965), (-0.045307934, 0.011, -0.03234572), (-0.0406992, 0.011, -0.037981965), (-0.03181981, -0.011, -0.040085588), (-0.025809845, -0.011, -0.044195093), (-0.03181981, 0.011, -0.040085588), (-0.025809845, 0.011, -0.044195093), (-0.0343598, -0.011, -0.04380021), (-0.02834984, -0.011, -0.047909718), (-0.0343598, 0.011, -0.04380021), (-0.02834984, 0.011, -0.047909718), (-0.019237468, -0.011, -0.047426514), (-0.012313167, -0.011, -0.049676355), (-0.019237468, 0.011, -0.047426514), (-0.012313167, 0.011, -0.049676355), (-0.020628044, -0.011, -0.05170627), (-0.013703744, -0.011, -0.05395611), (-0.020628044, 0.011, -0.05170627), (-0.013703744, 0.011, -0.05395611), (-0.0050966223, -0.011, -0.05092523), (0.0021810494, -0.011, -0.051133133), (-0.0050966223, 0.011, -0.05092523), (0.0021810494, 0.011, -0.051133133), (-0.005225125, -0.011, -0.055423394), (0.0020525474, -0.011, -0.0556313), (-0.005225125, 0.011, -0.055423394), (0.0020525474, 0.011, -0.0556313), (0.009457122, -0.011, -0.050298285), (0.016498571, -0.011, -0.04844741), (0.009457122, 0.011, -0.050298285), (0.016498571, 0.011, -0.04844741), (0.010601104, -0.011, -0.054650445), (0.017642554, -0.011, -0.05279957), (0.010601104, 0.011, -0.054650445), (0.017642554, 0.011, -0.05279957), (0.023244705, -0.011, -0.04559647), (0.029479476, -0.011, -0.041836765), (0.023244705, 0.011, -0.04559647), (0.029479476, 0.011, -0.041836765), (0.025568495, -0.011, -0.04945004), (0.031803265, -0.011, -0.045690335), (0.025568495, 0.011, -0.04945004), (0.031803265, 0.011, -0.045690335), (0.035149142, -0.011, -0.037200704), (0.04007213, -0.011, -0.031836756), (0.035149142, 0.011, -0.037200704), (0.04007213, 0.011, -0.031836756), (0.038464475, -0.011, -0.040243488), (0.043387465, -0.011, -0.034879543), (0.038464475, 0.011, -0.040243488), (0.043387465, 0.011, -0.034879543), (0.044206005, -0.011, -0.025791155), (0.047418375, -0.011, -0.01925752), (0.044206005, 0.011, -0.025791155), (0.047418375, 0.011, -0.01925752), (0.048244298, -0.011, -0.02777665), (0.051456667, -0.011, -0.021243013), (0.048244298, 0.011, -0.02777665), (0.051456667, 0.011, -0.021243013), (0.04968156, -0.011, -0.012292162), (0.050923068, -0.011, -0.005118154), (0.04968156, 0.011, -0.012292162), (0.050923068, 0.011, -0.005118154), (0.05411565, -0.011, -0.013059512), (0.055357162, -0.011, -0.005885504), (0.05411565, 0.011, -0.013059512), (0.055357162, 0.011, -0.005885504), (0.050913677, 0.013, -0.0055009373), (0.051144686, 0.013, 0.0025853647), (0.050913677, 0.0205, -0.0055009373), (0.051144686, 0.0205, 0.0025853647), (0.05541184, 0.013, -0.00562944), (0.05564285, 0.013, 0.0024568625), (0.05541184, 0.0205, -0.00562944), (0.05564285, 0.0205, 0.0024568625), (0.051176388, 0.0225, -0.0018547815), (0.050829936, 0.0225, 0.0062273974), (0.051176388, 0.03, -0.0018547815), (0.050829936, 0.03, 0.0062273974), (0.05567226, 0.0225, -0.0016620609), (0.055325806, 0.0225, 0.0064201183), (0.05567226, 0.03, -0.0016620609), (0.055325806, 0.03, 0.0064201183), (0.05040111, 0.013, 0.00906593), (0.048344586, 0.013, 0.016889762), (0.05040111, 0.0205, 0.00906593), (0.048344586, 0.0205, 0.016889762), (0.05475327, 0.013, 0.010209912), (0.052696746, 0.013, 0.018033745), (0.05475327, 0.0205, 0.010209912), (0.052696746, 0.0205, 0.018033745), (0.049625937, 0.0225, 0.012638405), (0.047016505, 0.0225, 0.020295592), (0.049625937, 0.03, 0.012638405), (0.047016505, 0.03, 0.020295592), (0.053885397, 0.0225, 0.014089952), (0.05127597, 0.0225, 0.02174714), (0.053885397, 0.03, 0.014089952), (0.05127597, 0.03, 0.02174714), (0.045805342, 0.013, 0.02289833), (0.041627895, 0.013, 0.029825851), (0.045805342, 0.0205, 0.02289833), (0.041627895, 0.0205, 0.029825851), (0.049658913, 0.013, 0.025222117), (0.045481466, 0.013, 0.03214964), (0.049658913, 0.0205, 0.025222117), (0.045481466, 0.0205, 0.03214964), (0.04405509, 0.0225, 0.026107702), (0.039394077, 0.0225, 0.03271956), (0.04405509, 0.03, 0.026107702), (0.039394077, 0.03, 0.03271956), (0.04773306, 0.0225, 0.028700482), (0.043072052, 0.0225, 0.035312336), (0.04773306, 0.03, 0.028700482), (0.043072052, 0.03, 0.035312336), (0.0374987, 0.013, 0.034875643), (0.03153876, 0.013, 0.040345628), (0.0374987, 0.0205, 0.034875643), (0.03153876, 0.0205, 0.040345628), (0.040541485, 0.013, 0.038190976), (0.034581546, 0.013, 0.04366096), (0.040541485, 0.0205, 0.038190976), (0.034581546, 0.0205, 0.04366096), (0.034915157, 0.0225, 0.03746191), (0.028580176, 0.0225, 0.04249278), (0.034915157, 0.03, 0.03746191), (0.028580176, 0.03, 0.04249278), (0.037713677, 0.0225, 0.040985867), (0.031378698, 0.0225, 0.046016738), (0.037713677, 0.03, 0.040985867), (0.031378698, 0.03, 0.046016738), (0.026154134, 0.013, 0.044027537), (0.01889454, 0.013, 0.047596842), (0.026154134, 0.0205, 0.044027537), (0.01889454, 0.0205, 0.047596842), (0.02813963, 0.013, 0.04806583), (0.020880034, 0.013, 0.051635135), (0.02813963, 0.0205, 0.04806583), (0.020880034, 0.0205, 0.051635135), (0.02294661, 0.0225, 0.045781177), (0.015450879, 0.0225, 0.04882349), (0.02294661, 0.03, 0.045781177), (0.015450879, 0.03, 0.04882349), (0.024638956, 0.0225, 0.049950823), (0.017143227, 0.0225, 0.052993137), (0.024638956, 0.03, 0.049950823), (0.017143227, 0.03, 0.052993137), (0.012690717, 0.013, 0.049612585), (0.004719598, 0.013, 0.05099204), (0.012690717, 0.0205, 0.049612585), (0.004719598, 0.0205, 0.05099204), (0.013458068, 0.013, 0.054046676), (0.005486948, 0.013, 0.055426136), (0.013458068, 0.0205, 0.054046676), (0.005486948, 0.0205, 0.055426136), (0.009119062, 0.0225, 0.050391525), (0.0010698426, 0.0225, 0.05119881), (0.009119062, 0.03, 0.050391525), (0.0010698426, 0.03, 0.05119881), (0.009568132, 0.0225, 0.05486906), (0.0015189128, 0.0225, 0.05567635), (0.009568132, 0.03, 0.05486906), (0.0015189128, 0.03, 0.05567635), (-0.001800826, 0.013, 0.051178314), (-0.009837697, 0.013, 0.05025617), (-0.001800826, 0.0205, 0.051178314), (-0.009837697, 0.0205, 0.05025617), (-0.0023137874, 0.013, 0.055648983), (-0.010350659, 0.013, 0.05472684), (-0.0023137874, 0.0205, 0.055648983), (-0.010350659, 0.0205, 0.05472684), (-0.005447257, 0.0225, 0.05091945), (-0.013397866, 0.0225, 0.04942631), (-0.005447257, 0.03, 0.05091945), (-0.013397866, 0.03, 0.04942631), (-0.0062778452, 0.0225, 0.05534213), (-0.014228454, 0.0225, 0.053848993), (-0.0062778452, 0.03, 0.05534213), (-0.014228454, 0.03, 0.053848993), (-0.016146477, 0.013, 0.048597883), (-0.023598, 0.013, 0.045448843), (-0.016146477, 0.0205, 0.048597883), (-0.023598, 0.0205, 0.045448843), (-0.017898193, 0.013, 0.05274294), (-0.025349716, 0.013, 0.0495939), (-0.017898193, 0.0205, 0.05274294), (-0.025349716, 0.0205, 0.0495939), (-0.019572271, 0.0225, 0.047322184), (-0.026780158, 0.0225, 0.04364958), (-0.019572271, 0.03, 0.047322184), (-0.026780158, 0.03, 0.04364958), (-0.021615228, 0.0225, 0.051331714), (-0.028823117, 0.0225, 0.04765911), (-0.021615228, 0.03, 0.051331714), (-0.028823117, 0.03, 0.04765911), (-0.029184038, 0.013, 0.04208034), (-0.035446536, 0.013, 0.03695952), (-0.029184038, 0.0205, 0.04208034), (-0.035446536, 0.0205, 0.03695952), (-0.032032594, 0.013, 0.045563977), (-0.03829509, 0.013, 0.040443156), (-0.032032594, 0.0205, 0.045563977), (-0.03829509, 0.0205, 0.040443156), (-0.032111656, 0.0225, 0.039891157), (-0.037992883, 0.0225, 0.034336627), (-0.032111656, 0.03, 0.039891157), (-0.037992883, 0.03, 0.034336627), (-0.035201475, 0.0225, 0.043162704), (-0.0410827, 0.0225, 0.037608173), (-0.035201475, 0.03, 0.043162704), (-0.0410827, 0.03, 0.037608173), (-0.03985728, 0.013, 0.032153696), (-0.0444234, 0.013, 0.025475956), (-0.03985728, 0.0205, 0.032153696), (-0.0444234, 0.0205, 0.025475956), (-0.043571904, 0.013, 0.03469369), (-0.048138022, 0.013, 0.028015953), (-0.043571904, 0.0205, 0.03469369), (-0.048138022, 0.0205, 0.028015953), (-0.042049546, 0.0225, 0.029228386), (-0.046127647, 0.0225, 0.022241918), (-0.042049546, 0.03, 0.029228386), (-0.046127647, 0.03, 0.022241918), (-0.045935906, 0.0225, 0.031496912), (-0.050014008, 0.0225, 0.024510443), (-0.045935906, 0.03, 0.031496912), (-0.050014008, 0.03, 0.024510443), (-0.047301523, 0.013, 0.01962215), (-0.049801346, 0.013, 0.011928484), (-0.047301523, 0.0205, 0.01962215), (-0.049801346, 0.0205, 0.011928484), (-0.05158128, 0.013, 0.021012727), (-0.0540811, 0.013, 0.01331906), (-0.05158128, 0.0205, 0.021012727), (-0.0540811, 0.0205, 0.01331906), (-0.048580833, 0.0225, 0.016197704), (-0.050525427, 0.0225, 0.008345304), (-0.048580833, 0.03, 0.016197704), (-0.050525427, 0.03, 0.008345304), (-0.052948885, 0.0225, 0.017279424), (-0.05489348, 0.0225, 0.009427023), (-0.052948885, 0.03, 0.017279424), (-0.05489348, 0.03, 0.009427023), (-0.050913677, 0.013, 0.0055009373), (-0.051144686, 0.013, -0.0025853647), (-0.050913677, 0.0205, 0.0055009373), (-0.051144686, 0.0205, -0.0025853647), (-0.05541184, 0.013, 0.00562944), (-0.05564285, 0.013, -0.0024568625), (-0.05541184, 0.0205, 0.00562944), (-0.05564285, 0.0205, -0.0024568625), (-0.051176388, 0.0225, 0.0018547815), (-0.050829936, 0.0225, -0.0062273974), (-0.051176388, 0.03, 0.0018547815), (-0.050829936, 0.03, -0.0062273974), (-0.05567226, 0.0225, 0.0016620609), (-0.055325806, 0.0225, -0.0064201183), (-0.05567226, 0.03, 0.0016620609), (-0.055325806, 0.03, -0.0064201183), (-0.05040111, 0.013, -0.00906593), (-0.048344586, 0.013, -0.016889762), (-0.05040111, 0.0205, -0.00906593), (-0.048344586, 0.0205, -0.016889762), (-0.05475327, 0.013, -0.010209912), (-0.052696746, 0.013, -0.018033745), (-0.05475327, 0.0205, -0.010209912), (-0.052696746, 0.0205, -0.018033745), (-0.049625937, 0.0225, -0.012638405), (-0.047016505, 0.0225, -0.020295592), (-0.049625937, 0.03, -0.012638405), (-0.047016505, 0.03, -0.020295592), (-0.053885397, 0.0225, -0.014089952), (-0.05127597, 0.0225, -0.02174714), (-0.053885397, 0.03, -0.014089952), (-0.05127597, 0.03, -0.02174714), (-0.045805342, 0.013, -0.02289833), (-0.041627895, 0.013, -0.029825851), (-0.045805342, 0.0205, -0.02289833), (-0.041627895, 0.0205, -0.029825851), (-0.049658913, 0.013, -0.025222117), (-0.045481466, 0.013, -0.03214964), (-0.049658913, 0.0205, -0.025222117), (-0.045481466, 0.0205, -0.03214964), (-0.04405509, 0.0225, -0.026107702), (-0.039394077, 0.0225, -0.03271956), (-0.04405509, 0.03, -0.026107702), (-0.039394077, 0.03, -0.03271956), (-0.04773306, 0.0225, -0.028700482), (-0.043072052, 0.0225, -0.035312336), (-0.04773306, 0.03, -0.028700482), (-0.043072052, 0.03, -0.035312336), (-0.0374987, 0.013, -0.034875643), (-0.03153876, 0.013, -0.040345628), (-0.0374987, 0.0205, -0.034875643), (-0.03153876, 0.0205, -0.040345628), (-0.040541485, 0.013, -0.038190976), (-0.034581546, 0.013, -0.04366096), (-0.040541485, 0.0205, -0.038190976), (-0.034581546, 0.0205, -0.04366096), (-0.034915157, 0.0225, -0.03746191), (-0.028580176, 0.0225, -0.04249278), (-0.034915157, 0.03, -0.03746191), (-0.028580176, 0.03, -0.04249278), (-0.037713677, 0.0225, -0.040985867), (-0.031378698, 0.0225, -0.046016738), (-0.037713677, 0.03, -0.040985867), (-0.031378698, 0.03, -0.046016738), (-0.026154134, 0.013, -0.044027537), (-0.01889454, 0.013, -0.047596842), (-0.026154134, 0.0205, -0.044027537), (-0.01889454, 0.0205, -0.047596842), (-0.02813963, 0.013, -0.04806583), (-0.020880034, 0.013, -0.051635135), (-0.02813963, 0.0205, -0.04806583), (-0.020880034, 0.0205, -0.051635135), (-0.02294661, 0.0225, -0.045781177), (-0.015450879, 0.0225, -0.04882349), (-0.02294661, 0.03, -0.045781177), (-0.015450879, 0.03, -0.04882349), (-0.024638956, 0.0225, -0.049950823), (-0.017143227, 0.0225, -0.052993137), (-0.024638956, 0.03, -0.049950823), (-0.017143227, 0.03, -0.052993137), (-0.012690717, 0.013, -0.049612585), (-0.004719598, 0.013, -0.05099204), (-0.012690717, 0.0205, -0.049612585), (-0.004719598, 0.0205, -0.05099204), (-0.013458068, 0.013, -0.054046676), (-0.005486948, 0.013, -0.055426136), (-0.013458068, 0.0205, -0.054046676), (-0.005486948, 0.0205, -0.055426136), (-0.009119062, 0.0225, -0.050391525), (-0.0010698426, 0.0225, -0.05119881), (-0.009119062, 0.03, -0.050391525), (-0.0010698426, 0.03, -0.05119881), (-0.009568132, 0.0225, -0.05486906), (-0.0015189128, 0.0225, -0.05567635), (-0.009568132, 0.03, -0.05486906), (-0.0015189128, 0.03, -0.05567635), (0.001800826, 0.013, -0.051178314), (0.009837697, 0.013, -0.05025617), (0.001800826, 0.0205, -0.051178314), (0.009837697, 0.0205, -0.05025617), (0.0023137874, 0.013, -0.055648983), (0.010350659, 0.013, -0.05472684), (0.0023137874, 0.0205, -0.055648983), (0.010350659, 0.0205, -0.05472684), (0.005447257, 0.0225, -0.05091945), (0.013397866, 0.0225, -0.04942631), (0.005447257, 0.03, -0.05091945), (0.013397866, 0.03, -0.04942631), (0.0062778452, 0.0225, -0.05534213), (0.014228454, 0.0225, -0.053848993), (0.0062778452, 0.03, -0.05534213), (0.014228454, 0.03, -0.053848993), (0.016146477, 0.013, -0.048597883), (0.023598, 0.013, -0.045448843), (0.016146477, 0.0205, -0.048597883), (0.023598, 0.0205, -0.045448843), (0.017898193, 0.013, -0.05274294), (0.025349716, 0.013, -0.0495939), (0.017898193, 0.0205, -0.05274294), (0.025349716, 0.0205, -0.0495939), (0.019572271, 0.0225, -0.047322184), (0.026780158, 0.0225, -0.04364958), (0.019572271, 0.03, -0.047322184), (0.026780158, 0.03, -0.04364958), (0.021615228, 0.0225, -0.051331714), (0.028823117, 0.0225, -0.04765911), (0.021615228, 0.03, -0.051331714), (0.028823117, 0.03, -0.04765911), (0.029184038, 0.013, -0.04208034), (0.035446536, 0.013, -0.03695952), (0.029184038, 0.0205, -0.04208034), (0.035446536, 0.0205, -0.03695952), (0.032032594, 0.013, -0.045563977), (0.03829509, 0.013, -0.040443156), (0.032032594, 0.0205, -0.045563977), (0.03829509, 0.0205, -0.040443156), (0.032111656, 0.0225, -0.039891157), (0.037992883, 0.0225, -0.034336627), (0.032111656, 0.03, -0.039891157), (0.037992883, 0.03, -0.034336627), (0.035201475, 0.0225, -0.043162704), (0.0410827, 0.0225, -0.037608173), (0.035201475, 0.03, -0.043162704), (0.0410827, 0.03, -0.037608173), (0.03985728, 0.013, -0.032153696), (0.0444234, 0.013, -0.025475956), (0.03985728, 0.0205, -0.032153696), (0.0444234, 0.0205, -0.025475956), (0.043571904, 0.013, -0.03469369), (0.048138022, 0.013, -0.028015953), (0.043571904, 0.0205, -0.03469369), (0.048138022, 0.0205, -0.028015953), (0.042049546, 0.0225, -0.029228386), (0.046127647, 0.0225, -0.022241918), (0.042049546, 0.03, -0.029228386), (0.046127647, 0.03, -0.022241918), (0.045935906, 0.0225, -0.031496912), (0.050014008, 0.0225, -0.024510443), (0.045935906, 0.03, -0.031496912), (0.050014008, 0.03, -0.024510443), (0.047301523, 0.013, -0.01962215), (0.049801346, 0.013, -0.011928484), (0.047301523, 0.0205, -0.01962215), (0.049801346, 0.0205, -0.011928484), (0.05158128, 0.013, -0.021012727), (0.0540811, 0.013, -0.01331906), (0.05158128, 0.0205, -0.021012727), (0.0540811, 0.0205, -0.01331906), (0.048580833, 0.0225, -0.016197704), (0.050525427, 0.0225, -0.008345304), (0.048580833, 0.03, -0.016197704), (0.050525427, 0.03, -0.008345304), (0.052948885, 0.0225, -0.017279424), (0.05489348, 0.0225, -0.009427023), (0.052948885, 0.03, -0.017279424), (0.05489348, 0.03, -0.009427023)]
            uniform token subdivisionScheme = "none"
        }

        def Mesh "rim" (
            prepend apiSchemas = ["MaterialBindingAPI"]
        )
        {
            uniform bool doubleSided = 1
            float3[] extent = [(-0.036, -0.029, -0.036), (0.036, 0.028, 0.036)]
            int[] faceVertexCounts = [4, 4, 4, 4, 4, 4, 4, 4, 4, 4, 4, 4, 4, 4, 4, 4, 4, 4, 4, 4, 4, 4, 4, 4, 4, 4, 4, 4, 4, 4, 4, 4, 4, 4, 4, 4, 4, 4, 4, 4, 4, 4, 4, 4, 4, 4, 4, 4, 4, 4, 4, 4, 4, 4, 4, 4, 4, 4, 4, 4, 4, 4, 4, 4, 4, 4, 4, 4, 4, 4, 4, 4, 4, 4, 4, 4, 4, 4, 4, 4, 4, 4, 4, 4, 4, 4, 4, 4, 4, 4, 4, 4, 4, 4, 4, 4, 4, 4, 4, 4, 4, 4, 4, 4, 4, 4, 4, 4, 4, 4, 4, 4, 4, 4, 4, 4, 4, 4, 4, 4, 4, 4, 4, 4, 4, 4, 4, 4, 4, 4, 4, 4, 4, 4, 4, 4, 4, 4, 4, 4, 4, 4, 4, 4, 4, 4, 4, 4, 4, 4, 4, 4, 4, 4, 4, 4, 4, 4, 4, 4, 4, 4, 4, 4, 4, 4, 4, 4, 4, 4, 4, 4, 4, 4, 4, 4, 4, 4, 4, 4, 4, 4, 4, 4, 4, 4, 4, 4, 4, 4, 4, 4, 4, 4, 4, 4, 4, 4, 4, 4, 4, 4, 4, 4, 4, 4, 4, 4, 4, 4, 20, 20, 4, 4, 4, 4, 4, 4, 4, 4, 4, 4, 4, 4, 4, 4, 4, 4, 4, 4, 4, 4, 4, 4, 4, 4, 4, 4, 4, 4, 4, 4, 30, 30]
            int[] faceVertexIndices = [1, 3, 2, 0, 3, 5, 4, 2, 5, 7, 6, 4, 7, 9, 8, 6, 9, 11, 10, 8, 11, 13, 12, 10, 13, 15, 14, 12, 15, 17, 16, 14, 17, 19, 18, 16, 19, 21, 20, 18, 21, 23, 22, 20, 23, 25, 24, 22, 25, 27, 26, 24, 27, 29, 28, 26, 29, 31, 30, 28, 31, 33, 32, 30, 33, 35, 34, 32, 35, 37, 36, 34, 37, 39, 38, 36, 39, 41, 40, 38, 41, 43, 42, 40, 43, 45, 44, 42, 45, 47, 46, 44, 47, 49, 48, 46, 49, 51, 50, 48, 51, 53, 52, 50, 53, 55, 54, 52, 55, 57, 56, 54, 57, 59, 58, 56, 59, 61, 60, 58, 61, 63, 62, 60, 63, 65, 64, 62, 65, 67, 66, 64, 67, 69, 68, 66, 69, 71, 70, 68, 71, 73, 72, 70, 73, 75, 74, 72, 75, 77, 76, 74, 77, 79, 78, 76, 79, 1, 0, 78, 80, 84, 85, 81, 81, 85, 86, 82, 82, 86, 87, 83, 84, 88, 89, 85, 85, 89, 90, 86, 86, 90, 91, 87, 88, 92, 93, 89, 89, 93, 94, 90, 90, 94, 95, 91, 92, 96, 97, 93, 93, 97, 98, 94, 94, 98, 99, 95, 96, 100, 101, 97, 97, 101, 102, 98, 98, 102, 103, 99, 100, 104, 105, 101, 101, 105, 106, 102, 102, 106, 107, 103, 104, 108, 109, 105, 105, 109, 110, 106, 106, 110, 111, 107, 108, 112, 113, 109, 109, 113, 114, 110, 110, 114, 115, 111, 112, 116, 117, 113, 113, 117, 118, 114, 114, 118, 119, 115, 116, 120, 121, 117, 117, 121, 122, 118, 118, 122, 123, 119, 120, 124, 125, 121, 121, 125, 126, 122, 122, 126, 127, 123, 124, 128, 129, 125, 125, 129, 130, 126, 126, 130, 131, 127, 128, 132, 133, 129, 129, 133, 134, 130, 130, 134, 135, 131, 132, 136, 137, 133, 133, 137, 138, 134, 134, 138, 139, 135, 136, 140, 141, 137, 137, 141, 142, 138, 138, 142, 143, 139, 140, 144, 145, 141, 141, 145, 146, 142, 142, 146, 147, 143, 144, 148, 149, 145, 145, 149, 150, 146, 146, 150, 151, 147, 148, 152, 153, 149, 149, 153, 154, 150, 150, 154, 155, 151, 152, 156, 157, 153, 153, 157, 158, 154, 154, 158, 159, 155, 156, 160, 161, 157, 157, 161, 162, 158, 158, 162, 163, 159, 160, 164, 165, 161, 161, 165, 166, 162, 162, 166, 167, 163, 164, 168, 169, 165, 165, 169, 170, 166, 166, 170, 171, 167, 168, 172, 173, 169, 169, 173, 174, 170, 170, 174, 175, 171, 172, 176, 177, 173, 173, 177, 178, 174, 174, 178, 179, 175, 176, 180, 181, 177, 177, 181, 182, 178, 178, 182, 183, 179, 180, 184, 185, 181, 181, 185, 186, 182, 182, 186, 187, 183, 184, 188, 189, 185, 185, 189, 190, 186, 186, 190, 191, 187, 188, 192, 193, 189, 189, 193, 194, 190, 190, 194, 195, 191, 192, 196, 197, 193, 193, 197, 198, 194, 194, 198, 199, 195, 196, 200, 201, 197, 197, 201, 202, 198, 198, 202, 203, 199, 200, 204, 205, 201, 201, 205, 206, 202, 202, 206, 207, 203, 204, 208, 209, 205, 205, 209, 210, 206, 206, 210, 211, 207, 208, 212, 213, 209, 209, 213, 214, 210, 210, 214, 215, 211, 212, 216, 217, 213, 213, 217, 218, 214, 214, 218, 219, 215, 216, 220, 221, 217, 217, 221, 222, 218, 218, 222, 223, 219, 220, 224, 225, 221, 221, 225, 226, 222, 222, 226, 227, 223, 224, 228, 229, 225, 225, 229, 230, 226, 226, 230, 231, 227, 228, 232, 233, 229, 229, 233, 234, 230, 230, 234, 235, 231, 232, 236, 237, 233, 233, 237, 238, 234, 234, 238, 239, 235, 236, 80, 81, 237, 237, 81, 82, 238, 238, 82, 83, 239, 240, 241, 243, 242, 244, 246, 247, 245, 240, 244, 245, 241, 242, 243, 247, 246, 240, 242, 246, 244, 241, 245, 247, 243, 248, 249, 251, 250, 252, 254, 255, 253, 248, 252, 253, 249, 250, 251, 255, 254, 248, 250, 254, 252, 249, 253, 255, 251, 256, 257, 259, 258, 260, 262, 263, 261, 256, 260, 261, 257, 258, 259, 263, 262, 256, 258, 262, 260, 257, 261, 263, 259, 264, 265, 267, 266, 268, 270, 271, 269, 264, 268, 269, 265, 266, 267, 271, 270, 264, 266, 270, 268, 265, 269, 271, 267, 272, 273, 275, 274, 276, 278, 279, 277, 272, 276, 277, 273, 274, 275, 279, 278, 272, 274, 278, 276, 273, 277, 279, 275, 280, 282, 283, 281, 282, 284, 285, 283, 284, 286, 287, 285, 286, 288, 289, 287, 288, 290, 291, 289, 290, 292, 293, 291, 292, 294, 295, 293, 294, 296, 297, 295, 296, 298, 299, 297, 298, 300, 301, 299, 300, 302, 303, 301, 302, 304, 305, 303, 304, 306, 307, 305, 306, 308, 309, 307, 308, 310, 311, 309, 310, 312, 313, 311, 312, 314, 315, 313, 314, 316, 317, 315, 316, 318, 319, 317, 318, 280, 281, 319, 318, 316, 314, 312, 310, 308, 306, 304, 302, 300, 298, 296, 294, 292, 290, 288, 286, 284, 282, 280, 281, 283, 285, 287, 289, 291, 293, 295, 297, 299, 301, 303, 305, 307, 309, 311, 313, 315, 317, 319, 320, 322, 323, 321, 322, 324, 325, 323, 324, 326, 327, 325, 326, 328, 329, 327, 328, 330, 331, 329, 330, 332, 333, 331, 332, 334, 335, 333, 334, 336, 337, 335, 336, 338, 339, 337, 338, 340, 341, 339, 340, 342, 343, 341, 342, 344, 345, 343, 344, 346, 347, 345, 346, 348, 349, 347, 348, 350, 351, 349, 350, 352, 353, 351, 352, 354, 355, 353, 354, 356, 357, 355, 356, 358, 359, 357, 358, 360, 361, 359, 360, 362, 363, 361, 362, 364, 365, 363, 364, 366, 367, 365, 366, 368, 369, 367, 368, 370, 371, 369, 370, 372, 373, 371, 372, 374, 375, 373, 374, 376, 377, 375, 376, 378, 379, 377, 378, 320, 321, 379, 378, 376, 374, 372, 370, 368, 366, 364, 362, 360, 358, 356, 354, 352, 350, 348, 346, 344, 342, 340, 338, 336, 334, 332, 330, 328, 326, 324, 322, 320, 321, 323, 325, 327, 329, 331, 333, 335, 337, 339, 341, 343, 345, 347, 349, 351, 353, 355, 357, 359, 361, 363, 365, 367, 369, 371, 373, 375, 377, 379]
            rel material:binding = </rc_car/Looks/rim_blk>
            point3f[] points = [(0.036, -0.028, 0), (0.036, 0.028, 0), (0.035556782, -0.028, 0.0056316406), (0.035556782, 0.028, 0.0056316406), (0.034238033, -0.028, 0.011124612), (0.034238033, 0.028, 0.011124612), (0.032076236, -0.028, 0.016343659), (0.032076236, 0.028, 0.016343659), (0.029124612, -0.028, 0.02116027), (0.029124612, 0.028, 0.02116027), (0.025455844, -0.028, 0.025455844), (0.025455844, 0.028, 0.025455844), (0.02116027, -0.028, 0.029124612), (0.02116027, 0.028, 0.029124612), (0.016343659, -0.028, 0.032076236), (0.016343659, 0.028, 0.032076236), (0.011124612, -0.028, 0.034238033), (0.011124612, 0.028, 0.034238033), (0.0056316406, -0.028, 0.035556782), (0.0056316406, 0.028, 0.035556782), (2.2043642e-18, -0.028, 0.036), (2.2043642e-18, 0.028, 0.036), (-0.0056316406, -0.028, 0.035556782), (-0.0056316406, 0.028, 0.035556782), (-0.011124612, -0.028, 0.034238033), (-0.011124612, 0.028, 0.034238033), (-0.016343659, -0.028, 0.032076236), (-0.016343659, 0.028, 0.032076236), (-0.02116027, -0.028, 0.029124612), (-0.02116027, 0.028, 0.029124612), (-0.025455844, -0.028, 0.025455844), (-0.025455844, 0.028, 0.025455844), (-0.029124612, -0.028, 0.02116027), (-0.029124612, 0.028, 0.02116027), (-0.032076236, -0.028, 0.016343659), (-0.032076236, 0.028, 0.016343659), (-0.034238033, -0.028, 0.011124612), (-0.034238033, 0.028, 0.011124612), (-0.035556782, -0.028, 0.0056316406), (-0.035556782, 0.028, 0.0056316406), (-0.036, -0.028, 4.4087283e-18), (-0.036, 0.028, 4.4087283e-18), (-0.035556782, -0.028, -0.0056316406), (-0.035556782, 0.028, -0.0056316406), (-0.034238033, -0.028, -0.011124612), (-0.034238033, 0.028, -0.011124612), (-0.032076236, -0.028, -0.016343659), (-0.032076236, 0.028, -0.016343659), (-0.029124612, -0.028, -0.02116027), (-0.029124612, 0.028, -0.02116027), (-0.025455844, -0.028, -0.025455844), (-0.025455844, 0.028, -0.025455844), (-0.02116027, -0.028, -0.029124612), (-0.02116027, 0.028, -0.029124612), (-0.016343659, -0.028, -0.032076236), (-0.016343659, 0.028, -0.032076236), (-0.011124612, -0.028, -0.034238033), (-0.011124612, 0.028, -0.034238033), (-0.0056316406, -0.028, -0.035556782), (-0.0056316406, 0.028, -0.035556782), (-6.6130927e-18, -0.028, -0.036), (-6.6130927e-18, 0.028, -0.036), (0.0056316406, -0.028, -0.035556782), (0.0056316406, 0.028, -0.035556782), (0.011124612, -0.028, -0.034238033), (0.011124612, 0.028, -0.034238033), (0.016343659, -0.028, -0.032076236), (0.016343659, 0.028, -0.032076236), (0.02116027, -0.028, -0.029124612), (0.02116027, 0.028, -0.029124612), (0.025455844, -0.028, -0.025455844), (0.025455844, 0.028, -0.025455844), (0.029124612, -0.028, -0.02116027), (0.029124612, 0.028, -0.02116027), (0.032076236, -0.028, -0.016343659), (0.032076236, 0.028, -0.016343659), (0.034238033, -0.028, -0.011124612), (0.034238033, 0.028, -0.011124612), (0.035556782, -0.028, -0.0056316406), (0.035556782, 0.028, -0.0056316406), (0.029, -0.025, 0), (0.036, -0.025, 0), (0.036, -0.029, 0), (0.029, -0.029, 0), (0.028642962, -0.025, 0.0045365994), (0.035556782, -0.025, 0.0056316406), (0.035556782, -0.029, 0.0056316406), (0.028642962, -0.029, 0.0045365994), (0.02758064, -0.025, 0.008961493), (0.034238033, -0.025, 0.011124612), (0.034238033, -0.029, 0.011124612), (0.02758064, -0.029, 0.008961493), (0.025839189, -0.025, 0.013165724), (0.032076236, -0.025, 0.016343659), (0.032076236, -0.029, 0.016343659), (0.025839189, -0.029, 0.013165724), (0.023461493, -0.025, 0.017045772), (0.029124612, -0.025, 0.02116027), (0.029124612, -0.029, 0.02116027), (0.023461493, -0.029, 0.017045772), (0.020506097, -0.025, 0.020506097), (0.025455844, -0.025, 0.025455844), (0.025455844, -0.029, 0.025455844), (0.020506097, -0.029, 0.020506097), (0.017045772, -0.025, 0.023461493), (0.02116027, -0.025, 0.029124612), (0.02116027, -0.029, 0.029124612), (0.017045772, -0.029, 0.023461493), (0.013165724, -0.025, 0.025839189), (0.016343659, -0.025, 0.032076236), (0.016343659, -0.029, 0.032076236), (0.013165724, -0.029, 0.025839189), (0.008961493, -0.025, 0.02758064), (0.011124612, -0.025, 0.034238033), (0.011124612, -0.029, 0.034238033), (0.008961493, -0.029, 0.02758064), (0.0045365994, -0.025, 0.028642962), (0.0056316406, -0.025, 0.035556782), (0.0056316406, -0.029, 0.035556782), (0.0045365994, -0.029, 0.028642962), (1.7757378e-18, -0.025, 0.029), (2.2043642e-18, -0.025, 0.036), (2.2043642e-18, -0.029, 0.036), (1.7757378e-18, -0.029, 0.029), (-0.0045365994, -0.025, 0.028642962), (-0.0056316406, -0.025, 0.035556782), (-0.0056316406, -0.029, 0.035556782), (-0.0045365994, -0.029, 0.028642962), (-0.008961493, -0.025, 0.02758064), (-0.011124612, -0.025, 0.034238033), (-0.011124612, -0.029, 0.034238033), (-0.008961493, -0.029, 0.02758064), (-0.013165724, -0.025, 0.025839189), (-0.016343659, -0.025, 0.032076236), (-0.016343659, -0.029, 0.032076236), (-0.013165724, -0.029, 0.025839189), (-0.017045772, -0.025, 0.023461493), (-0.02116027, -0.025, 0.029124612), (-0.02116027, -0.029, 0.029124612), (-0.017045772, -0.029, 0.023461493), (-0.020506097, -0.025, 0.020506097), (-0.025455844, -0.025, 0.025455844), (-0.025455844, -0.029, 0.025455844), (-0.020506097, -0.029, 0.020506097), (-0.023461493, -0.025, 0.017045772), (-0.029124612, -0.025, 0.02116027), (-0.029124612, -0.029, 0.02116027), (-0.023461493, -0.029, 0.017045772), (-0.025839189, -0.025, 0.013165724), (-0.032076236, -0.025, 0.016343659), (-0.032076236, -0.029, 0.016343659), (-0.025839189, -0.029, 0.013165724), (-0.02758064, -0.025, 0.008961493), (-0.034238033, -0.025, 0.011124612), (-0.034238033, -0.029, 0.011124612), (-0.02758064, -0.029, 0.008961493), (-0.028642962, -0.025, 0.0045365994), (-0.035556782, -0.025, 0.0056316406), (-0.035556782, -0.029, 0.0056316406), (-0.028642962, -0.029, 0.0045365994), (-0.029, -0.025, 3.5514756e-18), (-0.036, -0.025, 4.4087283e-18), (-0.036, -0.029, 4.4087283e-18), (-0.029, -0.029, 3.5514756e-18), (-0.028642962, -0.025, -0.0045365994), (-0.035556782, -0.025, -0.0056316406), (-0.035556782, -0.029, -0.0056316406), (-0.028642962, -0.029, -0.0045365994), (-0.02758064, -0.025, -0.008961493), (-0.034238033, -0.025, -0.011124612), (-0.034238033, -0.029, -0.011124612), (-0.02758064, -0.029, -0.008961493), (-0.025839189, -0.025, -0.013165724), (-0.032076236, -0.025, -0.016343659), (-0.032076236, -0.029, -0.016343659), (-0.025839189, -0.029, -0.013165724), (-0.023461493, -0.025, -0.017045772), (-0.029124612, -0.025, -0.02116027), (-0.029124612, -0.029, -0.02116027), (-0.023461493, -0.029, -0.017045772), (-0.020506097, -0.025, -0.020506097), (-0.025455844, -0.025, -0.025455844), (-0.025455844, -0.029, -0.025455844), (-0.020506097, -0.029, -0.020506097), (-0.017045772, -0.025, -0.023461493), (-0.02116027, -0.025, -0.029124612), (-0.02116027, -0.029, -0.029124612), (-0.017045772, -0.029, -0.023461493), (-0.013165724, -0.025, -0.025839189), (-0.016343659, -0.025, -0.032076236), (-0.016343659, -0.029, -0.032076236), (-0.013165724, -0.029, -0.025839189), (-0.008961493, -0.025, -0.02758064), (-0.011124612, -0.025, -0.034238033), (-0.011124612, -0.029, -0.034238033), (-0.008961493, -0.029, -0.02758064), (-0.0045365994, -0.025, -0.028642962), (-0.0056316406, -0.025, -0.035556782), (-0.0056316406, -0.029, -0.035556782), (-0.0045365994, -0.029, -0.028642962), (-5.3272135e-18, -0.025, -0.029), (-6.6130927e-18, -0.025, -0.036), (-6.6130927e-18, -0.029, -0.036), (-5.3272135e-18, -0.029, -0.029), (0.0045365994, -0.025, -0.028642962), (0.0056316406, -0.025, -0.035556782), (0.0056316406, -0.029, -0.035556782), (0.0045365994, -0.029, -0.028642962), (0.008961493, -0.025, -0.02758064), (0.011124612, -0.025, -0.034238033), (0.011124612, -0.029, -0.034238033), (0.008961493, -0.029, -0.02758064), (0.013165724, -0.025, -0.025839189), (0.016343659, -0.025, -0.032076236), (0.016343659, -0.029, -0.032076236), (0.013165724, -0.029, -0.025839189), (0.017045772, -0.025, -0.023461493), (0.02116027, -0.025, -0.029124612), (0.02116027, -0.029, -0.029124612), (0.017045772, -0.029, -0.023461493), (0.020506097, -0.025, -0.020506097), (0.025455844, -0.025, -0.025455844), (0.025455844, -0.029, -0.025455844), (0.020506097, -0.029, -0.020506097), (0.023461493, -0.025, -0.017045772), (0.029124612, -0.025, -0.02116027), (0.029124612, -0.029, -0.02116027), (0.023461493, -0.029, -0.017045772), (0.025839189, -0.025, -0.013165724), (0.032076236, -0.025, -0.016343659), (0.032076236, -0.029, -0.016343659), (0.025839189, -0.029, -0.013165724), (0.02758064, -0.025, -0.008961493), (0.034238033, -0.025, -0.011124612), (0.034238033, -0.029, -0.011124612), (0.02758064, -0.029, -0.008961493), (0.028642962, -0.025, -0.0045365994), (0.035556782, -0.025, -0.0056316406), (0.035556782, -0.029, -0.0056316406), (0.028642962, -0.029, -0.0045365994), (0.009, -0.0285, -0.004), (0.009, -0.0285, 0.004), (0.009, -0.0235, -0.004), (0.009, -0.0235, 0.004), (0.031, -0.0285, -0.004), (0.031, -0.0285, 0.004), (0.031, -0.0235, -0.004), (0.031, -0.0235, 0.004), (0.006585379, -0.0285, 0.0073234406), (-0.0010230731, -0.0285, 0.009795576), (0.006585379, -0.0235, 0.0073234406), (-0.0010230731, -0.0235, 0.009795576), (0.013383753, -0.0285, 0.028246684), (0.005775301, -0.0285, 0.03071882), (0.013383753, -0.0235, 0.028246684), (0.005775301, -0.0235, 0.03071882), (-0.004930012, -0.0285, 0.008526135), (-0.009632294, -0.0285, 0.0020539993), (-0.004930012, -0.0235, 0.008526135), (-0.009632294, -0.0235, 0.0020539993), (-0.022728385, -0.0285, 0.021457411), (-0.027430668, -0.0285, 0.0149852745), (-0.022728385, -0.0235, 0.021457411), (-0.027430668, -0.0235, 0.0149852745), (-0.009632294, -0.0285, -0.0020539993), (-0.004930012, -0.0285, -0.008526135), (-0.009632294, -0.0235, -0.0020539993), (-0.004930012, -0.0235, -0.008526135), (-0.027430668, -0.0285, -0.0149852745), (-0.022728385, -0.0285, -0.021457411), (-0.027430668, -0.0235, -0.0149852745), (-0.022728385, -0.0235, -0.021457411), (-0.0010230731, -0.0285, -0.009795576), (0.006585379, -0.0285, -0.0073234406), (-0.0010230731, -0.0235, -0.009795576), (0.006585379, -0.0235, -0.0073234406), (0.005775301, -0.0285, -0.03071882), (0.013383753, -0.0285, -0.028246684), (0.005775301, -0.0235, -0.03071882), (0.013383753, -0.0235, -0.028246684), (0, -0.005, 0.01), (0, -0.029, 0.01), (-0.00309017, -0.005, 0.009510566), (-0.00309017, -0.029, 0.009510566), (-0.0058778524, -0.005, 0.00809017), (-0.0058778524, -0.029, 0.00809017), (-0.00809017, -0.005, 0.0058778524), (-0.00809017, -0.029, 0.0058778524), (-0.009510566, -0.005, 0.00309017), (-0.009510566, -0.029, 0.00309017), (-0.01, -0.005, 6.123234e-19), (-0.01, -0.029, 6.123234e-19), (-0.009510566, -0.005, -0.00309017), (-0.009510566, -0.029, -0.00309017), (-0.00809017, -0.005, -0.0058778524), (-0.00809017, -0.029, -0.0058778524), (-0.0058778524, -0.005, -0.00809017), (-0.0058778524, -0.029, -0.00809017), (-0.00309017, -0.005, -0.009510566), (-0.00309017, -0.029, -0.009510566), (-1.2246468e-18, -0.005, -0.01), (-1.2246468e-18, -0.029, -0.01), (0.00309017, -0.005, -0.009510566), (0.00309017, -0.029, -0.009510566), (0.0058778524, -0.005, -0.00809017), (0.0058778524, -0.029, -0.00809017), (0.00809017, -0.005, -0.0058778524), (0.00809017, -0.029, -0.0058778524), (0.009510566, -0.005, -0.00309017), (0.009510566, -0.029, -0.00309017), (0.01, -0.005, -1.8369702e-18), (0.01, -0.029, -1.8369702e-18), (0.009510566, -0.005, 0.00309017), (0.009510566, -0.029, 0.00309017), (0.00809017, -0.005, 0.0058778524), (0.00809017, -0.029, 0.0058778524), (0.0058778524, -0.005, 0.00809017), (0.0058778524, -0.029, 0.00809017), (0.00309017, -0.005, 0.009510566), (0.00309017, -0.029, 0.009510566), (0, 0.01, 0.03), (0, 0.009, 0.03), (-0.006237351, 0.01, 0.029344428), (-0.006237351, 0.009, 0.029344428), (-0.012202099, 0.01, 0.027406363), (-0.012202099, 0.009, 0.027406363), (-0.017633557, 0.01, 0.02427051), (-0.017633557, 0.009, 0.02427051), (-0.022294344, 0.01, 0.020073919), (-0.022294344, 0.009, 0.020073919), (-0.025980761, 0.01, 0.015), (-0.025980761, 0.009, 0.015), (-0.028531695, 0.01, 0.00927051), (-0.028531695, 0.009, 0.00927051), (-0.029835656, 0.01, 0.003135854), (-0.029835656, 0.009, 0.003135854), (-0.029835656, 0.01, -0.003135854), (-0.029835656, 0.009, -0.003135854), (-0.028531695, 0.01, -0.00927051), (-0.028531695, 0.009, -0.00927051), (-0.025980761, 0.01, -0.015), (-0.025980761, 0.009, -0.015), (-0.022294344, 0.01, -0.020073919), (-0.022294344, 0.009, -0.020073919), (-0.017633557, 0.01, -0.02427051), (-0.017633557, 0.009, -0.02427051), (-0.012202099, 0.01, -0.027406363), (-0.012202099, 0.009, -0.027406363), (-0.006237351, 0.01, -0.029344428), (-0.006237351, 0.009, -0.029344428), (-1.6996616e-17, 0.01, -0.03), (-1.6996616e-17, 0.009, -0.03), (0.006237351, 0.01, -0.029344428), (0.006237351, 0.009, -0.029344428), (0.012202099, 0.01, -0.027406363), (0.012202099, 0.009, -0.027406363), (0.017633557, 0.01, -0.02427051), (0.017633557, 0.009, -0.02427051), (0.022294344, 0.01, -0.020073919), (0.022294344, 0.009, -0.020073919), (0.025980761, 0.01, -0.015), (0.025980761, 0.009, -0.015), (0.028531695, 0.01, -0.00927051), (0.028531695, 0.009, -0.00927051), (0.029835656, 0.01, -0.003135854), (0.029835656, 0.009, -0.003135854), (0.029835656, 0.01, 0.003135854), (0.029835656, 0.009, 0.003135854), (0.028531695, 0.01, 0.00927051), (0.028531695, 0.009, 0.00927051), (0.025980761, 0.01, 0.015), (0.025980761, 0.009, 0.015), (0.022294344, 0.01, 0.020073919), (0.022294344, 0.009, 0.020073919), (0.017633557, 0.01, 0.02427051), (0.017633557, 0.009, 0.02427051), (0.012202099, 0.01, 0.027406363), (0.012202099, 0.009, 0.027406363), (0.006237351, 0.01, 0.029344428), (0.006237351, 0.009, 0.029344428)]
            uniform token subdivisionScheme = "none"
        }

        def Cylinder "collision" (
            prepend apiSchemas = ["PhysicsCollisionAPI", "MaterialBindingAPI"]
        )
        {
            uniform token axis = "Y"
            float3[] extent = [(-0.055, -0.0325, -0.055), (0.055, 0.0325, 0.055)]
            double height = 0.065
            rel material:binding:physics = </rc_car/Looks/tire_physics> (
                bindMaterialAs = "weakerThanDescendants"
            )
            uniform token purpose = "guide"
            double radius = 0.055
        }
    }

    def Xform "front_right_steer_knuckle" (
        prepend apiSchemas = ["PhysicsRigidBodyAPI", "PhysicsMassAPI", "PhysxRigidBodyAPI"]
    )
    {
        point3f physics:centerOfMass = (0, 0, 0)
        float3 physics:diagonalInertia = (0.0001, 0.0001, 0.0001)
        float physics:mass = 0.08
        float physxRigidBody:maxAngularVelocity = 30000
        double3 xformOp:translate = (0.1625, -0.135, 0.055)
        uniform token[] xformOpOrder = ["xformOp:translate"]

        def Mesh "knuckle" (
            prepend apiSchemas = ["MaterialBindingAPI"]
        )
        {
            uniform bool doubleSided = 1
            float3[] extent = [(-0.011, 0.033, -0.016), (0.011, 0.047, 0.016)]
            int[] faceVertexCounts = [4, 4, 4, 4, 4, 4]
            int[] faceVertexIndices = [0, 1, 3, 2, 4, 6, 7, 5, 0, 4, 5, 1, 2, 3, 7, 6, 0, 2, 6, 4, 1, 5, 7, 3]
            rel material:binding = </rc_car/Looks/plastic_blk>
            point3f[] points = [(-0.011, 0.033, -0.016), (-0.011, 0.033, 0.016), (-0.011, 0.047, -0.016), (-0.011, 0.047, 0.016), (0.011, 0.033, -0.016), (0.011, 0.033, 0.016), (0.011, 0.047, -0.016), (0.011, 0.047, 0.016)]
            uniform token subdivisionScheme = "none"
        }
    }

    def Xform "rear_left_wheel" (
        prepend apiSchemas = ["PhysicsRigidBodyAPI", "PhysicsMassAPI", "PhysxRigidBodyAPI"]
    )
    {
        point3f physics:centerOfMass = (0, 0, 0)
        float3 physics:diagonalInertia = (0.00017733334, 0.000242, 0.00017733334)
        float physics:mass = 0.16
        float physxRigidBody:maxAngularVelocity = 30000
        double3 xformOp:translate = (-0.1625, 0.13, 0.055)
        uniform token[] xformOpOrder = ["xformOp:translate"]

        def Mesh "tire" (
            prepend apiSchemas = ["MaterialBindingAPI"]
        )
        {
            uniform bool doubleSided = 1
            float3[] extent = [(-0.05567226, -0.0322, -0.05567635), (0.05567226, 0.0322, 0.05567635)]
            int[] faceVertexCounts = [4, 4, 4, 4, 4, 4, 4, 4, 4, 4, 4, 4, 4, 4, 4, 4, 4, 4, 4, 4, 4, 4, 4, 4, 4, 4, 4, 4, 4, 4, 4, 4, 4, 4, 4, 4, 4, 4, 4, 4, 4, 4, 4, 4, 4, 4, 4, 4, 4, 4, 4, 4, 4, 4, 4, 4, 4, 4, 4, 4, 4, 4, 4, 4, 4, 4, 4, 4, 4, 4, 4, 4, 4, 4, 4, 4, 4, 4, 4, 4, 4, 4, 4, 4, 4, 4, 4, 4, 4, 4, 4, 4, 4, 4, 4, 4, 4, 4, 4, 4, 4, 4, 4, 4, 4, 4, 4, 4, 4, 4, 4, 4, 4, 4, 4, 4, 4, 4, 4, 4, 4, 4, 4, 4, 4, 4, 4, 4, 4, 4, 4, 4, 4, 4, 4, 4, 4, 4, 4, 4, 4, 4, 4, 4, 4, 4, 4, 4, 4, 4, 4, 4, 4, 4, 4, 4, 4, 4, 4, 4, 4, 4, 4, 4, 4, 4, 4, 4, 4, 4, 4, 4, 4, 4, 4, 4, 4, 4, 4, 4, 4, 4, 4, 4, 4, 4, 4, 4, 4, 4, 4, 4, 4, 4, 4, 4, 4, 4, 4, 4, 4, 4, 4, 4, 4, 4, 4, 4, 4, 4, 4, 4, 4, 4, 4, 4, 4, 4, 4, 4, 4, 4, 4, 4, 4, 4, 4, 4, 4, 4, 4, 4, 4, 4, 4, 4, 4, 4, 4, 4, 4, 4, 4, 4, 4, 4, 4, 4, 4, 4, 4, 4, 4, 4, 4, 4, 4, 4, 4, 4, 4, 4, 4, 4, 4, 4, 4, 4, 4, 4, 4, 4, 4, 4, 4, 4, 4, 4, 4, 4, 4, 4, 4, 4, 4, 4, 4, 4, 4, 4, 4, 4, 4, 4, 4, 4, 4, 4, 4, 4, 4, 4, 4, 4, 4, 4, 4, 4, 4, 4, 4, 4, 4, 4, 4, 4, 4, 4, 4, 4, 4, 4, 4, 4, 4, 4, 4, 4, 4, 4, 4, 4, 4, 4, 4, 4, 4, 4, 4, 4, 4, 4, 4, 4, 4, 4, 4, 4, 4, 4, 4, 4, 4, 4, 4, 4, 4, 4, 4, 4, 4, 4, 4, 4, 4, 4, 4, 4, 4, 4, 4, 4, 4, 4, 4, 4, 4, 4, 4, 4, 4, 4, 4, 4, 4, 4, 4, 4, 4, 4, 4, 4, 4, 4, 4, 4, 4, 4, 4, 4, 4, 4, 4, 4, 4, 4, 4, 4, 4, 4, 4, 4, 4, 4, 4, 4, 4, 4, 4, 4, 4, 4, 4, 4, 4, 4, 4, 4, 4, 4, 4, 4, 4, 4, 4, 4, 4, 4, 4, 4, 4, 4, 4, 4, 4, 4, 4, 4, 4, 4, 4, 4, 4, 4, 4, 4, 4, 4, 4, 4, 4, 4, 4, 4, 4, 4, 4, 4, 4, 4, 4, 4, 4, 4, 4, 4, 4, 4, 4, 4, 4, 4, 4, 4, 4, 4, 4, 4, 4, 4, 4, 4, 4, 4, 4, 4, 4, 4, 4, 4, 4, 4, 4, 4, 4, 4, 4, 4, 4, 4, 4, 4, 4, 4, 4, 4, 4, 4, 4, 4, 4, 4, 4, 4, 4, 4, 4, 4, 4, 4, 4, 4, 4, 4, 4, 4, 4, 4, 4, 4, 4, 4, 4, 4, 4, 4, 4, 4, 4, 4, 4, 4, 4, 4, 4, 4, 4, 4, 4, 4, 4, 4, 4, 4, 4, 4, 4, 4, 4, 4, 4, 4, 4, 4, 4, 4, 4, 4, 4, 4, 4, 4, 4, 4, 4, 4, 4, 4, 4, 4, 4, 4, 4, 4, 4, 4, 4, 4, 4, 4, 4, 4, 4, 4, 4, 4, 4, 4, 4, 4, 4, 4, 4, 4, 4, 4, 4, 4, 4, 4, 4, 4, 4, 4, 4, 4, 4, 4, 4, 4, 4, 4, 4, 4, 4, 4, 4, 4, 4, 4, 4, 4, 4, 4, 4, 4, 4, 4, 4, 4, 4, 4, 4, 4, 4, 4, 4, 4, 4, 4, 4, 4, 4, 4, 4, 4, 4, 4, 4, 4, 4, 4, 4, 4, 4, 4, 4, 4, 4, 4, 4, 4, 4, 4, 4, 4, 4, 4, 4, 4, 4, 4, 4, 4, 4, 4, 4, 4, 4, 4, 4, 4, 4, 4, 4, 4, 4, 4, 4, 4, 4, 4, 4, 4, 4, 4, 4, 4, 4, 4, 4, 4, 4, 4, 4, 4, 4, 4, 4, 4, 4, 4, 4, 4, 4, 4, 4, 4, 4, 4, 4, 4, 4, 4, 4, 4, 4, 4, 4, 4, 4, 4, 4, 4, 4, 4, 4, 4, 4, 4, 4, 4, 4, 4, 4, 4, 4, 4, 4, 4, 4, 4, 4, 4, 4, 4, 4, 4, 4, 4, 4, 4, 4, 4, 4, 4, 4, 4, 4, 4, 4, 4, 4, 4, 4, 4, 4, 4, 4, 4, 4, 4, 4, 4, 4, 4, 4, 4, 4, 4, 4, 4, 4, 4, 4, 4, 4, 4, 4, 4, 4, 4, 4, 4, 4, 4, 4, 4, 4, 4, 4, 4, 4, 4, 4, 4, 4, 4, 4, 4, 4, 4, 4, 4, 4, 4, 4, 4, 4, 4, 4, 4, 4, 4, 4, 4, 4, 4, 4, 4, 4, 4, 4, 4, 4, 4, 4, 4, 4, 4, 4, 4, 4, 4, 4, 4, 4, 4, 4, 4, 4, 4, 4, 4, 4, 4, 4, 4, 4, 4, 4, 4, 4, 4, 4, 4, 4, 4, 4, 4, 4, 4, 4, 4, 4, 4, 4, 4, 4, 4, 4, 4, 4, 4, 4, 4, 4, 4, 4, 4, 4, 4, 4, 4, 4, 4, 4, 4, 4, 4, 4, 4, 4, 4, 4, 4, 4, 4, 4, 4, 4, 4, 4, 4, 4, 4, 4, 4, 4, 4, 4, 4, 4, 4, 4, 4, 4, 4, 4, 4, 4, 4, 4, 4, 4, 4, 4, 4, 4, 4, 4, 4, 4, 4, 4, 4, 4, 4, 4, 4, 4, 4, 4, 4, 4, 4, 4, 4, 4, 4, 4, 4, 4, 4, 4, 4, 4, 4, 4, 4, 4, 4, 4, 4, 4, 4, 4, 4, 4, 4, 4, 4, 4, 4, 4, 4, 4, 4, 4, 4, 4, 4, 4, 4, 4, 4, 4, 4, 4, 4, 4, 4, 4, 4, 4, 4, 4, 4, 4, 4, 4, 4, 4, 4, 4, 4, 4, 4, 4, 4, 4, 4, 4, 4, 4, 4, 4, 4, 4, 4, 4, 4, 4, 4, 4, 4, 4, 4, 4, 4, 4, 4, 4, 4, 4, 4, 4, 4, 4, 4, 4, 4, 4, 4, 4, 4, 4, 4, 4, 4, 4, 4, 4, 4, 4, 4, 4, 4, 4, 4, 4, 4, 4, 4, 4, 4, 4, 4, 4, 4, 4, 4, 4, 4, 4, 4, 4, 4, 4, 4, 4, 4, 4, 4, 4, 4, 4, 4, 4, 4, 4, 4, 4, 4, 4, 4, 4, 4, 4, 4, 4, 4, 4, 4, 4, 4, 4, 4, 4, 4, 4, 4, 4, 4, 4, 4, 4, 4, 4, 4, 4, 4, 4, 4]
            int[] faceVertexIndices = [1, 11, 10, 0, 2, 12, 11, 1, 3, 13, 12, 2, 4, 14, 13, 3, 5, 15, 14, 4, 6, 16, 15, 5, 7, 17, 16, 6, 8, 18, 17, 7, 9, 19, 18, 8, 11, 21, 20, 10, 12, 22, 21, 11, 13, 23, 22, 12, 14, 24, 23, 13, 15, 25, 24, 14, 16, 26, 25, 15, 17, 27, 26, 16, 18, 28, 27, 17, 19, 29, 28, 18, 21, 31, 30, 20, 22, 32, 31, 21, 23, 33, 32, 22, 24, 34, 33, 23, 25, 35, 34, 24, 26, 36, 35, 25, 27, 37, 36, 26, 28, 38, 37, 27, 29, 39, 38, 28, 31, 41, 40, 30, 32, 42, 41, 31, 33, 43, 42, 32, 34, 44, 43, 33, 35, 45, 44, 34, 36, 46, 45, 35, 37, 47, 46, 36, 38, 48, 47, 37, 39, 49, 48, 38, 41, 51, 50, 40, 42, 52, 51, 41, 43, 53, 52, 42, 44, 54, 53, 43, 45, 55, 54, 44, 46, 56, 55, 45, 47, 57, 56, 46, 48, 58, 57, 47, 49, 59, 58, 48, 51, 61, 60, 50, 52, 62, 61, 51, 53, 63, 62, 52, 54, 64, 63, 53, 55, 65, 64, 54, 56, 66, 65, 55, 57, 67, 66, 56, 58, 68, 67, 57, 59, 69, 68, 58, 61, 71, 70, 60, 62, 72, 71, 61, 63, 73, 72, 62, 64, 74, 73, 63, 65, 75, 74, 64, 66, 76, 75, 65, 67, 77, 76, 66, 68, 78, 77, 67, 69, 79, 78, 68, 71, 81, 80, 70, 72, 82, 81, 71, 73, 83, 82, 72, 74, 84, 83, 73, 75, 85, 84, 74, 76, 86, 85, 75, 77, 87, 86, 76, 78, 88, 87, 77, 79, 89, 88, 78, 81, 91, 90, 80, 82, 92, 91, 81, 83, 93, 92, 82, 84, 94, 93, 83, 85, 95, 94, 84, 86, 96, 95, 85, 87, 97, 96, 86, 88, 98, 97, 87, 89, 99, 98, 88, 91, 101, 100, 90, 92, 102, 101, 91, 93, 103, 102, 92, 94, 104, 103, 93, 95, 105, 104, 94, 96, 106, 105, 95, 97, 107, 106, 96, 98, 108, 107, 97, 99, 109, 108, 98, 101, 111, 110, 100, 102, 112, 111, 101, 103, 113, 112, 102, 104, 114, 113, 103, 105, 115, 114, 104, 106, 116, 115, 105, 107, 117, 116, 106, 108, 118, 117, 107, 109, 119, 118, 108, 111, 121, 120, 110, 112, 122, 121, 111, 113, 123, 122, 112, 114, 124, 123, 113, 115, 125, 124, 114, 116, 126, 125, 115, 117, 127, 126, 116, 118, 128, 127, 117, 119, 129, 128, 118, 121, 131, 130, 120, 122, 132, 131, 121, 123, 133, 132, 122, 124, 134, 133, 123, 125, 135, 134, 124, 126, 136, 135, 125, 127, 137, 136, 126, 128, 138, 137, 127, 129, 139, 138, 128, 131, 141, 140, 130, 132, 142, 141, 131, 133, 143, 142, 132, 134, 144, 143, 133, 135, 145, 144, 134, 136, 146, 145, 135, 137, 147, 146, 136, 138, 148, 147, 137, 139, 149, 148, 138, 141, 151, 150, 140, 142, 152, 151, 141, 143, 153, 152, 142, 144, 154, 153, 143, 145, 155, 154, 144, 146, 156, 155, 145, 147, 157, 156, 146, 148, 158, 157, 147, 149, 159, 158, 148, 151, 161, 160, 150, 152, 162, 161, 151, 153, 163, 162, 152, 154, 164, 163, 153, 155, 165, 164, 154, 156, 166, 165, 155, 157, 167, 166, 156, 158, 168, 167, 157, 159, 169, 168, 158, 161, 171, 170, 160, 162, 172, 171, 161, 163, 173, 172, 162, 164, 174, 173, 163, 165, 175, 174, 164, 166, 176, 175, 165, 167, 177, 176, 166, 168, 178, 177, 167, 169, 179, 178, 168, 171, 181, 180, 170, 172, 182, 181, 171, 173, 183, 182, 172, 174, 184, 183, 173, 175, 185, 184, 174, 176, 186, 185, 175, 177, 187, 186, 176, 178, 188, 187, 177, 179, 189, 188, 178, 181, 191, 190, 180, 182, 192, 191, 181, 183, 193, 192, 182, 184, 194, 193, 183, 185, 195, 194, 184, 186, 196, 195, 185, 187, 197, 196, 186, 188, 198, 197, 187, 189, 199, 198, 188, 191, 201, 200, 190, 192, 202, 201, 191, 193, 203, 202, 192, 194, 204, 203, 193, 195, 205, 204, 194, 196, 206, 205, 195, 197, 207, 206, 196, 198, 208, 207, 197, 199, 209, 208, 198, 201, 211, 210, 200, 202, 212, 211, 201, 203, 213, 212, 202, 204, 214, 213, 203, 205, 215, 214, 204, 206, 216, 215, 205, 207, 217, 216, 206, 208, 218, 217, 207, 209, 219, 218, 208, 211, 221, 220, 210, 212, 222, 221, 211, 213, 223, 222, 212, 214, 224, 223, 213, 215, 225, 224, 214, 216, 226, 225, 215, 217, 227, 226, 216, 218, 228, 227, 217, 219, 229, 228, 218, 221, 231, 230, 220, 222, 232, 231, 221, 223, 233, 232, 222, 224, 234, 233, 223, 225, 235, 234, 224, 226, 236, 235, 225, 227, 237, 236, 226, 228, 238, 237, 227, 229, 239, 238, 228, 231, 241, 240, 230, 232, 242, 241, 231, 233, 243, 242, 232, 234, 244, 243, 233, 235, 245, 244, 234, 236, 246, 245, 235, 237, 247, 246, 236, 238, 248, 247, 237, 239, 249, 248, 238, 241, 251, 250, 240, 242, 252, 251, 241, 243, 253, 252, 242, 244, 254, 253, 243, 245, 255, 254, 244, 246, 256, 255, 245, 247, 257, 256, 246, 248, 258, 257, 247, 249, 259, 258, 248, 251, 261, 260, 250, 252, 262, 261, 251, 253, 263, 262, 252, 254, 264, 263, 253, 255, 265, 264, 254, 256, 266, 265, 255, 257, 267, 266, 256, 258, 268, 267, 257, 259, 269, 268, 258, 261, 271, 270, 260, 262, 272, 271, 261, 263, 273, 272, 262, 264, 274, 273, 263, 265, 275, 274, 264, 266, 276, 275, 265, 267, 277, 276, 266, 268, 278, 277, 267, 269, 279, 278, 268, 271, 281, 280, 270, 272, 282, 281, 271, 273, 283, 282, 272, 274, 284, 283, 273, 275, 285, 284, 274, 276, 286, 285, 275, 277, 287, 286, 276, 278, 288, 287, 277, 279, 289, 288, 278, 281, 291, 290, 280, 282, 292, 291, 281, 283, 293, 292, 282, 284, 294, 293, 283, 285, 295, 294, 284, 286, 296, 295, 285, 287, 297, 296, 286, 288, 298, 297, 287, 289, 299, 298, 288, 291, 301, 300, 290, 292, 302, 301, 291, 293, 303, 302, 292, 294, 304, 303, 293, 295, 305, 304, 294, 296, 306, 305, 295, 297, 307, 306, 296, 298, 308, 307, 297, 299, 309, 308, 298, 301, 311, 310, 300, 302, 312, 311, 301, 303, 313, 312, 302, 304, 314, 313, 303, 305, 315, 314, 304, 306, 316, 315, 305, 307, 317, 316, 306, 308, 318, 317, 307, 309, 319, 318, 308, 311, 321, 320, 310, 312, 322, 321, 311, 313, 323, 322, 312, 314, 324, 323, 313, 315, 325, 324, 314, 316, 326, 325, 315, 317, 327, 326, 316, 318, 328, 327, 317, 319, 329, 328, 318, 321, 331, 330, 320, 322, 332, 331, 321, 323, 333, 332, 322, 324, 334, 333, 323, 325, 335, 334, 324, 326, 336, 335, 325, 327, 337, 336, 326, 328, 338, 337, 327, 329, 339, 338, 328, 331, 341, 340, 330, 332, 342, 341, 331, 333, 343, 342, 332, 334, 344, 343, 333, 335, 345, 344, 334, 336, 346, 345, 335, 337, 347, 346, 336, 338, 348, 347, 337, 339, 349, 348, 338, 341, 351, 350, 340, 342, 352, 351, 341, 343, 353, 352, 342, 344, 354, 353, 343, 345, 355, 354, 344, 346, 356, 355, 345, 347, 357, 356, 346, 348, 358, 357, 347, 349, 359, 358, 348, 351, 361, 360, 350, 352, 362, 361, 351, 353, 363, 362, 352, 354, 364, 363, 353, 355, 365, 364, 354, 356, 366, 365, 355, 357, 367, 366, 356, 358, 368, 367, 357, 359, 369, 368, 358, 361, 371, 370, 360, 362, 372, 371, 361, 363, 373, 372, 362, 364, 374, 373, 363, 365, 375, 374, 364, 366, 376, 375, 365, 367, 377, 376, 366, 368, 378, 377, 367, 369, 379, 378, 368, 371, 381, 380, 370, 372, 382, 381, 371, 373, 383, 382, 372, 374, 384, 383, 373, 375, 385, 384, 374, 376, 386, 385, 375, 377, 387, 386, 376, 378, 388, 387, 377, 379, 389, 388, 378, 381, 391, 390, 380, 382, 392, 391, 381, 383, 393, 392, 382, 384, 394, 393, 383, 385, 395, 394, 384, 386, 396, 395, 385, 387, 397, 396, 386, 388, 398, 397, 387, 389, 399, 398, 388, 391, 401, 400, 390, 392, 402, 401, 391, 393, 403, 402, 392, 394, 404, 403, 393, 395, 405, 404, 394, 396, 406, 405, 395, 397, 407, 406, 396, 398, 408, 407, 397, 399, 409, 408, 398, 401, 411, 410, 400, 402, 412, 411, 401, 403, 413, 412, 402, 404, 414, 413, 403, 405, 415, 414, 404, 406, 416, 415, 405, 407, 417, 416, 406, 408, 418, 417, 407, 409, 419, 418, 408, 411, 421, 420, 410, 412, 422, 421, 411, 413, 423, 422, 412, 414, 424, 423, 413, 415, 425, 424, 414, 416, 426, 425, 415, 417, 427, 426, 416, 418, 428, 427, 417, 419, 429, 428, 418, 421, 431, 430, 420, 422, 432, 431, 421, 423, 433, 432, 422, 424, 434, 433, 423, 425, 435, 434, 424, 426, 436, 435, 425, 427, 437, 436, 426, 428, 438, 437, 427, 429, 439, 438, 428, 431, 441, 440, 430, 432, 442, 441, 431, 433, 443, 442, 432, 434, 444, 443, 433, 435, 445, 444, 434, 436, 446, 445, 435, 437, 447, 446, 436, 438, 448, 447, 437, 439, 449, 448, 438, 441, 451, 450, 440, 442, 452, 451, 441, 443, 453, 452, 442, 444, 454, 453, 443, 445, 455, 454, 444, 446, 456, 455, 445, 447, 457, 456, 446, 448, 458, 457, 447, 449, 459, 458, 448, 451, 461, 460, 450, 452, 462, 461, 451, 453, 463, 462, 452, 454, 464, 463, 453, 455, 465, 464, 454, 456, 466, 465, 455, 457, 467, 466, 456, 458, 468, 467, 457, 459, 469, 468, 458, 461, 471, 470, 460, 462, 472, 471, 461, 463, 473, 472, 462, 464, 474, 473, 463, 465, 475, 474, 464, 466, 476, 475, 465, 467, 477, 476, 466, 468, 478, 477, 467, 469, 479, 478, 468, 471, 481, 480, 470, 472, 482, 481, 471, 473, 483, 482, 472, 474, 484, 483, 473, 475, 485, 484, 474, 476, 486, 485, 475, 477, 487, 486, 476, 478, 488, 487, 477, 479, 489, 488, 478, 481, 491, 490, 480, 482, 492, 491, 481, 483, 493, 492, 482, 484, 494, 493, 483, 485, 495, 494, 484, 486, 496, 495, 485, 487, 497, 496, 486, 488, 498, 497, 487, 489, 499, 498, 488, 491, 501, 500, 490, 492, 502, 501, 491, 493, 503, 502, 492, 494, 504, 503, 493, 495, 505, 504, 494, 496, 506, 505, 495, 497, 507, 506, 496, 498, 508, 507, 497, 499, 509, 508, 498, 501, 511, 510, 500, 502, 512, 511, 501, 503, 513, 512, 502, 504, 514, 513, 503, 505, 515, 514, 504, 506, 516, 515, 505, 507, 517, 516, 506, 508, 518, 517, 507, 509, 519, 518, 508, 511, 521, 520, 510, 512, 522, 521, 511, 513, 523, 522, 512, 514, 524, 523, 513, 515, 525, 524, 514, 516, 526, 525, 515, 517, 527, 526, 516, 518, 528, 527, 517, 519, 529, 528, 518, 521, 531, 530, 520, 522, 532, 531, 521, 523, 533, 532, 522, 524, 534, 533, 523, 525, 535, 534, 524, 526, 536, 535, 525, 527, 537, 536, 526, 528, 538, 537, 527, 529, 539, 538, 528, 531, 541, 540, 530, 532, 542, 541, 531, 533, 543, 542, 532, 534, 544, 543, 533, 535, 545, 544, 534, 536, 546, 545, 535, 537, 547, 546, 536, 538, 548, 547, 537, 539, 549, 548, 538, 541, 551, 550, 540, 542, 552, 551, 541, 543, 553, 552, 542, 544, 554, 553, 543, 545, 555, 554, 544, 546, 556, 555, 545, 547, 557, 556, 546, 548, 558, 557, 547, 549, 559, 558, 548, 551, 1, 0, 550, 552, 2, 1, 551, 553, 3, 2, 552, 554, 4, 3, 553, 555, 5, 4, 554, 556, 6, 5, 555, 557, 7, 6, 556, 558, 8, 7, 557, 559, 9, 8, 558, 560, 561, 563, 562, 564, 566, 567, 565, 560, 564, 565, 561, 562, 563, 567, 566, 560, 562, 566, 564, 561, 565, 567, 563, 568, 569, 571, 570, 572, 574, 575, 573, 568, 572, 573, 569, 570, 571, 575, 574, 568, 570, 574, 572, 569, 573, 575, 571, 576, 577, 579, 578, 580, 582, 583, 581, 576, 580, 581, 577, 578, 579, 583, 582, 576, 578, 582, 580, 577, 581, 583, 579, 584, 585, 587, 586, 588, 590, 591, 589, 584, 588, 589, 585, 586, 587, 591, 590, 584, 586, 590, 588, 585, 589, 591, 587, 592, 593, 595, 594, 596, 598, 599, 597, 592, 596, 597, 593, 594, 595, 599, 598, 592, 594, 598, 596, 593, 597, 599, 595, 600, 601, 603, 602, 604, 606, 607, 605, 600, 604, 605, 601, 602, 603, 607, 606, 600, 602, 606, 604, 601, 605, 607, 603, 608, 609, 611, 610, 612, 614, 615, 613, 608, 612, 613, 609, 610, 611, 615, 614, 608, 610, 614, 612, 609, 613, 615, 611, 616, 617, 619, 618, 620, 622, 623, 621, 616, 620, 621, 617, 618, 619, 623, 622, 616, 618, 622, 620, 617, 621, 623, 619, 624, 625, 627, 626, 628, 630, 631, 629, 624, 628, 629, 625, 626, 627, 631, 630, 624, 626, 630, 628, 625, 629, 631, 627, 632, 633, 635, 634, 636, 638, 639, 637, 632, 636, 637, 633, 634, 635, 639, 638, 632, 634, 638, 636, 633, 637, 639, 635, 640, 641, 643, 642, 644, 646, 647, 645, 640, 644, 645, 641, 642, 643, 647, 646, 640, 642, 646, 644, 641, 645, 647, 643, 648, 649, 651, 650, 652, 654, 655, 653, 648, 652, 653, 649, 650, 651, 655, 654, 648, 650, 654, 652, 649, 653, 655, 651, 656, 657, 659, 658, 660, 662, 663, 661, 656, 660, 661, 657, 658, 659, 663, 662, 656, 658, 662, 660, 657, 661, 663, 659, 664, 665, 667, 666, 668, 670, 671, 669, 664, 668, 669, 665, 666, 667, 671, 670, 664, 666, 670, 668, 665, 669, 671, 667, 672, 673, 675, 674, 676, 678, 679, 677, 672, 676, 677, 673, 674, 675, 679, 678, 672, 674, 678, 676, 673, 677, 679, 675, 680, 681, 683, 682, 684, 686, 687, 685, 680, 684, 685, 681, 682, 683, 687, 686, 680, 682, 686, 684, 681, 685, 687, 683, 688, 689, 691, 690, 692, 694, 695, 693, 688, 692, 693, 689, 690, 691, 695, 694, 688, 690, 694, 692, 689, 693, 695, 691, 696, 697, 699, 698, 700, 702, 703, 701, 696, 700, 701, 697, 698, 699, 703, 702, 696, 698, 702, 700, 697, 701, 703, 699, 704, 705, 707, 706, 708, 710, 711, 709, 704, 708, 709, 705, 706, 707, 711, 710, 704, 706, 710, 708, 705, 709, 711, 707, 712, 713, 715, 714, 716, 718, 719, 717, 712, 716, 717, 713, 714, 715, 719, 718, 712, 714, 718, 716, 713, 717, 719, 715, 720, 721, 723, 722, 724, 726, 727, 725, 720, 724, 725, 721, 722, 723, 727, 726, 720, 722, 726, 724, 721, 725, 727, 723, 728, 729, 731, 730, 732, 734, 735, 733, 728, 732, 733, 729, 730, 731, 735, 734, 728, 730, 734, 732, 729, 733, 735, 731, 736, 737, 739, 738, 740, 742, 743, 741, 736, 740, 741, 737, 738, 739, 743, 742, 736, 738, 742, 740, 737, 741, 743, 739, 744, 745, 747, 746, 748, 750, 751, 749, 744, 748, 749, 745, 746, 747, 751, 750, 744, 746, 750, 748, 745, 749, 751, 747, 752, 753, 755, 754, 756, 758, 759, 757, 752, 756, 757, 753, 754, 755, 759, 758, 752, 754, 758, 756, 753, 757, 759, 755, 760, 761, 763, 762, 764, 766, 767, 765, 760, 764, 765, 761, 762, 763, 767, 766, 760, 762, 766, 764, 761, 765, 767, 763, 768, 769, 771, 770, 772, 774, 775, 773, 768, 772, 773, 769, 770, 771, 775, 774, 768, 770, 774, 772, 769, 773, 775, 771, 776, 777, 779, 778, 780, 782, 783, 781, 776, 780, 781, 777, 778, 779, 783, 782, 776, 778, 782, 780, 777, 781, 783, 779, 784, 785, 787, 786, 788, 790, 791, 789, 784, 788, 789, 785, 786, 787, 791, 790, 784, 786, 790, 788, 785, 789, 791, 787, 792, 793, 795, 794, 796, 798, 799, 797, 792, 796, 797, 793, 794, 795, 799, 798, 792, 794, 798, 796, 793, 797, 799, 795, 800, 801, 803, 802, 804, 806, 807, 805, 800, 804, 805, 801, 802, 803, 807, 806, 800, 802, 806, 804, 801, 805, 807, 803, 808, 809, 811, 810, 812, 814, 815, 813, 808, 812, 813, 809, 810, 811, 815, 814, 808, 810, 814, 812, 809, 813, 815, 811, 816, 817, 819, 818, 820, 822, 823, 821, 816, 820, 821, 817, 818, 819, 823, 822, 816, 818, 822, 820, 817, 821, 823, 819, 824, 825, 827, 826, 828, 830, 831, 829, 824, 828, 829, 825, 826, 827, 831, 830, 824, 826, 830, 828, 825, 829, 831, 827, 832, 833, 835, 834, 836, 838, 839, 837, 832, 836, 837, 833, 834, 835, 839, 838, 832, 834, 838, 836, 833, 837, 839, 835, 840, 841, 843, 842, 844, 846, 847, 845, 840, 844, 845, 841, 842, 843, 847, 846, 840, 842, 846, 844, 841, 845, 847, 843, 848, 849, 851, 850, 852, 854, 855, 853, 848, 852, 853, 849, 850, 851, 855, 854, 848, 850, 854, 852, 849, 853, 855, 851, 856, 857, 859, 858, 860, 862, 863, 861, 856, 860, 861, 857, 858, 859, 863, 862, 856, 858, 862, 860, 857, 861, 863, 859, 864, 865, 867, 866, 868, 870, 871, 869, 864, 868, 869, 865, 866, 867, 871, 870, 864, 866, 870, 868, 865, 869, 871, 867, 872, 873, 875, 874, 876, 878, 879, 877, 872, 876, 877, 873, 874, 875, 879, 878, 872, 874, 878, 876, 873, 877, 879, 875, 880, 881, 883, 882, 884, 886, 887, 885, 880, 884, 885, 881, 882, 883, 887, 886, 880, 882, 886, 884, 881, 885, 887, 883, 888, 889, 891, 890, 892, 894, 895, 893, 888, 892, 893, 889, 890, 891, 895, 894, 888, 890, 894, 892, 889, 893, 895, 891, 896, 897, 899, 898, 900, 902, 903, 901, 896, 900, 901, 897, 898, 899, 903, 902, 896, 898, 902, 900, 897, 901, 903, 899, 904, 905, 907, 906, 908, 910, 911, 909, 904, 908, 909, 905, 906, 907, 911, 910, 904, 906, 910, 908, 905, 909, 911, 907, 912, 913, 915, 914, 916, 918, 919, 917, 912, 916, 917, 913, 914, 915, 919, 918, 912, 914, 918, 916, 913, 917, 919, 915, 920, 921, 923, 922, 924, 926, 927, 925, 920, 924, 925, 921, 922, 923, 927, 926, 920, 922, 926, 924, 921, 925, 927, 923, 928, 929, 931, 930, 932, 934, 935, 933, 928, 932, 933, 929, 930, 931, 935, 934, 928, 930, 934, 932, 929, 933, 935, 931, 936, 937, 939, 938, 940, 942, 943, 941, 936, 940, 941, 937, 938, 939, 943, 942, 936, 938, 942, 940, 937, 941, 943, 939, 944, 945, 947, 946, 948, 950, 951, 949, 944, 948, 949, 945, 946, 947, 951, 950, 944, 946, 950, 948, 945, 949, 951, 947, 952, 953, 955, 954, 956, 958, 959, 957, 952, 956, 957, 953, 954, 955, 959, 958, 952, 954, 958, 956, 953, 957, 959, 955, 960, 961, 963, 962, 964, 966, 967, 965, 960, 964, 965, 961, 962, 963, 967, 966, 960, 962, 966, 964, 961, 965, 967, 963, 968, 969, 971, 970, 972, 974, 975, 973, 968, 972, 973, 969, 970, 971, 975, 974, 968, 970, 974, 972, 969, 973, 975, 971, 976, 977, 979, 978, 980, 982, 983, 981, 976, 980, 981, 977, 978, 979, 983, 982, 976, 978, 982, 980, 977, 981, 983, 979, 984, 985, 987, 986, 988, 990, 991, 989, 984, 988, 989, 985, 986, 987, 991, 990, 984, 986, 990, 988, 985, 989, 991, 987, 992, 993, 995, 994, 996, 998, 999, 997, 992, 996, 997, 993, 994, 995, 999, 998, 992, 994, 998, 996, 993, 997, 999, 995, 1000, 1001, 1003, 1002, 1004, 1006, 1007, 1005, 1000, 1004, 1005, 1001, 1002, 1003, 1007, 1006, 1000, 1002, 1006, 1004, 1001, 1005, 1007, 1003, 1008, 1009, 1011, 1010, 1012, 1014, 1015, 1013, 1008, 1012, 1013, 1009, 1010, 1011, 1015, 1014, 1008, 1010, 1014, 1012, 1009, 1013, 1015, 1011, 1016, 1017, 1019, 1018, 1020, 1022, 1023, 1021, 1016, 1020, 1021, 1017, 1018, 1019, 1023, 1022, 1016, 1018, 1022, 1020, 1017, 1021, 1023, 1019, 1024, 1025, 1027, 1026, 1028, 1030, 1031, 1029, 1024, 1028, 1029, 1025, 1026, 1027, 1031, 1030, 1024, 1026, 1030, 1028, 1025, 1029, 1031, 1027, 1032, 1033, 1035, 1034, 1036, 1038, 1039, 1037, 1032, 1036, 1037, 1033, 1034, 1035, 1039, 1038, 1032, 1034, 1038, 1036, 1033, 1037, 1039, 1035, 1040, 1041, 1043, 1042, 1044, 1046, 1047, 1045, 1040, 1044, 1045, 1041, 1042, 1043, 1047, 1046, 1040, 1042, 1046, 1044, 1041, 1045, 1047, 1043, 1048, 1049, 1051, 1050, 1052, 1054, 1055, 1053, 1048, 1052, 1053, 1049, 1050, 1051, 1055, 1054, 1048, 1050, 1054, 1052, 1049, 1053, 1055, 1051, 1056, 1057, 1059, 1058, 1060, 1062, 1063, 1061, 1056, 1060, 1061, 1057, 1058, 1059, 1063, 1062, 1056, 1058, 1062, 1060, 1057, 1061, 1063, 1059, 1064, 1065, 1067, 1066, 1068, 1070, 1071, 1069, 1064, 1068, 1069, 1065, 1066, 1067, 1071, 1070, 1064, 1066, 1070, 1068, 1065, 1069, 1071, 1067, 1072, 1073, 1075, 1074, 1076, 1078, 1079, 1077, 1072, 1076, 1077, 1073, 1074, 1075, 1079, 1078, 1072, 1074, 1078, 1076, 1073, 1077, 1079, 1075, 1080, 1081, 1083, 1082, 1084, 1086, 1087, 1085, 1080, 1084, 1085, 1081, 1082, 1083, 1087, 1086, 1080, 1082, 1086, 1084, 1081, 1085, 1087, 1083, 1088, 1089, 1091, 1090, 1092, 1094, 1095, 1093, 1088, 1092, 1093, 1089, 1090, 1091, 1095, 1094, 1088, 1090, 1094, 1092, 1089, 1093, 1095, 1091, 1096, 1097, 1099, 1098, 1100, 1102, 1103, 1101, 1096, 1100, 1101, 1097, 1098, 1099, 1103, 1102, 1096, 1098, 1102, 1100, 1097, 1101, 1103, 1099, 1104, 1105, 1107, 1106, 1108, 1110, 1111, 1109, 1104, 1108, 1109, 1105, 1106, 1107, 1111, 1110, 1104, 1106, 1110, 1108, 1105, 1109, 1111, 1107, 1112, 1113, 1115, 1114, 1116, 1118, 1119, 1117, 1112, 1116, 1117, 1113, 1114, 1115, 1119, 1118, 1112, 1114, 1118, 1116, 1113, 1117, 1119, 1115, 1120, 1121, 1123, 1122, 1124, 1126, 1127, 1125, 1120, 1124, 1125, 1121, 1122, 1123, 1127, 1126, 1120, 1122, 1126, 1124, 1121, 1125, 1127, 1123, 1128, 1129, 1131, 1130, 1132, 1134, 1135, 1133, 1128, 1132, 1133, 1129, 1130, 1131, 1135, 1134, 1128, 1130, 1134, 1132, 1129, 1133, 1135, 1131, 1136, 1137, 1139, 1138, 1140, 1142, 1143, 1141, 1136, 1140, 1141, 1137, 1138, 1139, 1143, 1142, 1136, 1138, 1142, 1140, 1137, 1141, 1143, 1139, 1144, 1145, 1147, 1146, 1148, 1150, 1151, 1149, 1144, 1148, 1149, 1145, 1146, 1147, 1151, 1150, 1144, 1146, 1150, 1148, 1145, 1149, 1151, 1147, 1152, 1153, 1155, 1154, 1156, 1158, 1159, 1157, 1152, 1156, 1157, 1153, 1154, 1155, 1159, 1158, 1152, 1154, 1158, 1156, 1153, 1157, 1159, 1155, 1160, 1161, 1163, 1162, 1164, 1166, 1167, 1165, 1160, 1164, 1165, 1161, 1162, 1163, 1167, 1166, 1160, 1162, 1166, 1164, 1161, 1165, 1167, 1163, 1168, 1169, 1171, 1170, 1172, 1174, 1175, 1173, 1168, 1172, 1173, 1169, 1170, 1171, 1175, 1174, 1168, 1170, 1174, 1172, 1169, 1173, 1175, 1171, 1176, 1177, 1179, 1178, 1180, 1182, 1183, 1181, 1176, 1180, 1181, 1177, 1178, 1179, 1183, 1182, 1176, 1178, 1182, 1180, 1177, 1181, 1183, 1179, 1184, 1185, 1187, 1186, 1188, 1190, 1191, 1189, 1184, 1188, 1189, 1185, 1186, 1187, 1191, 1190, 1184, 1186, 1190, 1188, 1185, 1189, 1191, 1187, 1192, 1193, 1195, 1194, 1196, 1198, 1199, 1197, 1192, 1196, 1197, 1193, 1194, 1195, 1199, 1198, 1192, 1194, 1198, 1196, 1193, 1197, 1199, 1195, 1200, 1201, 1203, 1202, 1204, 1206, 1207, 1205, 1200, 1204, 1205, 1201, 1202, 1203, 1207, 1206, 1200, 1202, 1206, 1204, 1201, 1205, 1207, 1203, 1208, 1209, 1211, 1210, 1212, 1214, 1215, 1213, 1208, 1212, 1213, 1209, 1210, 1211, 1215, 1214, 1208, 1210, 1214, 1212, 1209, 1213, 1215, 1211, 1216, 1217, 1219, 1218, 1220, 1222, 1223, 1221, 1216, 1220, 1221, 1217, 1218, 1219, 1223, 1222, 1216, 1218, 1222, 1220, 1217, 1221, 1223, 1219, 1224, 1225, 1227, 1226, 1228, 1230, 1231, 1229, 1224, 1228, 1229, 1225, 1226, 1227, 1231, 1230, 1224, 1226, 1230, 1228, 1225, 1229, 1231, 1227, 1232, 1233, 1235, 1234, 1236, 1238, 1239, 1237, 1232, 1236, 1237, 1233, 1234, 1235, 1239, 1238, 1232, 1234, 1238, 1236, 1233, 1237, 1239, 1235, 1240, 1241, 1243, 1242, 1244, 1246, 1247, 1245, 1240, 1244, 1245, 1241, 1242, 1243, 1247, 1246, 1240, 1242, 1246, 1244, 1241, 1245, 1247, 1243, 1248, 1249, 1251, 1250, 1252, 1254, 1255, 1253, 1248, 1252, 1253, 1249, 1250, 1251, 1255, 1254, 1248, 1250, 1254, 1252, 1249, 1253, 1255, 1251, 1256, 1257, 1259, 1258, 1260, 1262, 1263, 1261, 1256, 1260, 1261, 1257, 1258, 1259, 1263, 1262, 1256, 1258, 1262, 1260, 1257, 1261, 1263, 1259, 1264, 1265, 1267, 1266, 1268, 1270, 1271, 1269, 1264, 1268, 1269, 1265, 1266, 1267, 1271, 1270, 1264, 1266, 1270, 1268, 1265, 1269, 1271, 1267, 1272, 1273, 1275, 1274, 1276, 1278, 1279, 1277, 1272, 1276, 1277, 1273, 1274, 1275, 1279, 1278, 1272, 1274, 1278, 1276, 1273, 1277, 1279, 1275, 1280, 1281, 1283, 1282, 1284, 1286, 1287, 1285, 1280, 1284, 1285, 1281, 1282, 1283, 1287, 1286, 1280, 1282, 1286, 1284, 1281, 1285, 1287, 1283, 1288, 1289, 1291, 1290, 1292, 1294, 1295, 1293, 1288, 1292, 1293, 1289, 1290, 1291, 1295, 1294, 1288, 1290, 1294, 1292, 1289, 1293, 1295, 1291, 1296, 1297, 1299, 1298, 1300, 1302, 1303, 1301, 1296, 1300, 1301, 1297, 1298, 1299, 1303, 1302, 1296, 1298, 1302, 1300, 1297, 1301, 1303, 1299, 1304, 1305, 1307, 1306, 1308, 1310, 1311, 1309, 1304, 1308, 1309, 1305, 1306, 1307, 1311, 1310, 1304, 1306, 1310, 1308, 1305, 1309, 1311, 1307, 1312, 1313, 1315, 1314, 1316, 1318, 1319, 1317, 1312, 1316, 1317, 1313, 1314, 1315, 1319, 1318, 1312, 1314, 1318, 1316, 1313, 1317, 1319, 1315, 1320, 1321, 1323, 1322, 1324, 1326, 1327, 1325, 1320, 1324, 1325, 1321, 1322, 1323, 1327, 1326, 1320, 1322, 1326, 1324, 1321, 1325, 1327, 1323, 1328, 1329, 1331, 1330, 1332, 1334, 1335, 1333, 1328, 1332, 1333, 1329, 1330, 1331, 1335, 1334, 1328, 1330, 1334, 1332, 1329, 1333, 1335, 1331, 1336, 1337, 1339, 1338, 1340, 1342, 1343, 1341, 1336, 1340, 1341, 1337, 1338, 1339, 1343, 1342, 1336, 1338, 1342, 1340, 1337, 1341, 1343, 1339, 1344, 1345, 1347, 1346, 1348, 1350, 1351, 1349, 1344, 1348, 1349, 1345, 1346, 1347, 1351, 1350, 1344, 1346, 1350, 1348, 1345, 1349, 1351, 1347, 1352, 1353, 1355, 1354, 1356, 1358, 1359, 1357, 1352, 1356, 1357, 1353, 1354, 1355, 1359, 1358, 1352, 1354, 1358, 1356, 1353, 1357, 1359, 1355, 1360, 1361, 1363, 1362, 1364, 1366, 1367, 1365, 1360, 1364, 1365, 1361, 1362, 1363, 1367, 1366, 1360, 1362, 1366, 1364, 1361, 1365, 1367, 1363, 1368, 1369, 1371, 1370, 1372, 1374, 1375, 1373, 1368, 1372, 1373, 1369, 1370, 1371, 1375, 1374, 1368, 1370, 1374, 1372, 1369, 1373, 1375, 1371, 1376, 1377, 1379, 1378, 1380, 1382, 1383, 1381, 1376, 1380, 1381, 1377, 1378, 1379, 1383, 1382, 1376, 1378, 1382, 1380, 1377, 1381, 1383, 1379, 1384, 1385, 1387, 1386, 1388, 1390, 1391, 1389, 1384, 1388, 1389, 1385, 1386, 1387, 1391, 1390, 1384, 1386, 1390, 1388, 1385, 1389, 1391, 1387, 1392, 1393, 1395, 1394, 1396, 1398, 1399, 1397, 1392, 1396, 1397, 1393, 1394, 1395, 1399, 1398, 1392, 1394, 1398, 1396, 1393, 1397, 1399, 1395, 1400, 1401, 1403, 1402, 1404, 1406, 1407, 1405, 1400, 1404, 1405, 1401, 1402, 1403, 1407, 1406, 1400, 1402, 1406, 1404, 1401, 1405, 1407, 1403, 1408, 1409, 1411, 1410, 1412, 1414, 1415, 1413, 1408, 1412, 1413, 1409, 1410, 1411, 1415, 1414, 1408, 1410, 1414, 1412, 1409, 1413, 1415, 1411, 1416, 1417, 1419, 1418, 1420, 1422, 1423, 1421, 1416, 1420, 1421, 1417, 1418, 1419, 1423, 1422, 1416, 1418, 1422, 1420, 1417, 1421, 1423, 1419, 1424, 1425, 1427, 1426, 1428, 1430, 1431, 1429, 1424, 1428, 1429, 1425, 1426, 1427, 1431, 1430, 1424, 1426, 1430, 1428, 1425, 1429, 1431, 1427, 1432, 1433, 1435, 1434, 1436, 1438, 1439, 1437, 1432, 1436, 1437, 1433, 1434, 1435, 1439, 1438, 1432, 1434, 1438, 1436, 1433, 1437, 1439, 1435]
            rel material:binding = </rc_car/Looks/rubber>
            point3f[] points = [(0.036, -0.029, 0), (0.044, -0.0322, 0), (0.049, -0.031, 0), (0.0512, -0.027, 0), (0.0515, -0.01, 0), (0.0515, 0.01, 0), (0.0512, 0.027, 0), (0.049, 0.031, 0), (0.044, 0.0322, 0), (0.036, 0.029, 0), (0.03577364, -0.029, 0.0040307213), (0.043723337, -0.0322, 0.004926437), (0.0486919, -0.031, 0.0054862592), (0.050878067, -0.027, 0.005732581), (0.05117618, -0.01, 0.0057661706), (0.05117618, 0.01, 0.0057661706), (0.050878067, 0.027, 0.005732581), (0.0486919, 0.031, 0.0054862592), (0.043723337, 0.0322, 0.004926437), (0.03577364, 0.029, 0.0040307213), (0.035097405, -0.029, 0.008010753), (0.04289683, -0.0322, 0.009790921), (0.04777147, -0.031, 0.010903526), (0.04991631, -0.027, 0.011393072), (0.05020879, -0.01, 0.011459828), (0.05020879, 0.01, 0.011459828), (0.04991631, 0.027, 0.011393072), (0.04777147, 0.031, 0.010903526), (0.04289683, 0.0322, 0.009790921), (0.035097405, 0.029, 0.008010753), (0.0339798, -0.029, 0.011890046), (0.041530866, -0.0322, 0.014532278), (0.046250284, -0.031, 0.016183674), (0.048326828, -0.027, 0.016910288), (0.04860999, -0.01, 0.017009372), (0.04860999, 0.01, 0.017009372), (0.048326828, 0.027, 0.016910288), (0.046250284, 0.031, 0.016183674), (0.041530866, 0.0322, 0.014532278), (0.0339798, 0.029, 0.011890046), (0.03243488, -0.029, 0.015619814), (0.039642632, -0.0322, 0.019090885), (0.044147473, -0.031, 0.021260303), (0.046129607, -0.027, 0.022214847), (0.046399895, -0.01, 0.022345012), (0.046399895, 0.01, 0.022345012), (0.046129607, 0.027, 0.022214847), (0.044147473, 0.031, 0.021260303), (0.039642632, 0.0322, 0.019090885), (0.03243488, 0.029, 0.015619814), (0.03048207, -0.029, 0.019153155), (0.037255865, -0.0322, 0.023409411), (0.041489486, -0.031, 0.026069572), (0.04335228, -0.027, 0.027240042), (0.043606296, -0.01, 0.027399652), (0.043606296, 0.01, 0.027399652), (0.04335228, 0.027, 0.027240042), (0.041489486, 0.031, 0.026069572), (0.037255865, 0.0322, 0.023409411), (0.03048207, 0.029, 0.019153155), (0.028145934, -0.029, 0.022445632), (0.034400586, -0.0322, 0.027433552), (0.03830974, -0.031, 0.030551), (0.04002977, -0.027, 0.03192268), (0.04026432, -0.01, 0.032109726), (0.04026432, 0.01, 0.032109726), (0.04002977, 0.027, 0.03192268), (0.03830974, 0.031, 0.030551), (0.034400586, 0.0322, 0.027433552), (0.028145934, 0.029, 0.022445632), (0.025455844, -0.029, 0.025455844), (0.031112699, -0.0322, 0.031112699), (0.034648232, -0.031, 0.034648232), (0.03620387, -0.027, 0.03620387), (0.036415998, -0.01, 0.036415998), (0.036415998, 0.01, 0.036415998), (0.03620387, 0.027, 0.03620387), (0.034648232, 0.031, 0.034648232), (0.031112699, 0.0322, 0.031112699), (0.025455844, 0.029, 0.025455844), (0.022445632, -0.029, 0.028145934), (0.027433552, -0.0322, 0.034400586), (0.030551, -0.031, 0.03830974), (0.03192268, -0.027, 0.04002977), (0.032109726, -0.01, 0.04026432), (0.032109726, 0.01, 0.04026432), (0.03192268, 0.027, 0.04002977), (0.030551, 0.031, 0.03830974), (0.027433552, 0.0322, 0.034400586), (0.022445632, 0.029, 0.028145934), (0.019153155, -0.029, 0.03048207), (0.023409411, -0.0322, 0.037255865), (0.026069572, -0.031, 0.041489486), (0.027240042, -0.027, 0.04335228), (0.027399652, -0.01, 0.043606296), (0.027399652, 0.01, 0.043606296), (0.027240042, 0.027, 0.04335228), (0.026069572, 0.031, 0.041489486), (0.023409411, 0.0322, 0.037255865), (0.019153155, 0.029, 0.03048207), (0.015619814, -0.029, 0.03243488), (0.019090885, -0.0322, 0.039642632), (0.021260303, -0.031, 0.044147473), (0.022214847, -0.027, 0.046129607), (0.022345012, -0.01, 0.046399895), (0.022345012, 0.01, 0.046399895), (0.022214847, 0.027, 0.046129607), (0.021260303, 0.031, 0.044147473), (0.019090885, 0.0322, 0.039642632), (0.015619814, 0.029, 0.03243488), (0.011890046, -0.029, 0.0339798), (0.014532278, -0.0322, 0.041530866), (0.016183674, -0.031, 0.046250284), (0.016910288, -0.027, 0.048326828), (0.017009372, -0.01, 0.04860999), (0.017009372, 0.01, 0.04860999), (0.016910288, 0.027, 0.048326828), (0.016183674, 0.031, 0.046250284), (0.014532278, 0.0322, 0.041530866), (0.011890046, 0.029, 0.0339798), (0.008010753, -0.029, 0.035097405), (0.009790921, -0.0322, 0.04289683), (0.010903526, -0.031, 0.04777147), (0.011393072, -0.027, 0.04991631), (0.011459828, -0.01, 0.05020879), (0.011459828, 0.01, 0.05020879), (0.011393072, 0.027, 0.04991631), (0.010903526, 0.031, 0.04777147), (0.009790921, 0.0322, 0.04289683), (0.008010753, 0.029, 0.035097405), (0.0040307213, -0.029, 0.03577364), (0.004926437, -0.0322, 0.043723337), (0.0054862592, -0.031, 0.0486919), (0.005732581, -0.027, 0.050878067), (0.0057661706, -0.01, 0.05117618), (0.0057661706, 0.01, 0.05117618), (0.005732581, 0.027, 0.050878067), (0.0054862592, 0.031, 0.0486919), (0.004926437, 0.0322, 0.043723337), (0.0040307213, 0.029, 0.03577364), (2.2043642e-18, -0.029, 0.036), (2.694223e-18, -0.0322, 0.044), (3.0003847e-18, -0.031, 0.049), (3.1350958e-18, -0.027, 0.0512), (3.1534654e-18, -0.01, 0.0515), (3.1534654e-18, 0.01, 0.0515), (3.1350958e-18, 0.027, 0.0512), (3.0003847e-18, 0.031, 0.049), (2.694223e-18, 0.0322, 0.044), (2.2043642e-18, 0.029, 0.036), (-0.0040307213, -0.029, 0.03577364), (-0.004926437, -0.0322, 0.043723337), (-0.0054862592, -0.031, 0.0486919), (-0.005732581, -0.027, 0.050878067), (-0.0057661706, -0.01, 0.05117618), (-0.0057661706, 0.01, 0.05117618), (-0.005732581, 0.027, 0.050878067), (-0.0054862592, 0.031, 0.0486919), (-0.004926437, 0.0322, 0.043723337), (-0.0040307213, 0.029, 0.03577364), (-0.008010753, -0.029, 0.035097405), (-0.009790921, -0.0322, 0.04289683), (-0.010903526, -0.031, 0.04777147), (-0.011393072, -0.027, 0.04991631), (-0.011459828, -0.01, 0.05020879), (-0.011459828, 0.01, 0.05020879), (-0.011393072, 0.027, 0.04991631), (-0.010903526, 0.031, 0.04777147), (-0.009790921, 0.0322, 0.04289683), (-0.008010753, 0.029, 0.035097405), (-0.011890046, -0.029, 0.0339798), (-0.014532278, -0.0322, 0.041530866), (-0.016183674, -0.031, 0.046250284), (-0.016910288, -0.027, 0.048326828), (-0.017009372, -0.01, 0.04860999), (-0.017009372, 0.01, 0.04860999), (-0.016910288, 0.027, 0.048326828), (-0.016183674, 0.031, 0.046250284), (-0.014532278, 0.0322, 0.041530866), (-0.011890046, 0.029, 0.0339798), (-0.015619814, -0.029, 0.03243488), (-0.019090885, -0.0322, 0.039642632), (-0.021260303, -0.031, 0.044147473), (-0.022214847, -0.027, 0.046129607), (-0.022345012, -0.01, 0.046399895), (-0.022345012, 0.01, 0.046399895), (-0.022214847, 0.027, 0.046129607), (-0.021260303, 0.031, 0.044147473), (-0.019090885, 0.0322, 0.039642632), (-0.015619814, 0.029, 0.03243488), (-0.019153155, -0.029, 0.03048207), (-0.023409411, -0.0322, 0.037255865), (-0.026069572, -0.031, 0.041489486), (-0.027240042, -0.027, 0.04335228), (-0.027399652, -0.01, 0.043606296), (-0.027399652, 0.01, 0.043606296), (-0.027240042, 0.027, 0.04335228), (-0.026069572, 0.031, 0.041489486), (-0.023409411, 0.0322, 0.037255865), (-0.019153155, 0.029, 0.03048207), (-0.022445632, -0.029, 0.028145934), (-0.027433552, -0.0322, 0.034400586), (-0.030551, -0.031, 0.03830974), (-0.03192268, -0.027, 0.04002977), (-0.032109726, -0.01, 0.04026432), (-0.032109726, 0.01, 0.04026432), (-0.03192268, 0.027, 0.04002977), (-0.030551, 0.031, 0.03830974), (-0.027433552, 0.0322, 0.034400586), (-0.022445632, 0.029, 0.028145934), (-0.025455844, -0.029, 0.025455844), (-0.031112699, -0.0322, 0.031112699), (-0.034648232, -0.031, 0.034648232), (-0.03620387, -0.027, 0.03620387), (-0.036415998, -0.01, 0.036415998), (-0.036415998, 0.01, 0.036415998), (-0.03620387, 0.027, 0.03620387), (-0.034648232, 0.031, 0.034648232), (-0.031112699, 0.0322, 0.031112699), (-0.025455844, 0.029, 0.025455844), (-0.028145934, -0.029, 0.022445632), (-0.034400586, -0.0322, 0.027433552), (-0.03830974, -0.031, 0.030551), (-0.04002977, -0.027, 0.03192268), (-0.04026432, -0.01, 0.032109726), (-0.04026432, 0.01, 0.032109726), (-0.04002977, 0.027, 0.03192268), (-0.03830974, 0.031, 0.030551), (-0.034400586, 0.0322, 0.027433552), (-0.028145934, 0.029, 0.022445632), (-0.03048207, -0.029, 0.019153155), (-0.037255865, -0.0322, 0.023409411), (-0.041489486, -0.031, 0.026069572), (-0.04335228, -0.027, 0.027240042), (-0.043606296, -0.01, 0.027399652), (-0.043606296, 0.01, 0.027399652), (-0.04335228, 0.027, 0.027240042), (-0.041489486, 0.031, 0.026069572), (-0.037255865, 0.0322, 0.023409411), (-0.03048207, 0.029, 0.019153155), (-0.03243488, -0.029, 0.015619814), (-0.039642632, -0.0322, 0.019090885), (-0.044147473, -0.031, 0.021260303), (-0.046129607, -0.027, 0.022214847), (-0.046399895, -0.01, 0.022345012), (-0.046399895, 0.01, 0.022345012), (-0.046129607, 0.027, 0.022214847), (-0.044147473, 0.031, 0.021260303), (-0.039642632, 0.0322, 0.019090885), (-0.03243488, 0.029, 0.015619814), (-0.0339798, -0.029, 0.011890046), (-0.041530866, -0.0322, 0.014532278), (-0.046250284, -0.031, 0.016183674), (-0.048326828, -0.027, 0.016910288), (-0.04860999, -0.01, 0.017009372), (-0.04860999, 0.01, 0.017009372), (-0.048326828, 0.027, 0.016910288), (-0.046250284, 0.031, 0.016183674), (-0.041530866, 0.0322, 0.014532278), (-0.0339798, 0.029, 0.011890046), (-0.035097405, -0.029, 0.008010753), (-0.04289683, -0.0322, 0.009790921), (-0.04777147, -0.031, 0.010903526), (-0.04991631, -0.027, 0.011393072), (-0.05020879, -0.01, 0.011459828), (-0.05020879, 0.01, 0.011459828), (-0.04991631, 0.027, 0.011393072), (-0.04777147, 0.031, 0.010903526), (-0.04289683, 0.0322, 0.009790921), (-0.035097405, 0.029, 0.008010753), (-0.03577364, -0.029, 0.0040307213), (-0.043723337, -0.0322, 0.004926437), (-0.0486919, -0.031, 0.0054862592), (-0.050878067, -0.027, 0.005732581), (-0.05117618, -0.01, 0.0057661706), (-0.05117618, 0.01, 0.0057661706), (-0.050878067, 0.027, 0.005732581), (-0.0486919, 0.031, 0.0054862592), (-0.043723337, 0.0322, 0.004926437), (-0.03577364, 0.029, 0.0040307213), (-0.036, -0.029, 4.4087283e-18), (-0.044, -0.0322, 5.388446e-18), (-0.049, -0.031, 6.0007693e-18), (-0.0512, -0.027, 6.2701916e-18), (-0.0515, -0.01, 6.306931e-18), (-0.0515, 0.01, 6.306931e-18), (-0.0512, 0.027, 6.2701916e-18), (-0.049, 0.031, 6.0007693e-18), (-0.044, 0.0322, 5.388446e-18), (-0.036, 0.029, 4.4087283e-18), (-0.03577364, -0.029, -0.0040307213), (-0.043723337, -0.0322, -0.004926437), (-0.0486919, -0.031, -0.0054862592), (-0.050878067, -0.027, -0.005732581), (-0.05117618, -0.01, -0.0057661706), (-0.05117618, 0.01, -0.0057661706), (-0.050878067, 0.027, -0.005732581), (-0.0486919, 0.031, -0.0054862592), (-0.043723337, 0.0322, -0.004926437), (-0.03577364, 0.029, -0.0040307213), (-0.035097405, -0.029, -0.008010753), (-0.04289683, -0.0322, -0.009790921), (-0.04777147, -0.031, -0.010903526), (-0.04991631, -0.027, -0.011393072), (-0.05020879, -0.01, -0.011459828), (-0.05020879, 0.01, -0.011459828), (-0.04991631, 0.027, -0.011393072), (-0.04777147, 0.031, -0.010903526), (-0.04289683, 0.0322, -0.009790921), (-0.035097405, 0.029, -0.008010753), (-0.0339798, -0.029, -0.011890046), (-0.041530866, -0.0322, -0.014532278), (-0.046250284, -0.031, -0.016183674), (-0.048326828, -0.027, -0.016910288), (-0.04860999, -0.01, -0.017009372), (-0.04860999, 0.01, -0.017009372), (-0.048326828, 0.027, -0.016910288), (-0.046250284, 0.031, -0.016183674), (-0.041530866, 0.0322, -0.014532278), (-0.0339798, 0.029, -0.011890046), (-0.03243488, -0.029, -0.015619814), (-0.039642632, -0.0322, -0.019090885), (-0.044147473, -0.031, -0.021260303), (-0.046129607, -0.027, -0.022214847), (-0.046399895, -0.01, -0.022345012), (-0.046399895, 0.01, -0.022345012), (-0.046129607, 0.027, -0.022214847), (-0.044147473, 0.031, -0.021260303), (-0.039642632, 0.0322, -0.019090885), (-0.03243488, 0.029, -0.015619814), (-0.03048207, -0.029, -0.019153155), (-0.037255865, -0.0322, -0.023409411), (-0.041489486, -0.031, -0.026069572), (-0.04335228, -0.027, -0.027240042), (-0.043606296, -0.01, -0.027399652), (-0.043606296, 0.01, -0.027399652), (-0.04335228, 0.027, -0.027240042), (-0.041489486, 0.031, -0.026069572), (-0.037255865, 0.0322, -0.023409411), (-0.03048207, 0.029, -0.019153155), (-0.028145934, -0.029, -0.022445632), (-0.034400586, -0.0322, -0.027433552), (-0.03830974, -0.031, -0.030551), (-0.04002977, -0.027, -0.03192268), (-0.04026432, -0.01, -0.032109726), (-0.04026432, 0.01, -0.032109726), (-0.04002977, 0.027, -0.03192268), (-0.03830974, 0.031, -0.030551), (-0.034400586, 0.0322, -0.027433552), (-0.028145934, 0.029, -0.022445632), (-0.025455844, -0.029, -0.025455844), (-0.031112699, -0.0322, -0.031112699), (-0.034648232, -0.031, -0.034648232), (-0.03620387, -0.027, -0.03620387), (-0.036415998, -0.01, -0.036415998), (-0.036415998, 0.01, -0.036415998), (-0.03620387, 0.027, -0.03620387), (-0.034648232, 0.031, -0.034648232), (-0.031112699, 0.0322, -0.031112699), (-0.025455844, 0.029, -0.025455844), (-0.022445632, -0.029, -0.028145934), (-0.027433552, -0.0322, -0.034400586), (-0.030551, -0.031, -0.03830974), (-0.03192268, -0.027, -0.04002977), (-0.032109726, -0.01, -0.04026432), (-0.032109726, 0.01, -0.04026432), (-0.03192268, 0.027, -0.04002977), (-0.030551, 0.031, -0.03830974), (-0.027433552, 0.0322, -0.034400586), (-0.022445632, 0.029, -0.028145934), (-0.019153155, -0.029, -0.03048207), (-0.023409411, -0.0322, -0.037255865), (-0.026069572, -0.031, -0.041489486), (-0.027240042, -0.027, -0.04335228), (-0.027399652, -0.01, -0.043606296), (-0.027399652, 0.01, -0.043606296), (-0.027240042, 0.027, -0.04335228), (-0.026069572, 0.031, -0.041489486), (-0.023409411, 0.0322, -0.037255865), (-0.019153155, 0.029, -0.03048207), (-0.015619814, -0.029, -0.03243488), (-0.019090885, -0.0322, -0.039642632), (-0.021260303, -0.031, -0.044147473), (-0.022214847, -0.027, -0.046129607), (-0.022345012, -0.01, -0.046399895), (-0.022345012, 0.01, -0.046399895), (-0.022214847, 0.027, -0.046129607), (-0.021260303, 0.031, -0.044147473), (-0.019090885, 0.0322, -0.039642632), (-0.015619814, 0.029, -0.03243488), (-0.011890046, -0.029, -0.0339798), (-0.014532278, -0.0322, -0.041530866), (-0.016183674, -0.031, -0.046250284), (-0.016910288, -0.027, -0.048326828), (-0.017009372, -0.01, -0.04860999), (-0.017009372, 0.01, -0.04860999), (-0.016910288, 0.027, -0.048326828), (-0.016183674, 0.031, -0.046250284), (-0.014532278, 0.0322, -0.041530866), (-0.011890046, 0.029, -0.0339798), (-0.008010753, -0.029, -0.035097405), (-0.009790921, -0.0322, -0.04289683), (-0.010903526, -0.031, -0.04777147), (-0.011393072, -0.027, -0.04991631), (-0.011459828, -0.01, -0.05020879), (-0.011459828, 0.01, -0.05020879), (-0.011393072, 0.027, -0.04991631), (-0.010903526, 0.031, -0.04777147), (-0.009790921, 0.0322, -0.04289683), (-0.008010753, 0.029, -0.035097405), (-0.0040307213, -0.029, -0.03577364), (-0.004926437, -0.0322, -0.043723337), (-0.0054862592, -0.031, -0.0486919), (-0.005732581, -0.027, -0.050878067), (-0.0057661706, -0.01, -0.05117618), (-0.0057661706, 0.01, -0.05117618), (-0.005732581, 0.027, -0.050878067), (-0.0054862592, 0.031, -0.0486919), (-0.004926437, 0.0322, -0.043723337), (-0.0040307213, 0.029, -0.03577364), (-6.6130927e-18, -0.029, -0.036), (-8.082669e-18, -0.0322, -0.044), (-9.001154e-18, -0.031, -0.049), (-9.4052876e-18, -0.027, -0.0512), (-9.460397e-18, -0.01, -0.0515), (-9.460397e-18, 0.01, -0.0515), (-9.4052876e-18, 0.027, -0.0512), (-9.001154e-18, 0.031, -0.049), (-8.082669e-18, 0.0322, -0.044), (-6.6130927e-18, 0.029, -0.036), (0.0040307213, -0.029, -0.03577364), (0.004926437, -0.0322, -0.043723337), (0.0054862592, -0.031, -0.0486919), (0.005732581, -0.027, -0.050878067), (0.0057661706, -0.01, -0.05117618), (0.0057661706, 0.01, -0.05117618), (0.005732581, 0.027, -0.050878067), (0.0054862592, 0.031, -0.0486919), (0.004926437, 0.0322, -0.043723337), (0.0040307213, 0.029, -0.03577364), (0.008010753, -0.029, -0.035097405), (0.009790921, -0.0322, -0.04289683), (0.010903526, -0.031, -0.04777147), (0.011393072, -0.027, -0.04991631), (0.011459828, -0.01, -0.05020879), (0.011459828, 0.01, -0.05020879), (0.011393072, 0.027, -0.04991631), (0.010903526, 0.031, -0.04777147), (0.009790921, 0.0322, -0.04289683), (0.008010753, 0.029, -0.035097405), (0.011890046, -0.029, -0.0339798), (0.014532278, -0.0322, -0.041530866), (0.016183674, -0.031, -0.046250284), (0.016910288, -0.027, -0.048326828), (0.017009372, -0.01, -0.04860999), (0.017009372, 0.01, -0.04860999), (0.016910288, 0.027, -0.048326828), (0.016183674, 0.031, -0.046250284), (0.014532278, 0.0322, -0.041530866), (0.011890046, 0.029, -0.0339798), (0.015619814, -0.029, -0.03243488), (0.019090885, -0.0322, -0.039642632), (0.021260303, -0.031, -0.044147473), (0.022214847, -0.027, -0.046129607), (0.022345012, -0.01, -0.046399895), (0.022345012, 0.01, -0.046399895), (0.022214847, 0.027, -0.046129607), (0.021260303, 0.031, -0.044147473), (0.019090885, 0.0322, -0.039642632), (0.015619814, 0.029, -0.03243488), (0.019153155, -0.029, -0.03048207), (0.023409411, -0.0322, -0.037255865), (0.026069572, -0.031, -0.041489486), (0.027240042, -0.027, -0.04335228), (0.027399652, -0.01, -0.043606296), (0.027399652, 0.01, -0.043606296), (0.027240042, 0.027, -0.04335228), (0.026069572, 0.031, -0.041489486), (0.023409411, 0.0322, -0.037255865), (0.019153155, 0.029, -0.03048207), (0.022445632, -0.029, -0.028145934), (0.027433552, -0.0322, -0.034400586), (0.030551, -0.031, -0.03830974), (0.03192268, -0.027, -0.04002977), (0.032109726, -0.01, -0.04026432), (0.032109726, 0.01, -0.04026432), (0.03192268, 0.027, -0.04002977), (0.030551, 0.031, -0.03830974), (0.027433552, 0.0322, -0.034400586), (0.022445632, 0.029, -0.028145934), (0.025455844, -0.029, -0.025455844), (0.031112699, -0.0322, -0.031112699), (0.034648232, -0.031, -0.034648232), (0.03620387, -0.027, -0.03620387), (0.036415998, -0.01, -0.036415998), (0.036415998, 0.01, -0.036415998), (0.03620387, 0.027, -0.03620387), (0.034648232, 0.031, -0.034648232), (0.031112699, 0.0322, -0.031112699), (0.025455844, 0.029, -0.025455844), (0.028145934, -0.029, -0.022445632), (0.034400586, -0.0322, -0.027433552), (0.03830974, -0.031, -0.030551), (0.04002977, -0.027, -0.03192268), (0.04026432, -0.01, -0.032109726), (0.04026432, 0.01, -0.032109726), (0.04002977, 0.027, -0.03192268), (0.03830974, 0.031, -0.030551), (0.034400586, 0.0322, -0.027433552), (0.028145934, 0.029, -0.022445632), (0.03048207, -0.029, -0.019153155), (0.037255865, -0.0322, -0.023409411), (0.041489486, -0.031, -0.026069572), (0.04335228, -0.027, -0.027240042), (0.043606296, -0.01, -0.027399652), (0.043606296, 0.01, -0.027399652), (0.04335228, 0.027, -0.027240042), (0.041489486, 0.031, -0.026069572), (0.037255865, 0.0322, -0.023409411), (0.03048207, 0.029, -0.019153155), (0.03243488, -0.029, -0.015619814), (0.039642632, -0.0322, -0.019090885), (0.044147473, -0.031, -0.021260303), (0.046129607, -0.027, -0.022214847), (0.046399895, -0.01, -0.022345012), (0.046399895, 0.01, -0.022345012), (0.046129607, 0.027, -0.022214847), (0.044147473, 0.031, -0.021260303), (0.039642632, 0.0322, -0.019090885), (0.03243488, 0.029, -0.015619814), (0.0339798, -0.029, -0.011890046), (0.041530866, -0.0322, -0.014532278), (0.046250284, -0.031, -0.016183674), (0.048326828, -0.027, -0.016910288), (0.04860999, -0.01, -0.017009372), (0.04860999, 0.01, -0.017009372), (0.048326828, 0.027, -0.016910288), (0.046250284, 0.031, -0.016183674), (0.041530866, 0.0322, -0.014532278), (0.0339798, 0.029, -0.011890046), (0.035097405, -0.029, -0.008010753), (0.04289683, -0.0322, -0.009790921), (0.04777147, -0.031, -0.010903526), (0.04991631, -0.027, -0.011393072), (0.05020879, -0.01, -0.011459828), (0.05020879, 0.01, -0.011459828), (0.04991631, 0.027, -0.011393072), (0.04777147, 0.031, -0.010903526), (0.04289683, 0.0322, -0.009790921), (0.035097405, 0.029, -0.008010753), (0.03577364, -0.029, -0.0040307213), (0.043723337, -0.0322, -0.004926437), (0.0486919, -0.031, -0.0054862592), (0.050878067, -0.027, -0.005732581), (0.05117618, -0.01, -0.0057661706), (0.05117618, 0.01, -0.0057661706), (0.050878067, 0.027, -0.005732581), (0.0486919, 0.031, -0.0054862592), (0.043723337, 0.0322, -0.004926437), (0.03577364, 0.029, -0.0040307213), (0.050913677, -0.03, -0.0055009373), (0.051144686, -0.03, 0.0025853647), (0.050913677, -0.0225, -0.0055009373), (0.051144686, -0.0225, 0.0025853647), (0.05541184, -0.03, -0.00562944), (0.05564285, -0.03, 0.0024568625), (0.05541184, -0.0225, -0.00562944), (0.05564285, -0.0225, 0.0024568625), (0.051176388, -0.0205, -0.0018547815), (0.050829936, -0.0205, 0.0062273974), (0.051176388, -0.013, -0.0018547815), (0.050829936, -0.013, 0.0062273974), (0.05567226, -0.0205, -0.0016620609), (0.055325806, -0.0205, 0.0064201183), (0.05567226, -0.013, -0.0016620609), (0.055325806, -0.013, 0.0064201183), (0.05040111, -0.03, 0.00906593), (0.048344586, -0.03, 0.016889762), (0.05040111, -0.0225, 0.00906593), (0.048344586, -0.0225, 0.016889762), (0.05475327, -0.03, 0.010209912), (0.052696746, -0.03, 0.018033745), (0.05475327, -0.0225, 0.010209912), (0.052696746, -0.0225, 0.018033745), (0.049625937, -0.0205, 0.012638405), (0.047016505, -0.0205, 0.020295592), (0.049625937, -0.013, 0.012638405), (0.047016505, -0.013, 0.020295592), (0.053885397, -0.0205, 0.014089952), (0.05127597, -0.0205, 0.02174714), (0.053885397, -0.013, 0.014089952), (0.05127597, -0.013, 0.02174714), (0.045805342, -0.03, 0.02289833), (0.041627895, -0.03, 0.029825851), (0.045805342, -0.0225, 0.02289833), (0.041627895, -0.0225, 0.029825851), (0.049658913, -0.03, 0.025222117), (0.045481466, -0.03, 0.03214964), (0.049658913, -0.0225, 0.025222117), (0.045481466, -0.0225, 0.03214964), (0.04405509, -0.0205, 0.026107702), (0.039394077, -0.0205, 0.03271956), (0.04405509, -0.013, 0.026107702), (0.039394077, -0.013, 0.03271956), (0.04773306, -0.0205, 0.028700482), (0.043072052, -0.0205, 0.035312336), (0.04773306, -0.013, 0.028700482), (0.043072052, -0.013, 0.035312336), (0.0374987, -0.03, 0.034875643), (0.03153876, -0.03, 0.040345628), (0.0374987, -0.0225, 0.034875643), (0.03153876, -0.0225, 0.040345628), (0.040541485, -0.03, 0.038190976), (0.034581546, -0.03, 0.04366096), (0.040541485, -0.0225, 0.038190976), (0.034581546, -0.0225, 0.04366096), (0.034915157, -0.0205, 0.03746191), (0.028580176, -0.0205, 0.04249278), (0.034915157, -0.013, 0.03746191), (0.028580176, -0.013, 0.04249278), (0.037713677, -0.0205, 0.040985867), (0.031378698, -0.0205, 0.046016738), (0.037713677, -0.013, 0.040985867), (0.031378698, -0.013, 0.046016738), (0.026154134, -0.03, 0.044027537), (0.01889454, -0.03, 0.047596842), (0.026154134, -0.0225, 0.044027537), (0.01889454, -0.0225, 0.047596842), (0.02813963, -0.03, 0.04806583), (0.020880034, -0.03, 0.051635135), (0.02813963, -0.0225, 0.04806583), (0.020880034, -0.0225, 0.051635135), (0.02294661, -0.0205, 0.045781177), (0.015450879, -0.0205, 0.04882349), (0.02294661, -0.013, 0.045781177), (0.015450879, -0.013, 0.04882349), (0.024638956, -0.0205, 0.049950823), (0.017143227, -0.0205, 0.052993137), (0.024638956, -0.013, 0.049950823), (0.017143227, -0.013, 0.052993137), (0.012690717, -0.03, 0.049612585), (0.004719598, -0.03, 0.05099204), (0.012690717, -0.0225, 0.049612585), (0.004719598, -0.0225, 0.05099204), (0.013458068, -0.03, 0.054046676), (0.005486948, -0.03, 0.055426136), (0.013458068, -0.0225, 0.054046676), (0.005486948, -0.0225, 0.055426136), (0.009119062, -0.0205, 0.050391525), (0.0010698426, -0.0205, 0.05119881), (0.009119062, -0.013, 0.050391525), (0.0010698426, -0.013, 0.05119881), (0.009568132, -0.0205, 0.05486906), (0.0015189128, -0.0205, 0.05567635), (0.009568132, -0.013, 0.05486906), (0.0015189128, -0.013, 0.05567635), (-0.001800826, -0.03, 0.051178314), (-0.009837697, -0.03, 0.05025617), (-0.001800826, -0.0225, 0.051178314), (-0.009837697, -0.0225, 0.05025617), (-0.0023137874, -0.03, 0.055648983), (-0.010350659, -0.03, 0.05472684), (-0.0023137874, -0.0225, 0.055648983), (-0.010350659, -0.0225, 0.05472684), (-0.005447257, -0.0205, 0.05091945), (-0.013397866, -0.0205, 0.04942631), (-0.005447257, -0.013, 0.05091945), (-0.013397866, -0.013, 0.04942631), (-0.0062778452, -0.0205, 0.05534213), (-0.014228454, -0.0205, 0.053848993), (-0.0062778452, -0.013, 0.05534213), (-0.014228454, -0.013, 0.053848993), (-0.016146477, -0.03, 0.048597883), (-0.023598, -0.03, 0.045448843), (-0.016146477, -0.0225, 0.048597883), (-0.023598, -0.0225, 0.045448843), (-0.017898193, -0.03, 0.05274294), (-0.025349716, -0.03, 0.0495939), (-0.017898193, -0.0225, 0.05274294), (-0.025349716, -0.0225, 0.0495939), (-0.019572271, -0.0205, 0.047322184), (-0.026780158, -0.0205, 0.04364958), (-0.019572271, -0.013, 0.047322184), (-0.026780158, -0.013, 0.04364958), (-0.021615228, -0.0205, 0.051331714), (-0.028823117, -0.0205, 0.04765911), (-0.021615228, -0.013, 0.051331714), (-0.028823117, -0.013, 0.04765911), (-0.029184038, -0.03, 0.04208034), (-0.035446536, -0.03, 0.03695952), (-0.029184038, -0.0225, 0.04208034), (-0.035446536, -0.0225, 0.03695952), (-0.032032594, -0.03, 0.045563977), (-0.03829509, -0.03, 0.040443156), (-0.032032594, -0.0225, 0.045563977), (-0.03829509, -0.0225, 0.040443156), (-0.032111656, -0.0205, 0.039891157), (-0.037992883, -0.0205, 0.034336627), (-0.032111656, -0.013, 0.039891157), (-0.037992883, -0.013, 0.034336627), (-0.035201475, -0.0205, 0.043162704), (-0.0410827, -0.0205, 0.037608173), (-0.035201475, -0.013, 0.043162704), (-0.0410827, -0.013, 0.037608173), (-0.03985728, -0.03, 0.032153696), (-0.0444234, -0.03, 0.025475956), (-0.03985728, -0.0225, 0.032153696), (-0.0444234, -0.0225, 0.025475956), (-0.043571904, -0.03, 0.03469369), (-0.048138022, -0.03, 0.028015953), (-0.043571904, -0.0225, 0.03469369), (-0.048138022, -0.0225, 0.028015953), (-0.042049546, -0.0205, 0.029228386), (-0.046127647, -0.0205, 0.022241918), (-0.042049546, -0.013, 0.029228386), (-0.046127647, -0.013, 0.022241918), (-0.045935906, -0.0205, 0.031496912), (-0.050014008, -0.0205, 0.024510443), (-0.045935906, -0.013, 0.031496912), (-0.050014008, -0.013, 0.024510443), (-0.047301523, -0.03, 0.01962215), (-0.049801346, -0.03, 0.011928484), (-0.047301523, -0.0225, 0.01962215), (-0.049801346, -0.0225, 0.011928484), (-0.05158128, -0.03, 0.021012727), (-0.0540811, -0.03, 0.01331906), (-0.05158128, -0.0225, 0.021012727), (-0.0540811, -0.0225, 0.01331906), (-0.048580833, -0.0205, 0.016197704), (-0.050525427, -0.0205, 0.008345304), (-0.048580833, -0.013, 0.016197704), (-0.050525427, -0.013, 0.008345304), (-0.052948885, -0.0205, 0.017279424), (-0.05489348, -0.0205, 0.009427023), (-0.052948885, -0.013, 0.017279424), (-0.05489348, -0.013, 0.009427023), (-0.050913677, -0.03, 0.0055009373), (-0.051144686, -0.03, -0.0025853647), (-0.050913677, -0.0225, 0.0055009373), (-0.051144686, -0.0225, -0.0025853647), (-0.05541184, -0.03, 0.00562944), (-0.05564285, -0.03, -0.0024568625), (-0.05541184, -0.0225, 0.00562944), (-0.05564285, -0.0225, -0.0024568625), (-0.051176388, -0.0205, 0.0018547815), (-0.050829936, -0.0205, -0.0062273974), (-0.051176388, -0.013, 0.0018547815), (-0.050829936, -0.013, -0.0062273974), (-0.05567226, -0.0205, 0.0016620609), (-0.055325806, -0.0205, -0.0064201183), (-0.05567226, -0.013, 0.0016620609), (-0.055325806, -0.013, -0.0064201183), (-0.05040111, -0.03, -0.00906593), (-0.048344586, -0.03, -0.016889762), (-0.05040111, -0.0225, -0.00906593), (-0.048344586, -0.0225, -0.016889762), (-0.05475327, -0.03, -0.010209912), (-0.052696746, -0.03, -0.018033745), (-0.05475327, -0.0225, -0.010209912), (-0.052696746, -0.0225, -0.018033745), (-0.049625937, -0.0205, -0.012638405), (-0.047016505, -0.0205, -0.020295592), (-0.049625937, -0.013, -0.012638405), (-0.047016505, -0.013, -0.020295592), (-0.053885397, -0.0205, -0.014089952), (-0.05127597, -0.0205, -0.02174714), (-0.053885397, -0.013, -0.014089952), (-0.05127597, -0.013, -0.02174714), (-0.045805342, -0.03, -0.02289833), (-0.041627895, -0.03, -0.029825851), (-0.045805342, -0.0225, -0.02289833), (-0.041627895, -0.0225, -0.029825851), (-0.049658913, -0.03, -0.025222117), (-0.045481466, -0.03, -0.03214964), (-0.049658913, -0.0225, -0.025222117), (-0.045481466, -0.0225, -0.03214964), (-0.04405509, -0.0205, -0.026107702), (-0.039394077, -0.0205, -0.03271956), (-0.04405509, -0.013, -0.026107702), (-0.039394077, -0.013, -0.03271956), (-0.04773306, -0.0205, -0.028700482), (-0.043072052, -0.0205, -0.035312336), (-0.04773306, -0.013, -0.028700482), (-0.043072052, -0.013, -0.035312336), (-0.0374987, -0.03, -0.034875643), (-0.03153876, -0.03, -0.040345628), (-0.0374987, -0.0225, -0.034875643), (-0.03153876, -0.0225, -0.040345628), (-0.040541485, -0.03, -0.038190976), (-0.034581546, -0.03, -0.04366096), (-0.040541485, -0.0225, -0.038190976), (-0.034581546, -0.0225, -0.04366096), (-0.034915157, -0.0205, -0.03746191), (-0.028580176, -0.0205, -0.04249278), (-0.034915157, -0.013, -0.03746191), (-0.028580176, -0.013, -0.04249278), (-0.037713677, -0.0205, -0.040985867), (-0.031378698, -0.0205, -0.046016738), (-0.037713677, -0.013, -0.040985867), (-0.031378698, -0.013, -0.046016738), (-0.026154134, -0.03, -0.044027537), (-0.01889454, -0.03, -0.047596842), (-0.026154134, -0.0225, -0.044027537), (-0.01889454, -0.0225, -0.047596842), (-0.02813963, -0.03, -0.04806583), (-0.020880034, -0.03, -0.051635135), (-0.02813963, -0.0225, -0.04806583), (-0.020880034, -0.0225, -0.051635135), (-0.02294661, -0.0205, -0.045781177), (-0.015450879, -0.0205, -0.04882349), (-0.02294661, -0.013, -0.045781177), (-0.015450879, -0.013, -0.04882349), (-0.024638956, -0.0205, -0.049950823), (-0.017143227, -0.0205, -0.052993137), (-0.024638956, -0.013, -0.049950823), (-0.017143227, -0.013, -0.052993137), (-0.012690717, -0.03, -0.049612585), (-0.004719598, -0.03, -0.05099204), (-0.012690717, -0.0225, -0.049612585), (-0.004719598, -0.0225, -0.05099204), (-0.013458068, -0.03, -0.054046676), (-0.005486948, -0.03, -0.055426136), (-0.013458068, -0.0225, -0.054046676), (-0.005486948, -0.0225, -0.055426136), (-0.009119062, -0.0205, -0.050391525), (-0.0010698426, -0.0205, -0.05119881), (-0.009119062, -0.013, -0.050391525), (-0.0010698426, -0.013, -0.05119881), (-0.009568132, -0.0205, -0.05486906), (-0.0015189128, -0.0205, -0.05567635), (-0.009568132, -0.013, -0.05486906), (-0.0015189128, -0.013, -0.05567635), (0.001800826, -0.03, -0.051178314), (0.009837697, -0.03, -0.05025617), (0.001800826, -0.0225, -0.051178314), (0.009837697, -0.0225, -0.05025617), (0.0023137874, -0.03, -0.055648983), (0.010350659, -0.03, -0.05472684), (0.0023137874, -0.0225, -0.055648983), (0.010350659, -0.0225, -0.05472684), (0.005447257, -0.0205, -0.05091945), (0.013397866, -0.0205, -0.04942631), (0.005447257, -0.013, -0.05091945), (0.013397866, -0.013, -0.04942631), (0.0062778452, -0.0205, -0.05534213), (0.014228454, -0.0205, -0.053848993), (0.0062778452, -0.013, -0.05534213), (0.014228454, -0.013, -0.053848993), (0.016146477, -0.03, -0.048597883), (0.023598, -0.03, -0.045448843), (0.016146477, -0.0225, -0.048597883), (0.023598, -0.0225, -0.045448843), (0.017898193, -0.03, -0.05274294), (0.025349716, -0.03, -0.0495939), (0.017898193, -0.0225, -0.05274294), (0.025349716, -0.0225, -0.0495939), (0.019572271, -0.0205, -0.047322184), (0.026780158, -0.0205, -0.04364958), (0.019572271, -0.013, -0.047322184), (0.026780158, -0.013, -0.04364958), (0.021615228, -0.0205, -0.051331714), (0.028823117, -0.0205, -0.04765911), (0.021615228, -0.013, -0.051331714), (0.028823117, -0.013, -0.04765911), (0.029184038, -0.03, -0.04208034), (0.035446536, -0.03, -0.03695952), (0.029184038, -0.0225, -0.04208034), (0.035446536, -0.0225, -0.03695952), (0.032032594, -0.03, -0.045563977), (0.03829509, -0.03, -0.040443156), (0.032032594, -0.0225, -0.045563977), (0.03829509, -0.0225, -0.040443156), (0.032111656, -0.0205, -0.039891157), (0.037992883, -0.0205, -0.034336627), (0.032111656, -0.013, -0.039891157), (0.037992883, -0.013, -0.034336627), (0.035201475, -0.0205, -0.043162704), (0.0410827, -0.0205, -0.037608173), (0.035201475, -0.013, -0.043162704), (0.0410827, -0.013, -0.037608173), (0.03985728, -0.03, -0.032153696), (0.0444234, -0.03, -0.025475956), (0.03985728, -0.0225, -0.032153696), (0.0444234, -0.0225, -0.025475956), (0.043571904, -0.03, -0.03469369), (0.048138022, -0.03, -0.028015953), (0.043571904, -0.0225, -0.03469369), (0.048138022, -0.0225, -0.028015953), (0.042049546, -0.0205, -0.029228386), (0.046127647, -0.0205, -0.022241918), (0.042049546, -0.013, -0.029228386), (0.046127647, -0.013, -0.022241918), (0.045935906, -0.0205, -0.031496912), (0.050014008, -0.0205, -0.024510443), (0.045935906, -0.013, -0.031496912), (0.050014008, -0.013, -0.024510443), (0.047301523, -0.03, -0.01962215), (0.049801346, -0.03, -0.011928484), (0.047301523, -0.0225, -0.01962215), (0.049801346, -0.0225, -0.011928484), (0.05158128, -0.03, -0.021012727), (0.0540811, -0.03, -0.01331906), (0.05158128, -0.0225, -0.021012727), (0.0540811, -0.0225, -0.01331906), (0.048580833, -0.0205, -0.016197704), (0.050525427, -0.0205, -0.008345304), (0.048580833, -0.013, -0.016197704), (0.050525427, -0.013, -0.008345304), (0.052948885, -0.0205, -0.017279424), (0.05489348, -0.0205, -0.009427023), (0.052948885, -0.013, -0.017279424), (0.05489348, -0.013, -0.009427023), (0.05113221, -0.011, 0.0022026696), (0.05030228, -0.011, 0.009435853), (0.05113221, 0.011, 0.0022026696), (0.05030228, 0.011, 0.009435853), (0.055602875, -0.011, 0.002715631), (0.054772947, -0.011, 0.009948814), (0.055602875, 0.011, 0.002715631), (0.054772947, 0.011, 0.009948814), (0.04844043, -0.011, 0.016519053), (0.045606293, -0.011, 0.023225425), (0.04844043, 0.011, 0.016519053), (0.045606293, 0.011, 0.023225425), (0.052585486, -0.011, 0.018270768), (0.049751353, -0.011, 0.02497714), (0.052585486, 0.011, 0.018270768), (0.049751353, 0.011, 0.02497714), (0.041824296, -0.011, 0.029497162), (0.03721556, -0.011, 0.03513341), (0.041824296, 0.011, 0.029497162), (0.03721556, 0.011, 0.03513341), (0.045307934, -0.011, 0.03234572), (0.0406992, -0.011, 0.037981965), (0.045307934, 0.011, 0.03234572), (0.0406992, 0.011, 0.037981965), (0.03181981, -0.011, 0.040085588), (0.025809845, -0.011, 0.044195093), (0.03181981, 0.011, 0.040085588), (0.025809845, 0.011, 0.044195093), (0.0343598, -0.011, 0.04380021), (0.02834984, -0.011, 0.047909718), (0.0343598, 0.011, 0.04380021), (0.02834984, 0.011, 0.047909718), (0.019237468, -0.011, 0.047426514), (0.012313167, -0.011, 0.049676355), (0.019237468, 0.011, 0.047426514), (0.012313167, 0.011, 0.049676355), (0.020628044, -0.011, 0.05170627), (0.013703744, -0.011, 0.05395611), (0.020628044, 0.011, 0.05170627), (0.013703744, 0.011, 0.05395611), (0.0050966223, -0.011, 0.05092523), (-0.0021810494, -0.011, 0.051133133), (0.0050966223, 0.011, 0.05092523), (-0.0021810494, 0.011, 0.051133133), (0.005225125, -0.011, 0.055423394), (-0.0020525474, -0.011, 0.0556313), (0.005225125, 0.011, 0.055423394), (-0.0020525474, 0.011, 0.0556313), (-0.009457122, -0.011, 0.050298285), (-0.016498571, -0.011, 0.04844741), (-0.009457122, 0.011, 0.050298285), (-0.016498571, 0.011, 0.04844741), (-0.010601104, -0.011, 0.054650445), (-0.017642554, -0.011, 0.05279957), (-0.010601104, 0.011, 0.054650445), (-0.017642554, 0.011, 0.05279957), (-0.023244705, -0.011, 0.04559647), (-0.029479476, -0.011, 0.041836765), (-0.023244705, 0.011, 0.04559647), (-0.029479476, 0.011, 0.041836765), (-0.025568495, -0.011, 0.04945004), (-0.031803265, -0.011, 0.045690335), (-0.025568495, 0.011, 0.04945004), (-0.031803265, 0.011, 0.045690335), (-0.035149142, -0.011, 0.037200704), (-0.04007213, -0.011, 0.031836756), (-0.035149142, 0.011, 0.037200704), (-0.04007213, 0.011, 0.031836756), (-0.038464475, -0.011, 0.040243488), (-0.043387465, -0.011, 0.034879543), (-0.038464475, 0.011, 0.040243488), (-0.043387465, 0.011, 0.034879543), (-0.044206005, -0.011, 0.025791155), (-0.047418375, -0.011, 0.01925752), (-0.044206005, 0.011, 0.025791155), (-0.047418375, 0.011, 0.01925752), (-0.048244298, -0.011, 0.02777665), (-0.051456667, -0.011, 0.021243013), (-0.048244298, 0.011, 0.02777665), (-0.051456667, 0.011, 0.021243013), (-0.04968156, -0.011, 0.012292162), (-0.050923068, -0.011, 0.005118154), (-0.04968156, 0.011, 0.012292162), (-0.050923068, 0.011, 0.005118154), (-0.05411565, -0.011, 0.013059512), (-0.055357162, -0.011, 0.005885504), (-0.05411565, 0.011, 0.013059512), (-0.055357162, 0.011, 0.005885504), (-0.05113221, -0.011, -0.0022026696), (-0.05030228, -0.011, -0.009435853), (-0.05113221, 0.011, -0.0022026696), (-0.05030228, 0.011, -0.009435853), (-0.055602875, -0.011, -0.002715631), (-0.054772947, -0.011, -0.009948814), (-0.055602875, 0.011, -0.002715631), (-0.054772947, 0.011, -0.009948814), (-0.04844043, -0.011, -0.016519053), (-0.045606293, -0.011, -0.023225425), (-0.04844043, 0.011, -0.016519053), (-0.045606293, 0.011, -0.023225425), (-0.052585486, -0.011, -0.018270768), (-0.049751353, -0.011, -0.02497714), (-0.052585486, 0.011, -0.018270768), (-0.049751353, 0.011, -0.02497714), (-0.041824296, -0.011, -0.029497162), (-0.03721556, -0.011, -0.03513341), (-0.041824296, 0.011, -0.029497162), (-0.03721556, 0.011, -0.03513341), (-0.045307934, -0.011, -0.03234572), (-0.0406992, -0.011, -0.037981965), (-0.045307934, 0.011, -0.03234572), (-0.0406992, 0.011, -0.037981965), (-0.03181981, -0.011, -0.040085588), (-0.025809845, -0.011, -0.044195093), (-0.03181981, 0.011, -0.040085588), (-0.025809845, 0.011, -0.044195093), (-0.0343598, -0.011, -0.04380021), (-0.02834984, -0.011, -0.047909718), (-0.0343598, 0.011, -0.04380021), (-0.02834984, 0.011, -0.047909718), (-0.019237468, -0.011, -0.047426514), (-0.012313167, -0.011, -0.049676355), (-0.019237468, 0.011, -0.047426514), (-0.012313167, 0.011, -0.049676355), (-0.020628044, -0.011, -0.05170627), (-0.013703744, -0.011, -0.05395611), (-0.020628044, 0.011, -0.05170627), (-0.013703744, 0.011, -0.05395611), (-0.0050966223, -0.011, -0.05092523), (0.0021810494, -0.011, -0.051133133), (-0.0050966223, 0.011, -0.05092523), (0.0021810494, 0.011, -0.051133133), (-0.005225125, -0.011, -0.055423394), (0.0020525474, -0.011, -0.0556313), (-0.005225125, 0.011, -0.055423394), (0.0020525474, 0.011, -0.0556313), (0.009457122, -0.011, -0.050298285), (0.016498571, -0.011, -0.04844741), (0.009457122, 0.011, -0.050298285), (0.016498571, 0.011, -0.04844741), (0.010601104, -0.011, -0.054650445), (0.017642554, -0.011, -0.05279957), (0.010601104, 0.011, -0.054650445), (0.017642554, 0.011, -0.05279957), (0.023244705, -0.011, -0.04559647), (0.029479476, -0.011, -0.041836765), (0.023244705, 0.011, -0.04559647), (0.029479476, 0.011, -0.041836765), (0.025568495, -0.011, -0.04945004), (0.031803265, -0.011, -0.045690335), (0.025568495, 0.011, -0.04945004), (0.031803265, 0.011, -0.045690335), (0.035149142, -0.011, -0.037200704), (0.04007213, -0.011, -0.031836756), (0.035149142, 0.011, -0.037200704), (0.04007213, 0.011, -0.031836756), (0.038464475, -0.011, -0.040243488), (0.043387465, -0.011, -0.034879543), (0.038464475, 0.011, -0.040243488), (0.043387465, 0.011, -0.034879543), (0.044206005, -0.011, -0.025791155), (0.047418375, -0.011, -0.01925752), (0.044206005, 0.011, -0.025791155), (0.047418375, 0.011, -0.01925752), (0.048244298, -0.011, -0.02777665), (0.051456667, -0.011, -0.021243013), (0.048244298, 0.011, -0.02777665), (0.051456667, 0.011, -0.021243013), (0.04968156, -0.011, -0.012292162), (0.050923068, -0.011, -0.005118154), (0.04968156, 0.011, -0.012292162), (0.050923068, 0.011, -0.005118154), (0.05411565, -0.011, -0.013059512), (0.055357162, -0.011, -0.005885504), (0.05411565, 0.011, -0.013059512), (0.055357162, 0.011, -0.005885504), (0.050913677, 0.013, -0.0055009373), (0.051144686, 0.013, 0.0025853647), (0.050913677, 0.0205, -0.0055009373), (0.051144686, 0.0205, 0.0025853647), (0.05541184, 0.013, -0.00562944), (0.05564285, 0.013, 0.0024568625), (0.05541184, 0.0205, -0.00562944), (0.05564285, 0.0205, 0.0024568625), (0.051176388, 0.0225, -0.0018547815), (0.050829936, 0.0225, 0.0062273974), (0.051176388, 0.03, -0.0018547815), (0.050829936, 0.03, 0.0062273974), (0.05567226, 0.0225, -0.0016620609), (0.055325806, 0.0225, 0.0064201183), (0.05567226, 0.03, -0.0016620609), (0.055325806, 0.03, 0.0064201183), (0.05040111, 0.013, 0.00906593), (0.048344586, 0.013, 0.016889762), (0.05040111, 0.0205, 0.00906593), (0.048344586, 0.0205, 0.016889762), (0.05475327, 0.013, 0.010209912), (0.052696746, 0.013, 0.018033745), (0.05475327, 0.0205, 0.010209912), (0.052696746, 0.0205, 0.018033745), (0.049625937, 0.0225, 0.012638405), (0.047016505, 0.0225, 0.020295592), (0.049625937, 0.03, 0.012638405), (0.047016505, 0.03, 0.020295592), (0.053885397, 0.0225, 0.014089952), (0.05127597, 0.0225, 0.02174714), (0.053885397, 0.03, 0.014089952), (0.05127597, 0.03, 0.02174714), (0.045805342, 0.013, 0.02289833), (0.041627895, 0.013, 0.029825851), (0.045805342, 0.0205, 0.02289833), (0.041627895, 0.0205, 0.029825851), (0.049658913, 0.013, 0.025222117), (0.045481466, 0.013, 0.03214964), (0.049658913, 0.0205, 0.025222117), (0.045481466, 0.0205, 0.03214964), (0.04405509, 0.0225, 0.026107702), (0.039394077, 0.0225, 0.03271956), (0.04405509, 0.03, 0.026107702), (0.039394077, 0.03, 0.03271956), (0.04773306, 0.0225, 0.028700482), (0.043072052, 0.0225, 0.035312336), (0.04773306, 0.03, 0.028700482), (0.043072052, 0.03, 0.035312336), (0.0374987, 0.013, 0.034875643), (0.03153876, 0.013, 0.040345628), (0.0374987, 0.0205, 0.034875643), (0.03153876, 0.0205, 0.040345628), (0.040541485, 0.013, 0.038190976), (0.034581546, 0.013, 0.04366096), (0.040541485, 0.0205, 0.038190976), (0.034581546, 0.0205, 0.04366096), (0.034915157, 0.0225, 0.03746191), (0.028580176, 0.0225, 0.04249278), (0.034915157, 0.03, 0.03746191), (0.028580176, 0.03, 0.04249278), (0.037713677, 0.0225, 0.040985867), (0.031378698, 0.0225, 0.046016738), (0.037713677, 0.03, 0.040985867), (0.031378698, 0.03, 0.046016738), (0.026154134, 0.013, 0.044027537), (0.01889454, 0.013, 0.047596842), (0.026154134, 0.0205, 0.044027537), (0.01889454, 0.0205, 0.047596842), (0.02813963, 0.013, 0.04806583), (0.020880034, 0.013, 0.051635135), (0.02813963, 0.0205, 0.04806583), (0.020880034, 0.0205, 0.051635135), (0.02294661, 0.0225, 0.045781177), (0.015450879, 0.0225, 0.04882349), (0.02294661, 0.03, 0.045781177), (0.015450879, 0.03, 0.04882349), (0.024638956, 0.0225, 0.049950823), (0.017143227, 0.0225, 0.052993137), (0.024638956, 0.03, 0.049950823), (0.017143227, 0.03, 0.052993137), (0.012690717, 0.013, 0.049612585), (0.004719598, 0.013, 0.05099204), (0.012690717, 0.0205, 0.049612585), (0.004719598, 0.0205, 0.05099204), (0.013458068, 0.013, 0.054046676), (0.005486948, 0.013, 0.055426136), (0.013458068, 0.0205, 0.054046676), (0.005486948, 0.0205, 0.055426136), (0.009119062, 0.0225, 0.050391525), (0.0010698426, 0.0225, 0.05119881), (0.009119062, 0.03, 0.050391525), (0.0010698426, 0.03, 0.05119881), (0.009568132, 0.0225, 0.05486906), (0.0015189128, 0.0225, 0.05567635), (0.009568132, 0.03, 0.05486906), (0.0015189128, 0.03, 0.05567635), (-0.001800826, 0.013, 0.051178314), (-0.009837697, 0.013, 0.05025617), (-0.001800826, 0.0205, 0.051178314), (-0.009837697, 0.0205, 0.05025617), (-0.0023137874, 0.013, 0.055648983), (-0.010350659, 0.013, 0.05472684), (-0.0023137874, 0.0205, 0.055648983), (-0.010350659, 0.0205, 0.05472684), (-0.005447257, 0.0225, 0.05091945), (-0.013397866, 0.0225, 0.04942631), (-0.005447257, 0.03, 0.05091945), (-0.013397866, 0.03, 0.04942631), (-0.0062778452, 0.0225, 0.05534213), (-0.014228454, 0.0225, 0.053848993), (-0.0062778452, 0.03, 0.05534213), (-0.014228454, 0.03, 0.053848993), (-0.016146477, 0.013, 0.048597883), (-0.023598, 0.013, 0.045448843), (-0.016146477, 0.0205, 0.048597883), (-0.023598, 0.0205, 0.045448843), (-0.017898193, 0.013, 0.05274294), (-0.025349716, 0.013, 0.0495939), (-0.017898193, 0.0205, 0.05274294), (-0.025349716, 0.0205, 0.0495939), (-0.019572271, 0.0225, 0.047322184), (-0.026780158, 0.0225, 0.04364958), (-0.019572271, 0.03, 0.047322184), (-0.026780158, 0.03, 0.04364958), (-0.021615228, 0.0225, 0.051331714), (-0.028823117, 0.0225, 0.04765911), (-0.021615228, 0.03, 0.051331714), (-0.028823117, 0.03, 0.04765911), (-0.029184038, 0.013, 0.04208034), (-0.035446536, 0.013, 0.03695952), (-0.029184038, 0.0205, 0.04208034), (-0.035446536, 0.0205, 0.03695952), (-0.032032594, 0.013, 0.045563977), (-0.03829509, 0.013, 0.040443156), (-0.032032594, 0.0205, 0.045563977), (-0.03829509, 0.0205, 0.040443156), (-0.032111656, 0.0225, 0.039891157), (-0.037992883, 0.0225, 0.034336627), (-0.032111656, 0.03, 0.039891157), (-0.037992883, 0.03, 0.034336627), (-0.035201475, 0.0225, 0.043162704), (-0.0410827, 0.0225, 0.037608173), (-0.035201475, 0.03, 0.043162704), (-0.0410827, 0.03, 0.037608173), (-0.03985728, 0.013, 0.032153696), (-0.0444234, 0.013, 0.025475956), (-0.03985728, 0.0205, 0.032153696), (-0.0444234, 0.0205, 0.025475956), (-0.043571904, 0.013, 0.03469369), (-0.048138022, 0.013, 0.028015953), (-0.043571904, 0.0205, 0.03469369), (-0.048138022, 0.0205, 0.028015953), (-0.042049546, 0.0225, 0.029228386), (-0.046127647, 0.0225, 0.022241918), (-0.042049546, 0.03, 0.029228386), (-0.046127647, 0.03, 0.022241918), (-0.045935906, 0.0225, 0.031496912), (-0.050014008, 0.0225, 0.024510443), (-0.045935906, 0.03, 0.031496912), (-0.050014008, 0.03, 0.024510443), (-0.047301523, 0.013, 0.01962215), (-0.049801346, 0.013, 0.011928484), (-0.047301523, 0.0205, 0.01962215), (-0.049801346, 0.0205, 0.011928484), (-0.05158128, 0.013, 0.021012727), (-0.0540811, 0.013, 0.01331906), (-0.05158128, 0.0205, 0.021012727), (-0.0540811, 0.0205, 0.01331906), (-0.048580833, 0.0225, 0.016197704), (-0.050525427, 0.0225, 0.008345304), (-0.048580833, 0.03, 0.016197704), (-0.050525427, 0.03, 0.008345304), (-0.052948885, 0.0225, 0.017279424), (-0.05489348, 0.0225, 0.009427023), (-0.052948885, 0.03, 0.017279424), (-0.05489348, 0.03, 0.009427023), (-0.050913677, 0.013, 0.0055009373), (-0.051144686, 0.013, -0.0025853647), (-0.050913677, 0.0205, 0.0055009373), (-0.051144686, 0.0205, -0.0025853647), (-0.05541184, 0.013, 0.00562944), (-0.05564285, 0.013, -0.0024568625), (-0.05541184, 0.0205, 0.00562944), (-0.05564285, 0.0205, -0.0024568625), (-0.051176388, 0.0225, 0.0018547815), (-0.050829936, 0.0225, -0.0062273974), (-0.051176388, 0.03, 0.0018547815), (-0.050829936, 0.03, -0.0062273974), (-0.05567226, 0.0225, 0.0016620609), (-0.055325806, 0.0225, -0.0064201183), (-0.05567226, 0.03, 0.0016620609), (-0.055325806, 0.03, -0.0064201183), (-0.05040111, 0.013, -0.00906593), (-0.048344586, 0.013, -0.016889762), (-0.05040111, 0.0205, -0.00906593), (-0.048344586, 0.0205, -0.016889762), (-0.05475327, 0.013, -0.010209912), (-0.052696746, 0.013, -0.018033745), (-0.05475327, 0.0205, -0.010209912), (-0.052696746, 0.0205, -0.018033745), (-0.049625937, 0.0225, -0.012638405), (-0.047016505, 0.0225, -0.020295592), (-0.049625937, 0.03, -0.012638405), (-0.047016505, 0.03, -0.020295592), (-0.053885397, 0.0225, -0.014089952), (-0.05127597, 0.0225, -0.02174714), (-0.053885397, 0.03, -0.014089952), (-0.05127597, 0.03, -0.02174714), (-0.045805342, 0.013, -0.02289833), (-0.041627895, 0.013, -0.029825851), (-0.045805342, 0.0205, -0.02289833), (-0.041627895, 0.0205, -0.029825851), (-0.049658913, 0.013, -0.025222117), (-0.045481466, 0.013, -0.03214964), (-0.049658913, 0.0205, -0.025222117), (-0.045481466, 0.0205, -0.03214964), (-0.04405509, 0.0225, -0.026107702), (-0.039394077, 0.0225, -0.03271956), (-0.04405509, 0.03, -0.026107702), (-0.039394077, 0.03, -0.03271956), (-0.04773306, 0.0225, -0.028700482), (-0.043072052, 0.0225, -0.035312336), (-0.04773306, 0.03, -0.028700482), (-0.043072052, 0.03, -0.035312336), (-0.0374987, 0.013, -0.034875643), (-0.03153876, 0.013, -0.040345628), (-0.0374987, 0.0205, -0.034875643), (-0.03153876, 0.0205, -0.040345628), (-0.040541485, 0.013, -0.038190976), (-0.034581546, 0.013, -0.04366096), (-0.040541485, 0.0205, -0.038190976), (-0.034581546, 0.0205, -0.04366096), (-0.034915157, 0.0225, -0.03746191), (-0.028580176, 0.0225, -0.04249278), (-0.034915157, 0.03, -0.03746191), (-0.028580176, 0.03, -0.04249278), (-0.037713677, 0.0225, -0.040985867), (-0.031378698, 0.0225, -0.046016738), (-0.037713677, 0.03, -0.040985867), (-0.031378698, 0.03, -0.046016738), (-0.026154134, 0.013, -0.044027537), (-0.01889454, 0.013, -0.047596842), (-0.026154134, 0.0205, -0.044027537), (-0.01889454, 0.0205, -0.047596842), (-0.02813963, 0.013, -0.04806583), (-0.020880034, 0.013, -0.051635135), (-0.02813963, 0.0205, -0.04806583), (-0.020880034, 0.0205, -0.051635135), (-0.02294661, 0.0225, -0.045781177), (-0.015450879, 0.0225, -0.04882349), (-0.02294661, 0.03, -0.045781177), (-0.015450879, 0.03, -0.04882349), (-0.024638956, 0.0225, -0.049950823), (-0.017143227, 0.0225, -0.052993137), (-0.024638956, 0.03, -0.049950823), (-0.017143227, 0.03, -0.052993137), (-0.012690717, 0.013, -0.049612585), (-0.004719598, 0.013, -0.05099204), (-0.012690717, 0.0205, -0.049612585), (-0.004719598, 0.0205, -0.05099204), (-0.013458068, 0.013, -0.054046676), (-0.005486948, 0.013, -0.055426136), (-0.013458068, 0.0205, -0.054046676), (-0.005486948, 0.0205, -0.055426136), (-0.009119062, 0.0225, -0.050391525), (-0.0010698426, 0.0225, -0.05119881), (-0.009119062, 0.03, -0.050391525), (-0.0010698426, 0.03, -0.05119881), (-0.009568132, 0.0225, -0.05486906), (-0.0015189128, 0.0225, -0.05567635), (-0.009568132, 0.03, -0.05486906), (-0.0015189128, 0.03, -0.05567635), (0.001800826, 0.013, -0.051178314), (0.009837697, 0.013, -0.05025617), (0.001800826, 0.0205, -0.051178314), (0.009837697, 0.0205, -0.05025617), (0.0023137874, 0.013, -0.055648983), (0.010350659, 0.013, -0.05472684), (0.0023137874, 0.0205, -0.055648983), (0.010350659, 0.0205, -0.05472684), (0.005447257, 0.0225, -0.05091945), (0.013397866, 0.0225, -0.04942631), (0.005447257, 0.03, -0.05091945), (0.013397866, 0.03, -0.04942631), (0.0062778452, 0.0225, -0.05534213), (0.014228454, 0.0225, -0.053848993), (0.0062778452, 0.03, -0.05534213), (0.014228454, 0.03, -0.053848993), (0.016146477, 0.013, -0.048597883), (0.023598, 0.013, -0.045448843), (0.016146477, 0.0205, -0.048597883), (0.023598, 0.0205, -0.045448843), (0.017898193, 0.013, -0.05274294), (0.025349716, 0.013, -0.0495939), (0.017898193, 0.0205, -0.05274294), (0.025349716, 0.0205, -0.0495939), (0.019572271, 0.0225, -0.047322184), (0.026780158, 0.0225, -0.04364958), (0.019572271, 0.03, -0.047322184), (0.026780158, 0.03, -0.04364958), (0.021615228, 0.0225, -0.051331714), (0.028823117, 0.0225, -0.04765911), (0.021615228, 0.03, -0.051331714), (0.028823117, 0.03, -0.04765911), (0.029184038, 0.013, -0.04208034), (0.035446536, 0.013, -0.03695952), (0.029184038, 0.0205, -0.04208034), (0.035446536, 0.0205, -0.03695952), (0.032032594, 0.013, -0.045563977), (0.03829509, 0.013, -0.040443156), (0.032032594, 0.0205, -0.045563977), (0.03829509, 0.0205, -0.040443156), (0.032111656, 0.0225, -0.039891157), (0.037992883, 0.0225, -0.034336627), (0.032111656, 0.03, -0.039891157), (0.037992883, 0.03, -0.034336627), (0.035201475, 0.0225, -0.043162704), (0.0410827, 0.0225, -0.037608173), (0.035201475, 0.03, -0.043162704), (0.0410827, 0.03, -0.037608173), (0.03985728, 0.013, -0.032153696), (0.0444234, 0.013, -0.025475956), (0.03985728, 0.0205, -0.032153696), (0.0444234, 0.0205, -0.025475956), (0.043571904, 0.013, -0.03469369), (0.048138022, 0.013, -0.028015953), (0.043571904, 0.0205, -0.03469369), (0.048138022, 0.0205, -0.028015953), (0.042049546, 0.0225, -0.029228386), (0.046127647, 0.0225, -0.022241918), (0.042049546, 0.03, -0.029228386), (0.046127647, 0.03, -0.022241918), (0.045935906, 0.0225, -0.031496912), (0.050014008, 0.0225, -0.024510443), (0.045935906, 0.03, -0.031496912), (0.050014008, 0.03, -0.024510443), (0.047301523, 0.013, -0.01962215), (0.049801346, 0.013, -0.011928484), (0.047301523, 0.0205, -0.01962215), (0.049801346, 0.0205, -0.011928484), (0.05158128, 0.013, -0.021012727), (0.0540811, 0.013, -0.01331906), (0.05158128, 0.0205, -0.021012727), (0.0540811, 0.0205, -0.01331906), (0.048580833, 0.0225, -0.016197704), (0.050525427, 0.0225, -0.008345304), (0.048580833, 0.03, -0.016197704), (0.050525427, 0.03, -0.008345304), (0.052948885, 0.0225, -0.017279424), (0.05489348, 0.0225, -0.009427023), (0.052948885, 0.03, -0.017279424), (0.05489348, 0.03, -0.009427023)]
            uniform token subdivisionScheme = "none"
        }

        def Mesh "rim" (
            prepend apiSchemas = ["MaterialBindingAPI"]
        )
        {
            uniform bool doubleSided = 1
            float3[] extent = [(-0.036, -0.028, -0.036), (0.036, 0.029, 0.036)]
            int[] faceVertexCounts = [4, 4, 4, 4, 4, 4, 4, 4, 4, 4, 4, 4, 4, 4, 4, 4, 4, 4, 4, 4, 4, 4, 4, 4, 4, 4, 4, 4, 4, 4, 4, 4, 4, 4, 4, 4, 4, 4, 4, 4, 4, 4, 4, 4, 4, 4, 4, 4, 4, 4, 4, 4, 4, 4, 4, 4, 4, 4, 4, 4, 4, 4, 4, 4, 4, 4, 4, 4, 4, 4, 4, 4, 4, 4, 4, 4, 4, 4, 4, 4, 4, 4, 4, 4, 4, 4, 4, 4, 4, 4, 4, 4, 4, 4, 4, 4, 4, 4, 4, 4, 4, 4, 4, 4, 4, 4, 4, 4, 4, 4, 4, 4, 4, 4, 4, 4, 4, 4, 4, 4, 4, 4, 4, 4, 4, 4, 4, 4, 4, 4, 4, 4, 4, 4, 4, 4, 4, 4, 4, 4, 4, 4, 4, 4, 4, 4, 4, 4, 4, 4, 4, 4, 4, 4, 4, 4, 4, 4, 4, 4, 4, 4, 4, 4, 4, 4, 4, 4, 4, 4, 4, 4, 4, 4, 4, 4, 4, 4, 4, 4, 4, 4, 4, 4, 4, 4, 4, 4, 4, 4, 4, 4, 4, 4, 4, 4, 4, 4, 4, 4, 4, 4, 4, 4, 4, 4, 4, 4, 4, 4, 20, 20, 4, 4, 4, 4, 4, 4, 4, 4, 4, 4, 4, 4, 4, 4, 4, 4, 4, 4, 4, 4, 4, 4, 4, 4, 4, 4, 4, 4, 4, 4, 30, 30]
            int[] faceVertexIndices = [1, 3, 2, 0, 3, 5, 4, 2, 5, 7, 6, 4, 7, 9, 8, 6, 9, 11, 10, 8, 11, 13, 12, 10, 13, 15, 14, 12, 15, 17, 16, 14, 17, 19, 18, 16, 19, 21, 20, 18, 21, 23, 22, 20, 23, 25, 24, 22, 25, 27, 26, 24, 27, 29, 28, 26, 29, 31, 30, 28, 31, 33, 32, 30, 33, 35, 34, 32, 35, 37, 36, 34, 37, 39, 38, 36, 39, 41, 40, 38, 41, 43, 42, 40, 43, 45, 44, 42, 45, 47, 46, 44, 47, 49, 48, 46, 49, 51, 50, 48, 51, 53, 52, 50, 53, 55, 54, 52, 55, 57, 56, 54, 57, 59, 58, 56, 59, 61, 60, 58, 61, 63, 62, 60, 63, 65, 64, 62, 65, 67, 66, 64, 67, 69, 68, 66, 69, 71, 70, 68, 71, 73, 72, 70, 73, 75, 74, 72, 75, 77, 76, 74, 77, 79, 78, 76, 79, 1, 0, 78, 81, 85, 84, 80, 82, 86, 85, 81, 83, 87, 86, 82, 85, 89, 88, 84, 86, 90, 89, 85, 87, 91, 90, 86, 89, 93, 92, 88, 90, 94, 93, 89, 91, 95, 94, 90, 93, 97, 96, 92, 94, 98, 97, 93, 95, 99, 98, 94, 97, 101, 100, 96, 98, 102, 101, 97, 99, 103, 102, 98, 101, 105, 104, 100, 102, 106, 105, 101, 103, 107, 106, 102, 105, 109, 108, 104, 106, 110, 109, 105, 107, 111, 110, 106, 109, 113, 112, 108, 110, 114, 113, 109, 111, 115, 114, 110, 113, 117, 116, 112, 114, 118, 117, 113, 115, 119, 118, 114, 117, 121, 120, 116, 118, 122, 121, 117, 119, 123, 122, 118, 121, 125, 124, 120, 122, 126, 125, 121, 123, 127, 126, 122, 125, 129, 128, 124, 126, 130, 129, 125, 127, 131, 130, 126, 129, 133, 132, 128, 130, 134, 133, 129, 131, 135, 134, 130, 133, 137, 136, 132, 134, 138, 137, 133, 135, 139, 138, 134, 137, 141, 140, 136, 138, 142, 141, 137, 139, 143, 142, 138, 141, 145, 144, 140, 142, 146, 145, 141, 143, 147, 146, 142, 145, 149, 148, 144, 146, 150, 149, 145, 147, 151, 150, 146, 149, 153, 152, 148, 150, 154, 153, 149, 151, 155, 154, 150, 153, 157, 156, 152, 154, 158, 157, 153, 155, 159, 158, 154, 157, 161, 160, 156, 158, 162, 161, 157, 159, 163, 162, 158, 161, 165, 164, 160, 162, 166, 165, 161, 163, 167, 166, 162, 165, 169, 168, 164, 166, 170, 169, 165, 167, 171, 170, 166, 169, 173, 172, 168, 170, 174, 173, 169, 171, 175, 174, 170, 173, 177, 176, 172, 174, 178, 177, 173, 175, 179, 178, 174, 177, 181, 180, 176, 178, 182, 181, 177, 179, 183, 182, 178, 181, 185, 184, 180, 182, 186, 185, 181, 183, 187, 186, 182, 185, 189, 188, 184, 186, 190, 189, 185, 187, 191, 190, 186, 189, 193, 192, 188, 190, 194, 193, 189, 191, 195, 194, 190, 193, 197, 196, 192, 194, 198, 197, 193, 195, 199, 198, 194, 197, 201, 200, 196, 198, 202, 201, 197, 199, 203, 202, 198, 201, 205, 204, 200, 202, 206, 205, 201, 203, 207, 206, 202, 205, 209, 208, 204, 206, 210, 209, 205, 207, 211, 210, 206, 209, 213, 212, 208, 210, 214, 213, 209, 211, 215, 214, 210, 213, 217, 216, 212, 214, 218, 217, 213, 215, 219, 218, 214, 217, 221, 220, 216, 218, 222, 221, 217, 219, 223, 222, 218, 221, 225, 224, 220, 222, 226, 225, 221, 223, 227, 226, 222, 225, 229, 228, 224, 226, 230, 229, 225, 227, 231, 230, 226, 229, 233, 232, 228, 230, 234, 233, 229, 231, 235, 234, 230, 233, 237, 236, 232, 234, 238, 237, 233, 235, 239, 238, 234, 237, 81, 80, 236, 238, 82, 81, 237, 239, 83, 82, 238, 240, 241, 243, 242, 244, 246, 247, 245, 240, 244, 245, 241, 242, 243, 247, 246, 240, 242, 246, 244, 241, 245, 247, 243, 248, 249, 251, 250, 252, 254, 255, 253, 248, 252, 253, 249, 250, 251, 255, 254, 248, 250, 254, 252, 249, 253, 255, 251, 256, 257, 259, 258, 260, 262, 263, 261, 256, 260, 261, 257, 258, 259, 263, 262, 256, 258, 262, 260, 257, 261, 263, 259, 264, 265, 267, 266, 268, 270, 271, 269, 264, 268, 269, 265, 266, 267, 271, 270, 264, 266, 270, 268, 265, 269, 271, 267, 272, 273, 275, 274, 276, 278, 279, 277, 272, 276, 277, 273, 274, 275, 279, 278, 272, 274, 278, 276, 273, 277, 279, 275, 280, 282, 283, 281, 282, 284, 285, 283, 284, 286, 287, 285, 286, 288, 289, 287, 288, 290, 291, 289, 290, 292, 293, 291, 292, 294, 295, 293, 294, 296, 297, 295, 296, 298, 299, 297, 298, 300, 301, 299, 300, 302, 303, 301, 302, 304, 305, 303, 304, 306, 307, 305, 306, 308, 309, 307, 308, 310, 311, 309, 310, 312, 313, 311, 312, 314, 315, 313, 314, 316, 317, 315, 316, 318, 319, 317, 318, 280, 281, 319, 318, 316, 314, 312, 310, 308, 306, 304, 302, 300, 298, 296, 294, 292, 290, 288, 286, 284, 282, 280, 281, 283, 285, 287, 289, 291, 293, 295, 297, 299, 301, 303, 305, 307, 309, 311, 313, 315, 317, 319, 320, 322, 323, 321, 322, 324, 325, 323, 324, 326, 327, 325, 326, 328, 329, 327, 328, 330, 331, 329, 330, 332, 333, 331, 332, 334, 335, 333, 334, 336, 337, 335, 336, 338, 339, 337, 338, 340, 341, 339, 340, 342, 343, 341, 342, 344, 345, 343, 344, 346, 347, 345, 346, 348, 349, 347, 348, 350, 351, 349, 350, 352, 353, 351, 352, 354, 355, 353, 354, 356, 357, 355, 356, 358, 359, 357, 358, 360, 361, 359, 360, 362, 363, 361, 362, 364, 365, 363, 364, 366, 367, 365, 366, 368, 369, 367, 368, 370, 371, 369, 370, 372, 373, 371, 372, 374, 375, 373, 374, 376, 377, 375, 376, 378, 379, 377, 378, 320, 321, 379, 378, 376, 374, 372, 370, 368, 366, 364, 362, 360, 358, 356, 354, 352, 350, 348, 346, 344, 342, 340, 338, 336, 334, 332, 330, 328, 326, 324, 322, 320, 321, 323, 325, 327, 329, 331, 333, 335, 337, 339, 341, 343, 345, 347, 349, 351, 353, 355, 357, 359, 361, 363, 365, 367, 369, 371, 373, 375, 377, 379]
            rel material:binding = </rc_car/Looks/rim_blk>
            point3f[] points = [(0.036, -0.028, 0), (0.036, 0.028, 0), (0.035556782, -0.028, 0.0056316406), (0.035556782, 0.028, 0.0056316406), (0.034238033, -0.028, 0.011124612), (0.034238033, 0.028, 0.011124612), (0.032076236, -0.028, 0.016343659), (0.032076236, 0.028, 0.016343659), (0.029124612, -0.028, 0.02116027), (0.029124612, 0.028, 0.02116027), (0.025455844, -0.028, 0.025455844), (0.025455844, 0.028, 0.025455844), (0.02116027, -0.028, 0.029124612), (0.02116027, 0.028, 0.029124612), (0.016343659, -0.028, 0.032076236), (0.016343659, 0.028, 0.032076236), (0.011124612, -0.028, 0.034238033), (0.011124612, 0.028, 0.034238033), (0.0056316406, -0.028, 0.035556782), (0.0056316406, 0.028, 0.035556782), (2.2043642e-18, -0.028, 0.036), (2.2043642e-18, 0.028, 0.036), (-0.0056316406, -0.028, 0.035556782), (-0.0056316406, 0.028, 0.035556782), (-0.011124612, -0.028, 0.034238033), (-0.011124612, 0.028, 0.034238033), (-0.016343659, -0.028, 0.032076236), (-0.016343659, 0.028, 0.032076236), (-0.02116027, -0.028, 0.029124612), (-0.02116027, 0.028, 0.029124612), (-0.025455844, -0.028, 0.025455844), (-0.025455844, 0.028, 0.025455844), (-0.029124612, -0.028, 0.02116027), (-0.029124612, 0.028, 0.02116027), (-0.032076236, -0.028, 0.016343659), (-0.032076236, 0.028, 0.016343659), (-0.034238033, -0.028, 0.011124612), (-0.034238033, 0.028, 0.011124612), (-0.035556782, -0.028, 0.0056316406), (-0.035556782, 0.028, 0.0056316406), (-0.036, -0.028, 4.4087283e-18), (-0.036, 0.028, 4.4087283e-18), (-0.035556782, -0.028, -0.0056316406), (-0.035556782, 0.028, -0.0056316406), (-0.034238033, -0.028, -0.011124612), (-0.034238033, 0.028, -0.011124612), (-0.032076236, -0.028, -0.016343659), (-0.032076236, 0.028, -0.016343659), (-0.029124612, -0.028, -0.02116027), (-0.029124612, 0.028, -0.02116027), (-0.025455844, -0.028, -0.025455844), (-0.025455844, 0.028, -0.025455844), (-0.02116027, -0.028, -0.029124612), (-0.02116027, 0.028, -0.029124612), (-0.016343659, -0.028, -0.032076236), (-0.016343659, 0.028, -0.032076236), (-0.011124612, -0.028, -0.034238033), (-0.011124612, 0.028, -0.034238033), (-0.0056316406, -0.028, -0.035556782), (-0.0056316406, 0.028, -0.035556782), (-6.6130927e-18, -0.028, -0.036), (-6.6130927e-18, 0.028, -0.036), (0.0056316406, -0.028, -0.035556782), (0.0056316406, 0.028, -0.035556782), (0.011124612, -0.028, -0.034238033), (0.011124612, 0.028, -0.034238033), (0.016343659, -0.028, -0.032076236), (0.016343659, 0.028, -0.032076236), (0.02116027, -0.028, -0.029124612), (0.02116027, 0.028, -0.029124612), (0.025455844, -0.028, -0.025455844), (0.025455844, 0.028, -0.025455844), (0.029124612, -0.028, -0.02116027), (0.029124612, 0.028, -0.02116027), (0.032076236, -0.028, -0.016343659), (0.032076236, 0.028, -0.016343659), (0.034238033, -0.028, -0.011124612), (0.034238033, 0.028, -0.011124612), (0.035556782, -0.028, -0.0056316406), (0.035556782, 0.028, -0.0056316406), (0.029, 0.025, 0), (0.036, 0.025, 0), (0.036, 0.029, 0), (0.029, 0.029, 0), (0.028642962, 0.025, 0.0045365994), (0.035556782, 0.025, 0.0056316406), (0.035556782, 0.029, 0.0056316406), (0.028642962, 0.029, 0.0045365994), (0.02758064, 0.025, 0.008961493), (0.034238033, 0.025, 0.011124612), (0.034238033, 0.029, 0.011124612), (0.02758064, 0.029, 0.008961493), (0.025839189, 0.025, 0.013165724), (0.032076236, 0.025, 0.016343659), (0.032076236, 0.029, 0.016343659), (0.025839189, 0.029, 0.013165724), (0.023461493, 0.025, 0.017045772), (0.029124612, 0.025, 0.02116027), (0.029124612, 0.029, 0.02116027), (0.023461493, 0.029, 0.017045772), (0.020506097, 0.025, 0.020506097), (0.025455844, 0.025, 0.025455844), (0.025455844, 0.029, 0.025455844), (0.020506097, 0.029, 0.020506097), (0.017045772, 0.025, 0.023461493), (0.02116027, 0.025, 0.029124612), (0.02116027, 0.029, 0.029124612), (0.017045772, 0.029, 0.023461493), (0.013165724, 0.025, 0.025839189), (0.016343659, 0.025, 0.032076236), (0.016343659, 0.029, 0.032076236), (0.013165724, 0.029, 0.025839189), (0.008961493, 0.025, 0.02758064), (0.011124612, 0.025, 0.034238033), (0.011124612, 0.029, 0.034238033), (0.008961493, 0.029, 0.02758064), (0.0045365994, 0.025, 0.028642962), (0.0056316406, 0.025, 0.035556782), (0.0056316406, 0.029, 0.035556782), (0.0045365994, 0.029, 0.028642962), (1.7757378e-18, 0.025, 0.029), (2.2043642e-18, 0.025, 0.036), (2.2043642e-18, 0.029, 0.036), (1.7757378e-18, 0.029, 0.029), (-0.0045365994, 0.025, 0.028642962), (-0.0056316406, 0.025, 0.035556782), (-0.0056316406, 0.029, 0.035556782), (-0.0045365994, 0.029, 0.028642962), (-0.008961493, 0.025, 0.02758064), (-0.011124612, 0.025, 0.034238033), (-0.011124612, 0.029, 0.034238033), (-0.008961493, 0.029, 0.02758064), (-0.013165724, 0.025, 0.025839189), (-0.016343659, 0.025, 0.032076236), (-0.016343659, 0.029, 0.032076236), (-0.013165724, 0.029, 0.025839189), (-0.017045772, 0.025, 0.023461493), (-0.02116027, 0.025, 0.029124612), (-0.02116027, 0.029, 0.029124612), (-0.017045772, 0.029, 0.023461493), (-0.020506097, 0.025, 0.020506097), (-0.025455844, 0.025, 0.025455844), (-0.025455844, 0.029, 0.025455844), (-0.020506097, 0.029, 0.020506097), (-0.023461493, 0.025, 0.017045772), (-0.029124612, 0.025, 0.02116027), (-0.029124612, 0.029, 0.02116027), (-0.023461493, 0.029, 0.017045772), (-0.025839189, 0.025, 0.013165724), (-0.032076236, 0.025, 0.016343659), (-0.032076236, 0.029, 0.016343659), (-0.025839189, 0.029, 0.013165724), (-0.02758064, 0.025, 0.008961493), (-0.034238033, 0.025, 0.011124612), (-0.034238033, 0.029, 0.011124612), (-0.02758064, 0.029, 0.008961493), (-0.028642962, 0.025, 0.0045365994), (-0.035556782, 0.025, 0.0056316406), (-0.035556782, 0.029, 0.0056316406), (-0.028642962, 0.029, 0.0045365994), (-0.029, 0.025, 3.5514756e-18), (-0.036, 0.025, 4.4087283e-18), (-0.036, 0.029, 4.4087283e-18), (-0.029, 0.029, 3.5514756e-18), (-0.028642962, 0.025, -0.0045365994), (-0.035556782, 0.025, -0.0056316406), (-0.035556782, 0.029, -0.0056316406), (-0.028642962, 0.029, -0.0045365994), (-0.02758064, 0.025, -0.008961493), (-0.034238033, 0.025, -0.011124612), (-0.034238033, 0.029, -0.011124612), (-0.02758064, 0.029, -0.008961493), (-0.025839189, 0.025, -0.013165724), (-0.032076236, 0.025, -0.016343659), (-0.032076236, 0.029, -0.016343659), (-0.025839189, 0.029, -0.013165724), (-0.023461493, 0.025, -0.017045772), (-0.029124612, 0.025, -0.02116027), (-0.029124612, 0.029, -0.02116027), (-0.023461493, 0.029, -0.017045772), (-0.020506097, 0.025, -0.020506097), (-0.025455844, 0.025, -0.025455844), (-0.025455844, 0.029, -0.025455844), (-0.020506097, 0.029, -0.020506097), (-0.017045772, 0.025, -0.023461493), (-0.02116027, 0.025, -0.029124612), (-0.02116027, 0.029, -0.029124612), (-0.017045772, 0.029, -0.023461493), (-0.013165724, 0.025, -0.025839189), (-0.016343659, 0.025, -0.032076236), (-0.016343659, 0.029, -0.032076236), (-0.013165724, 0.029, -0.025839189), (-0.008961493, 0.025, -0.02758064), (-0.011124612, 0.025, -0.034238033), (-0.011124612, 0.029, -0.034238033), (-0.008961493, 0.029, -0.02758064), (-0.0045365994, 0.025, -0.028642962), (-0.0056316406, 0.025, -0.035556782), (-0.0056316406, 0.029, -0.035556782), (-0.0045365994, 0.029, -0.028642962), (-5.3272135e-18, 0.025, -0.029), (-6.6130927e-18, 0.025, -0.036), (-6.6130927e-18, 0.029, -0.036), (-5.3272135e-18, 0.029, -0.029), (0.0045365994, 0.025, -0.028642962), (0.0056316406, 0.025, -0.035556782), (0.0056316406, 0.029, -0.035556782), (0.0045365994, 0.029, -0.028642962), (0.008961493, 0.025, -0.02758064), (0.011124612, 0.025, -0.034238033), (0.011124612, 0.029, -0.034238033), (0.008961493, 0.029, -0.02758064), (0.013165724, 0.025, -0.025839189), (0.016343659, 0.025, -0.032076236), (0.016343659, 0.029, -0.032076236), (0.013165724, 0.029, -0.025839189), (0.017045772, 0.025, -0.023461493), (0.02116027, 0.025, -0.029124612), (0.02116027, 0.029, -0.029124612), (0.017045772, 0.029, -0.023461493), (0.020506097, 0.025, -0.020506097), (0.025455844, 0.025, -0.025455844), (0.025455844, 0.029, -0.025455844), (0.020506097, 0.029, -0.020506097), (0.023461493, 0.025, -0.017045772), (0.029124612, 0.025, -0.02116027), (0.029124612, 0.029, -0.02116027), (0.023461493, 0.029, -0.017045772), (0.025839189, 0.025, -0.013165724), (0.032076236, 0.025, -0.016343659), (0.032076236, 0.029, -0.016343659), (0.025839189, 0.029, -0.013165724), (0.02758064, 0.025, -0.008961493), (0.034238033, 0.025, -0.011124612), (0.034238033, 0.029, -0.011124612), (0.02758064, 0.029, -0.008961493), (0.028642962, 0.025, -0.0045365994), (0.035556782, 0.025, -0.0056316406), (0.035556782, 0.029, -0.0056316406), (0.028642962, 0.029, -0.0045365994), (0.009, 0.0235, -0.004), (0.009, 0.0235, 0.004), (0.009, 0.0285, -0.004), (0.009, 0.0285, 0.004), (0.031, 0.0235, -0.004), (0.031, 0.0235, 0.004), (0.031, 0.0285, -0.004), (0.031, 0.0285, 0.004), (0.006585379, 0.0235, 0.0073234406), (-0.0010230731, 0.0235, 0.009795576), (0.006585379, 0.0285, 0.0073234406), (-0.0010230731, 0.0285, 0.009795576), (0.013383753, 0.0235, 0.028246684), (0.005775301, 0.0235, 0.03071882), (0.013383753, 0.0285, 0.028246684), (0.005775301, 0.0285, 0.03071882), (-0.004930012, 0.0235, 0.008526135), (-0.009632294, 0.0235, 0.0020539993), (-0.004930012, 0.0285, 0.008526135), (-0.009632294, 0.0285, 0.0020539993), (-0.022728385, 0.0235, 0.021457411), (-0.027430668, 0.0235, 0.0149852745), (-0.022728385, 0.0285, 0.021457411), (-0.027430668, 0.0285, 0.0149852745), (-0.009632294, 0.0235, -0.0020539993), (-0.004930012, 0.0235, -0.008526135), (-0.009632294, 0.0285, -0.0020539993), (-0.004930012, 0.0285, -0.008526135), (-0.027430668, 0.0235, -0.0149852745), (-0.022728385, 0.0235, -0.021457411), (-0.027430668, 0.0285, -0.0149852745), (-0.022728385, 0.0285, -0.021457411), (-0.0010230731, 0.0235, -0.009795576), (0.006585379, 0.0235, -0.0073234406), (-0.0010230731, 0.0285, -0.009795576), (0.006585379, 0.0285, -0.0073234406), (0.005775301, 0.0235, -0.03071882), (0.013383753, 0.0235, -0.028246684), (0.005775301, 0.0285, -0.03071882), (0.013383753, 0.0285, -0.028246684), (0, 0.005, -0.01), (0, 0.029, -0.01), (-0.00309017, 0.005, -0.009510566), (-0.00309017, 0.029, -0.009510566), (-0.0058778524, 0.005, -0.00809017), (-0.0058778524, 0.029, -0.00809017), (-0.00809017, 0.005, -0.0058778524), (-0.00809017, 0.029, -0.0058778524), (-0.009510566, 0.005, -0.00309017), (-0.009510566, 0.029, -0.00309017), (-0.01, 0.005, -6.123234e-19), (-0.01, 0.029, -6.123234e-19), (-0.009510566, 0.005, 0.00309017), (-0.009510566, 0.029, 0.00309017), (-0.00809017, 0.005, 0.0058778524), (-0.00809017, 0.029, 0.0058778524), (-0.0058778524, 0.005, 0.00809017), (-0.0058778524, 0.029, 0.00809017), (-0.00309017, 0.005, 0.009510566), (-0.00309017, 0.029, 0.009510566), (-1.2246468e-18, 0.005, 0.01), (-1.2246468e-18, 0.029, 0.01), (0.00309017, 0.005, 0.009510566), (0.00309017, 0.029, 0.009510566), (0.0058778524, 0.005, 0.00809017), (0.0058778524, 0.029, 0.00809017), (0.00809017, 0.005, 0.0058778524), (0.00809017, 0.029, 0.0058778524), (0.009510566, 0.005, 0.00309017), (0.009510566, 0.029, 0.00309017), (0.01, 0.005, 1.8369702e-18), (0.01, 0.029, 1.8369702e-18), (0.009510566, 0.005, -0.00309017), (0.009510566, 0.029, -0.00309017), (0.00809017, 0.005, -0.0058778524), (0.00809017, 0.029, -0.0058778524), (0.0058778524, 0.005, -0.00809017), (0.0058778524, 0.029, -0.00809017), (0.00309017, 0.005, -0.009510566), (0.00309017, 0.029, -0.009510566), (0, -0.01, -0.03), (0, -0.009, -0.03), (-0.006237351, -0.01, -0.029344428), (-0.006237351, -0.009, -0.029344428), (-0.012202099, -0.01, -0.027406363), (-0.012202099, -0.009, -0.027406363), (-0.017633557, -0.01, -0.02427051), (-0.017633557, -0.009, -0.02427051), (-0.022294344, -0.01, -0.020073919), (-0.022294344, -0.009, -0.020073919), (-0.025980761, -0.01, -0.015), (-0.025980761, -0.009, -0.015), (-0.028531695, -0.01, -0.00927051), (-0.028531695, -0.009, -0.00927051), (-0.029835656, -0.01, -0.003135854), (-0.029835656, -0.009, -0.003135854), (-0.029835656, -0.01, 0.003135854), (-0.029835656, -0.009, 0.003135854), (-0.028531695, -0.01, 0.00927051), (-0.028531695, -0.009, 0.00927051), (-0.025980761, -0.01, 0.015), (-0.025980761, -0.009, 0.015), (-0.022294344, -0.01, 0.020073919), (-0.022294344, -0.009, 0.020073919), (-0.017633557, -0.01, 0.02427051), (-0.017633557, -0.009, 0.02427051), (-0.012202099, -0.01, 0.027406363), (-0.012202099, -0.009, 0.027406363), (-0.006237351, -0.01, 0.029344428), (-0.006237351, -0.009, 0.029344428), (-1.6996616e-17, -0.01, 0.03), (-1.6996616e-17, -0.009, 0.03), (0.006237351, -0.01, 0.029344428), (0.006237351, -0.009, 0.029344428), (0.012202099, -0.01, 0.027406363), (0.012202099, -0.009, 0.027406363), (0.017633557, -0.01, 0.02427051), (0.017633557, -0.009, 0.02427051), (0.022294344, -0.01, 0.020073919), (0.022294344, -0.009, 0.020073919), (0.025980761, -0.01, 0.015), (0.025980761, -0.009, 0.015), (0.028531695, -0.01, 0.00927051), (0.028531695, -0.009, 0.00927051), (0.029835656, -0.01, 0.003135854), (0.029835656, -0.009, 0.003135854), (0.029835656, -0.01, -0.003135854), (0.029835656, -0.009, -0.003135854), (0.028531695, -0.01, -0.00927051), (0.028531695, -0.009, -0.00927051), (0.025980761, -0.01, -0.015), (0.025980761, -0.009, -0.015), (0.022294344, -0.01, -0.020073919), (0.022294344, -0.009, -0.020073919), (0.017633557, -0.01, -0.02427051), (0.017633557, -0.009, -0.02427051), (0.012202099, -0.01, -0.027406363), (0.012202099, -0.009, -0.027406363), (0.006237351, -0.01, -0.029344428), (0.006237351, -0.009, -0.029344428)]
            uniform token subdivisionScheme = "none"
        }

        def Cylinder "collision" (
            prepend apiSchemas = ["PhysicsCollisionAPI", "MaterialBindingAPI"]
        )
        {
            uniform token axis = "Y"
            float3[] extent = [(-0.055, -0.0325, -0.055), (0.055, 0.0325, 0.055)]
            double height = 0.065
            rel material:binding:physics = </rc_car/Looks/tire_physics> (
                bindMaterialAs = "weakerThanDescendants"
            )
            uniform token purpose = "guide"
            double radius = 0.055
        }
    }

    def Xform "rear_right_wheel" (
        prepend apiSchemas = ["PhysicsRigidBodyAPI", "PhysicsMassAPI", "PhysxRigidBodyAPI"]
    )
    {
        point3f physics:centerOfMass = (0, 0, 0)
        float3 physics:diagonalInertia = (0.00017733334, 0.000242, 0.00017733334)
        float physics:mass = 0.16
        float physxRigidBody:maxAngularVelocity = 30000
        double3 xformOp:translate = (-0.1625, -0.13, 0.055)
        uniform token[] xformOpOrder = ["xformOp:translate"]

        def Mesh "tire" (
            prepend apiSchemas = ["MaterialBindingAPI"]
        )
        {
            uniform bool doubleSided = 1
            float3[] extent = [(-0.05567226, -0.0322, -0.05567635), (0.05567226, 0.0322, 0.05567635)]
            int[] faceVertexCounts = [4, 4, 4, 4, 4, 4, 4, 4, 4, 4, 4, 4, 4, 4, 4, 4, 4, 4, 4, 4, 4, 4, 4, 4, 4, 4, 4, 4, 4, 4, 4, 4, 4, 4, 4, 4, 4, 4, 4, 4, 4, 4, 4, 4, 4, 4, 4, 4, 4, 4, 4, 4, 4, 4, 4, 4, 4, 4, 4, 4, 4, 4, 4, 4, 4, 4, 4, 4, 4, 4, 4, 4, 4, 4, 4, 4, 4, 4, 4, 4, 4, 4, 4, 4, 4, 4, 4, 4, 4, 4, 4, 4, 4, 4, 4, 4, 4, 4, 4, 4, 4, 4, 4, 4, 4, 4, 4, 4, 4, 4, 4, 4, 4, 4, 4, 4, 4, 4, 4, 4, 4, 4, 4, 4, 4, 4, 4, 4, 4, 4, 4, 4, 4, 4, 4, 4, 4, 4, 4, 4, 4, 4, 4, 4, 4, 4, 4, 4, 4, 4, 4, 4, 4, 4, 4, 4, 4, 4, 4, 4, 4, 4, 4, 4, 4, 4, 4, 4, 4, 4, 4, 4, 4, 4, 4, 4, 4, 4, 4, 4, 4, 4, 4, 4, 4, 4, 4, 4, 4, 4, 4, 4, 4, 4, 4, 4, 4, 4, 4, 4, 4, 4, 4, 4, 4, 4, 4, 4, 4, 4, 4, 4, 4, 4, 4, 4, 4, 4, 4, 4, 4, 4, 4, 4, 4, 4, 4, 4, 4, 4, 4, 4, 4, 4, 4, 4, 4, 4, 4, 4, 4, 4, 4, 4, 4, 4, 4, 4, 4, 4, 4, 4, 4, 4, 4, 4, 4, 4, 4, 4, 4, 4, 4, 4, 4, 4, 4, 4, 4, 4, 4, 4, 4, 4, 4, 4, 4, 4, 4, 4, 4, 4, 4, 4, 4, 4, 4, 4, 4, 4, 4, 4, 4, 4, 4, 4, 4, 4, 4, 4, 4, 4, 4, 4, 4, 4, 4, 4, 4, 4, 4, 4, 4, 4, 4, 4, 4, 4, 4, 4, 4, 4, 4, 4, 4, 4, 4, 4, 4, 4, 4, 4, 4, 4, 4, 4, 4, 4, 4, 4, 4, 4, 4, 4, 4, 4, 4, 4, 4, 4, 4, 4, 4, 4, 4, 4, 4, 4, 4, 4, 4, 4, 4, 4, 4, 4, 4, 4, 4, 4, 4, 4, 4, 4, 4, 4, 4, 4, 4, 4, 4, 4, 4, 4, 4, 4, 4, 4, 4, 4, 4, 4, 4, 4, 4, 4, 4, 4, 4, 4, 4, 4, 4, 4, 4, 4, 4, 4, 4, 4, 4, 4, 4, 4, 4, 4, 4, 4, 4, 4, 4, 4, 4, 4, 4, 4, 4, 4, 4, 4, 4, 4, 4, 4, 4, 4, 4, 4, 4, 4, 4, 4, 4, 4, 4, 4, 4, 4, 4, 4, 4, 4, 4, 4, 4, 4, 4, 4, 4, 4, 4, 4, 4, 4, 4, 4, 4, 4, 4, 4, 4, 4, 4, 4, 4, 4, 4, 4, 4, 4, 4, 4, 4, 4, 4, 4, 4, 4, 4, 4, 4, 4, 4, 4, 4, 4, 4, 4, 4, 4, 4, 4, 4, 4, 4, 4, 4, 4, 4, 4, 4, 4, 4, 4, 4, 4, 4, 4, 4, 4, 4, 4, 4, 4, 4, 4, 4, 4, 4, 4, 4, 4, 4, 4, 4, 4, 4, 4, 4, 4, 4, 4, 4, 4, 4, 4, 4, 4, 4, 4, 4, 4, 4, 4, 4, 4, 4, 4, 4, 4, 4, 4, 4, 4, 4, 4, 4, 4, 4, 4, 4, 4, 4, 4, 4, 4, 4, 4, 4, 4, 4, 4, 4, 4, 4, 4, 4, 4, 4, 4, 4, 4, 4, 4, 4, 4, 4, 4, 4, 4, 4, 4, 4, 4, 4, 4, 4, 4, 4, 4, 4, 4, 4, 4, 4, 4, 4, 4, 4, 4, 4, 4, 4, 4, 4, 4, 4, 4, 4, 4, 4, 4, 4, 4, 4, 4, 4, 4, 4, 4, 4, 4, 4, 4, 4, 4, 4, 4, 4, 4, 4, 4, 4, 4, 4, 4, 4, 4, 4, 4, 4, 4, 4, 4, 4, 4, 4, 4, 4, 4, 4, 4, 4, 4, 4, 4, 4, 4, 4, 4, 4, 4, 4, 4, 4, 4, 4, 4, 4, 4, 4, 4, 4, 4, 4, 4, 4, 4, 4, 4, 4, 4, 4, 4, 4, 4, 4, 4, 4, 4, 4, 4, 4, 4, 4, 4, 4, 4, 4, 4, 4, 4, 4, 4, 4, 4, 4, 4, 4, 4, 4, 4, 4, 4, 4, 4, 4, 4, 4, 4, 4, 4, 4, 4, 4, 4, 4, 4, 4, 4, 4, 4, 4, 4, 4, 4, 4, 4, 4, 4, 4, 4, 4, 4, 4, 4, 4, 4, 4, 4, 4, 4, 4, 4, 4, 4, 4, 4, 4, 4, 4, 4, 4, 4, 4, 4, 4, 4, 4, 4, 4, 4, 4, 4, 4, 4, 4, 4, 4, 4, 4, 4, 4, 4, 4, 4, 4, 4, 4, 4, 4, 4, 4, 4, 4, 4, 4, 4, 4, 4, 4, 4, 4, 4, 4, 4, 4, 4, 4, 4, 4, 4, 4, 4, 4, 4, 4, 4, 4, 4, 4, 4, 4, 4, 4, 4, 4, 4, 4, 4, 4, 4, 4, 4, 4, 4, 4, 4, 4, 4, 4, 4, 4, 4, 4, 4, 4, 4, 4, 4, 4, 4, 4, 4, 4, 4, 4, 4, 4, 4, 4, 4, 4, 4, 4, 4, 4, 4, 4, 4, 4, 4, 4, 4, 4, 4, 4, 4, 4, 4, 4, 4, 4, 4, 4, 4, 4, 4, 4, 4, 4, 4, 4, 4, 4, 4, 4, 4, 4, 4, 4, 4, 4, 4, 4, 4, 4, 4, 4, 4, 4, 4, 4, 4, 4, 4, 4, 4, 4, 4, 4, 4, 4, 4, 4, 4, 4, 4, 4, 4, 4, 4, 4, 4, 4, 4, 4, 4, 4, 4, 4, 4, 4, 4, 4, 4, 4, 4, 4, 4, 4, 4, 4, 4, 4, 4, 4, 4, 4, 4, 4, 4, 4, 4, 4, 4, 4, 4, 4, 4, 4, 4, 4, 4, 4, 4, 4, 4, 4, 4, 4, 4, 4, 4, 4, 4, 4, 4, 4, 4, 4, 4, 4, 4, 4, 4, 4, 4, 4, 4, 4, 4, 4, 4, 4, 4, 4, 4, 4, 4, 4, 4, 4, 4, 4, 4, 4, 4, 4, 4, 4, 4, 4, 4, 4, 4, 4, 4, 4, 4, 4, 4, 4, 4, 4, 4, 4, 4, 4, 4, 4, 4, 4, 4, 4, 4, 4, 4, 4, 4, 4, 4, 4, 4, 4, 4, 4, 4, 4, 4, 4, 4, 4, 4, 4, 4, 4, 4, 4, 4, 4, 4, 4, 4, 4, 4, 4, 4, 4, 4, 4, 4, 4, 4, 4, 4, 4, 4, 4, 4, 4, 4, 4, 4, 4, 4, 4, 4, 4, 4, 4, 4, 4, 4, 4, 4, 4, 4, 4, 4, 4, 4, 4, 4, 4, 4, 4, 4, 4, 4, 4, 4, 4, 4, 4, 4, 4, 4, 4, 4, 4, 4, 4, 4, 4, 4, 4, 4, 4, 4, 4, 4, 4, 4]
            int[] faceVertexIndices = [1, 11, 10, 0, 2, 12, 11, 1, 3, 13, 12, 2, 4, 14, 13, 3, 5, 15, 14, 4, 6, 16, 15, 5, 7, 17, 16, 6, 8, 18, 17, 7, 9, 19, 18, 8, 11, 21, 20, 10, 12, 22, 21, 11, 13, 23, 22, 12, 14, 24, 23, 13, 15, 25, 24, 14, 16, 26, 25, 15, 17, 27, 26, 16, 18, 28, 27, 17, 19, 29, 28, 18, 21, 31, 30, 20, 22, 32, 31, 21, 23, 33, 32, 22, 24, 34, 33, 23, 25, 35, 34, 24, 26, 36, 35, 25, 27, 37, 36, 26, 28, 38, 37, 27, 29, 39, 38, 28, 31, 41, 40, 30, 32, 42, 41, 31, 33, 43, 42, 32, 34, 44, 43, 33, 35, 45, 44, 34, 36, 46, 45, 35, 37, 47, 46, 36, 38, 48, 47, 37, 39, 49, 48, 38, 41, 51, 50, 40, 42, 52, 51, 41, 43, 53, 52, 42, 44, 54, 53, 43, 45, 55, 54, 44, 46, 56, 55, 45, 47, 57, 56, 46, 48, 58, 57, 47, 49, 59, 58, 48, 51, 61, 60, 50, 52, 62, 61, 51, 53, 63, 62, 52, 54, 64, 63, 53, 55, 65, 64, 54, 56, 66, 65, 55, 57, 67, 66, 56, 58, 68, 67, 57, 59, 69, 68, 58, 61, 71, 70, 60, 62, 72, 71, 61, 63, 73, 72, 62, 64, 74, 73, 63, 65, 75, 74, 64, 66, 76, 75, 65, 67, 77, 76, 66, 68, 78, 77, 67, 69, 79, 78, 68, 71, 81, 80, 70, 72, 82, 81, 71, 73, 83, 82, 72, 74, 84, 83, 73, 75, 85, 84, 74, 76, 86, 85, 75, 77, 87, 86, 76, 78, 88, 87, 77, 79, 89, 88, 78, 81, 91, 90, 80, 82, 92, 91, 81, 83, 93, 92, 82, 84, 94, 93, 83, 85, 95, 94, 84, 86, 96, 95, 85, 87, 97, 96, 86, 88, 98, 97, 87, 89, 99, 98, 88, 91, 101, 100, 90, 92, 102, 101, 91, 93, 103, 102, 92, 94, 104, 103, 93, 95, 105, 104, 94, 96, 106, 105, 95, 97, 107, 106, 96, 98, 108, 107, 97, 99, 109, 108, 98, 101, 111, 110, 100, 102, 112, 111, 101, 103, 113, 112, 102, 104, 114, 113, 103, 105, 115, 114, 104, 106, 116, 115, 105, 107, 117, 116, 106, 108, 118, 117, 107, 109, 119, 118, 108, 111, 121, 120, 110, 112, 122, 121, 111, 113, 123, 122, 112, 114, 124, 123, 113, 115, 125, 124, 114, 116, 126, 125, 115, 117, 127, 126, 116, 118, 128, 127, 117, 119, 129, 128, 118, 121, 131, 130, 120, 122, 132, 131, 121, 123, 133, 132, 122, 124, 134, 133, 123, 125, 135, 134, 124, 126, 136, 135, 125, 127, 137, 136, 126, 128, 138, 137, 127, 129, 139, 138, 128, 131, 141, 140, 130, 132, 142, 141, 131, 133, 143, 142, 132, 134, 144, 143, 133, 135, 145, 144, 134, 136, 146, 145, 135, 137, 147, 146, 136, 138, 148, 147, 137, 139, 149, 148, 138, 141, 151, 150, 140, 142, 152, 151, 141, 143, 153, 152, 142, 144, 154, 153, 143, 145, 155, 154, 144, 146, 156, 155, 145, 147, 157, 156, 146, 148, 158, 157, 147, 149, 159, 158, 148, 151, 161, 160, 150, 152, 162, 161, 151, 153, 163, 162, 152, 154, 164, 163, 153, 155, 165, 164, 154, 156, 166, 165, 155, 157, 167, 166, 156, 158, 168, 167, 157, 159, 169, 168, 158, 161, 171, 170, 160, 162, 172, 171, 161, 163, 173, 172, 162, 164, 174, 173, 163, 165, 175, 174, 164, 166, 176, 175, 165, 167, 177, 176, 166, 168, 178, 177, 167, 169, 179, 178, 168, 171, 181, 180, 170, 172, 182, 181, 171, 173, 183, 182, 172, 174, 184, 183, 173, 175, 185, 184, 174, 176, 186, 185, 175, 177, 187, 186, 176, 178, 188, 187, 177, 179, 189, 188, 178, 181, 191, 190, 180, 182, 192, 191, 181, 183, 193, 192, 182, 184, 194, 193, 183, 185, 195, 194, 184, 186, 196, 195, 185, 187, 197, 196, 186, 188, 198, 197, 187, 189, 199, 198, 188, 191, 201, 200, 190, 192, 202, 201, 191, 193, 203, 202, 192, 194, 204, 203, 193, 195, 205, 204, 194, 196, 206, 205, 195, 197, 207, 206, 196, 198, 208, 207, 197, 199, 209, 208, 198, 201, 211, 210, 200, 202, 212, 211, 201, 203, 213, 212, 202, 204, 214, 213, 203, 205, 215, 214, 204, 206, 216, 215, 205, 207, 217, 216, 206, 208, 218, 217, 207, 209, 219, 218, 208, 211, 221, 220, 210, 212, 222, 221, 211, 213, 223, 222, 212, 214, 224, 223, 213, 215, 225, 224, 214, 216, 226, 225, 215, 217, 227, 226, 216, 218, 228, 227, 217, 219, 229, 228, 218, 221, 231, 230, 220, 222, 232, 231, 221, 223, 233, 232, 222, 224, 234, 233, 223, 225, 235, 234, 224, 226, 236, 235, 225, 227, 237, 236, 226, 228, 238, 237, 227, 229, 239, 238, 228, 231, 241, 240, 230, 232, 242, 241, 231, 233, 243, 242, 232, 234, 244, 243, 233, 235, 245, 244, 234, 236, 246, 245, 235, 237, 247, 246, 236, 238, 248, 247, 237, 239, 249, 248, 238, 241, 251, 250, 240, 242, 252, 251, 241, 243, 253, 252, 242, 244, 254, 253, 243, 245, 255, 254, 244, 246, 256, 255, 245, 247, 257, 256, 246, 248, 258, 257, 247, 249, 259, 258, 248, 251, 261, 260, 250, 252, 262, 261, 251, 253, 263, 262, 252, 254, 264, 263, 253, 255, 265, 264, 254, 256, 266, 265, 255, 257, 267, 266, 256, 258, 268, 267, 257, 259, 269, 268, 258, 261, 271, 270, 260, 262, 272, 271, 261, 263, 273, 272, 262, 264, 274, 273, 263, 265, 275, 274, 264, 266, 276, 275, 265, 267, 277, 276, 266, 268, 278, 277, 267, 269, 279, 278, 268, 271, 281, 280, 270, 272, 282, 281, 271, 273, 283, 282, 272, 274, 284, 283, 273, 275, 285, 284, 274, 276, 286, 285, 275, 277, 287, 286, 276, 278, 288, 287, 277, 279, 289, 288, 278, 281, 291, 290, 280, 282, 292, 291, 281, 283, 293, 292, 282, 284, 294, 293, 283, 285, 295, 294, 284, 286, 296, 295, 285, 287, 297, 296, 286, 288, 298, 297, 287, 289, 299, 298, 288, 291, 301, 300, 290, 292, 302, 301, 291, 293, 303, 302, 292, 294, 304, 303, 293, 295, 305, 304, 294, 296, 306, 305, 295, 297, 307, 306, 296, 298, 308, 307, 297, 299, 309, 308, 298, 301, 311, 310, 300, 302, 312, 311, 301, 303, 313, 312, 302, 304, 314, 313, 303, 305, 315, 314, 304, 306, 316, 315, 305, 307, 317, 316, 306, 308, 318, 317, 307, 309, 319, 318, 308, 311, 321, 320, 310, 312, 322, 321, 311, 313, 323, 322, 312, 314, 324, 323, 313, 315, 325, 324, 314, 316, 326, 325, 315, 317, 327, 326, 316, 318, 328, 327, 317, 319, 329, 328, 318, 321, 331, 330, 320, 322, 332, 331, 321, 323, 333, 332, 322, 324, 334, 333, 323, 325, 335, 334, 324, 326, 336, 335, 325, 327, 337, 336, 326, 328, 338, 337, 327, 329, 339, 338, 328, 331, 341, 340, 330, 332, 342, 341, 331, 333, 343, 342, 332, 334, 344, 343, 333, 335, 345, 344, 334, 336, 346, 345, 335, 337, 347, 346, 336, 338, 348, 347, 337, 339, 349, 348, 338, 341, 351, 350, 340, 342, 352, 351, 341, 343, 353, 352, 342, 344, 354, 353, 343, 345, 355, 354, 344, 346, 356, 355, 345, 347, 357, 356, 346, 348, 358, 357, 347, 349, 359, 358, 348, 351, 361, 360, 350, 352, 362, 361, 351, 353, 363, 362, 352, 354, 364, 363, 353, 355, 365, 364, 354, 356, 366, 365, 355, 357, 367, 366, 356, 358, 368, 367, 357, 359, 369, 368, 358, 361, 371, 370, 360, 362, 372, 371, 361, 363, 373, 372, 362, 364, 374, 373, 363, 365, 375, 374, 364, 366, 376, 375, 365, 367, 377, 376, 366, 368, 378, 377, 367, 369, 379, 378, 368, 371, 381, 380, 370, 372, 382, 381, 371, 373, 383, 382, 372, 374, 384, 383, 373, 375, 385, 384, 374, 376, 386, 385, 375, 377, 387, 386, 376, 378, 388, 387, 377, 379, 389, 388, 378, 381, 391, 390, 380, 382, 392, 391, 381, 383, 393, 392, 382, 384, 394, 393, 383, 385, 395, 394, 384, 386, 396, 395, 385, 387, 397, 396, 386, 388, 398, 397, 387, 389, 399, 398, 388, 391, 401, 400, 390, 392, 402, 401, 391, 393, 403, 402, 392, 394, 404, 403, 393, 395, 405, 404, 394, 396, 406, 405, 395, 397, 407, 406, 396, 398, 408, 407, 397, 399, 409, 408, 398, 401, 411, 410, 400, 402, 412, 411, 401, 403, 413, 412, 402, 404, 414, 413, 403, 405, 415, 414, 404, 406, 416, 415, 405, 407, 417, 416, 406, 408, 418, 417, 407, 409, 419, 418, 408, 411, 421, 420, 410, 412, 422, 421, 411, 413, 423, 422, 412, 414, 424, 423, 413, 415, 425, 424, 414, 416, 426, 425, 415, 417, 427, 426, 416, 418, 428, 427, 417, 419, 429, 428, 418, 421, 431, 430, 420, 422, 432, 431, 421, 423, 433, 432, 422, 424, 434, 433, 423, 425, 435, 434, 424, 426, 436, 435, 425, 427, 437, 436, 426, 428, 438, 437, 427, 429, 439, 438, 428, 431, 441, 440, 430, 432, 442, 441, 431, 433, 443, 442, 432, 434, 444, 443, 433, 435, 445, 444, 434, 436, 446, 445, 435, 437, 447, 446, 436, 438, 448, 447, 437, 439, 449, 448, 438, 441, 451, 450, 440, 442, 452, 451, 441, 443, 453, 452, 442, 444, 454, 453, 443, 445, 455, 454, 444, 446, 456, 455, 445, 447, 457, 456, 446, 448, 458, 457, 447, 449, 459, 458, 448, 451, 461, 460, 450, 452, 462, 461, 451, 453, 463, 462, 452, 454, 464, 463, 453, 455, 465, 464, 454, 456, 466, 465, 455, 457, 467, 466, 456, 458, 468, 467, 457, 459, 469, 468, 458, 461, 471, 470, 460, 462, 472, 471, 461, 463, 473, 472, 462, 464, 474, 473, 463, 465, 475, 474, 464, 466, 476, 475, 465, 467, 477, 476, 466, 468, 478, 477, 467, 469, 479, 478, 468, 471, 481, 480, 470, 472, 482, 481, 471, 473, 483, 482, 472, 474, 484, 483, 473, 475, 485, 484, 474, 476, 486, 485, 475, 477, 487, 486, 476, 478, 488, 487, 477, 479, 489, 488, 478, 481, 491, 490, 480, 482, 492, 491, 481, 483, 493, 492, 482, 484, 494, 493, 483, 485, 495, 494, 484, 486, 496, 495, 485, 487, 497, 496, 486, 488, 498, 497, 487, 489, 499, 498, 488, 491, 501, 500, 490, 492, 502, 501, 491, 493, 503, 502, 492, 494, 504, 503, 493, 495, 505, 504, 494, 496, 506, 505, 495, 497, 507, 506, 496, 498, 508, 507, 497, 499, 509, 508, 498, 501, 511, 510, 500, 502, 512, 511, 501, 503, 513, 512, 502, 504, 514, 513, 503, 505, 515, 514, 504, 506, 516, 515, 505, 507, 517, 516, 506, 508, 518, 517, 507, 509, 519, 518, 508, 511, 521, 520, 510, 512, 522, 521, 511, 513, 523, 522, 512, 514, 524, 523, 513, 515, 525, 524, 514, 516, 526, 525, 515, 517, 527, 526, 516, 518, 528, 527, 517, 519, 529, 528, 518, 521, 531, 530, 520, 522, 532, 531, 521, 523, 533, 532, 522, 524, 534, 533, 523, 525, 535, 534, 524, 526, 536, 535, 525, 527, 537, 536, 526, 528, 538, 537, 527, 529, 539, 538, 528, 531, 541, 540, 530, 532, 542, 541, 531, 533, 543, 542, 532, 534, 544, 543, 533, 535, 545, 544, 534, 536, 546, 545, 535, 537, 547, 546, 536, 538, 548, 547, 537, 539, 549, 548, 538, 541, 551, 550, 540, 542, 552, 551, 541, 543, 553, 552, 542, 544, 554, 553, 543, 545, 555, 554, 544, 546, 556, 555, 545, 547, 557, 556, 546, 548, 558, 557, 547, 549, 559, 558, 548, 551, 1, 0, 550, 552, 2, 1, 551, 553, 3, 2, 552, 554, 4, 3, 553, 555, 5, 4, 554, 556, 6, 5, 555, 557, 7, 6, 556, 558, 8, 7, 557, 559, 9, 8, 558, 560, 561, 563, 562, 564, 566, 567, 565, 560, 564, 565, 561, 562, 563, 567, 566, 560, 562, 566, 564, 561, 565, 567, 563, 568, 569, 571, 570, 572, 574, 575, 573, 568, 572, 573, 569, 570, 571, 575, 574, 568, 570, 574, 572, 569, 573, 575, 571, 576, 577, 579, 578, 580, 582, 583, 581, 576, 580, 581, 577, 578, 579, 583, 582, 576, 578, 582, 580, 577, 581, 583, 579, 584, 585, 587, 586, 588, 590, 591, 589, 584, 588, 589, 585, 586, 587, 591, 590, 584, 586, 590, 588, 585, 589, 591, 587, 592, 593, 595, 594, 596, 598, 599, 597, 592, 596, 597, 593, 594, 595, 599, 598, 592, 594, 598, 596, 593, 597, 599, 595, 600, 601, 603, 602, 604, 606, 607, 605, 600, 604, 605, 601, 602, 603, 607, 606, 600, 602, 606, 604, 601, 605, 607, 603, 608, 609, 611, 610, 612, 614, 615, 613, 608, 612, 613, 609, 610, 611, 615, 614, 608, 610, 614, 612, 609, 613, 615, 611, 616, 617, 619, 618, 620, 622, 623, 621, 616, 620, 621, 617, 618, 619, 623, 622, 616, 618, 622, 620, 617, 621, 623, 619, 624, 625, 627, 626, 628, 630, 631, 629, 624, 628, 629, 625, 626, 627, 631, 630, 624, 626, 630, 628, 625, 629, 631, 627, 632, 633, 635, 634, 636, 638, 639, 637, 632, 636, 637, 633, 634, 635, 639, 638, 632, 634, 638, 636, 633, 637, 639, 635, 640, 641, 643, 642, 644, 646, 647, 645, 640, 644, 645, 641, 642, 643, 647, 646, 640, 642, 646, 644, 641, 645, 647, 643, 648, 649, 651, 650, 652, 654, 655, 653, 648, 652, 653, 649, 650, 651, 655, 654, 648, 650, 654, 652, 649, 653, 655, 651, 656, 657, 659, 658, 660, 662, 663, 661, 656, 660, 661, 657, 658, 659, 663, 662, 656, 658, 662, 660, 657, 661, 663, 659, 664, 665, 667, 666, 668, 670, 671, 669, 664, 668, 669, 665, 666, 667, 671, 670, 664, 666, 670, 668, 665, 669, 671, 667, 672, 673, 675, 674, 676, 678, 679, 677, 672, 676, 677, 673, 674, 675, 679, 678, 672, 674, 678, 676, 673, 677, 679, 675, 680, 681, 683, 682, 684, 686, 687, 685, 680, 684, 685, 681, 682, 683, 687, 686, 680, 682, 686, 684, 681, 685, 687, 683, 688, 689, 691, 690, 692, 694, 695, 693, 688, 692, 693, 689, 690, 691, 695, 694, 688, 690, 694, 692, 689, 693, 695, 691, 696, 697, 699, 698, 700, 702, 703, 701, 696, 700, 701, 697, 698, 699, 703, 702, 696, 698, 702, 700, 697, 701, 703, 699, 704, 705, 707, 706, 708, 710, 711, 709, 704, 708, 709, 705, 706, 707, 711, 710, 704, 706, 710, 708, 705, 709, 711, 707, 712, 713, 715, 714, 716, 718, 719, 717, 712, 716, 717, 713, 714, 715, 719, 718, 712, 714, 718, 716, 713, 717, 719, 715, 720, 721, 723, 722, 724, 726, 727, 725, 720, 724, 725, 721, 722, 723, 727, 726, 720, 722, 726, 724, 721, 725, 727, 723, 728, 729, 731, 730, 732, 734, 735, 733, 728, 732, 733, 729, 730, 731, 735, 734, 728, 730, 734, 732, 729, 733, 735, 731, 736, 737, 739, 738, 740, 742, 743, 741, 736, 740, 741, 737, 738, 739, 743, 742, 736, 738, 742, 740, 737, 741, 743, 739, 744, 745, 747, 746, 748, 750, 751, 749, 744, 748, 749, 745, 746, 747, 751, 750, 744, 746, 750, 748, 745, 749, 751, 747, 752, 753, 755, 754, 756, 758, 759, 757, 752, 756, 757, 753, 754, 755, 759, 758, 752, 754, 758, 756, 753, 757, 759, 755, 760, 761, 763, 762, 764, 766, 767, 765, 760, 764, 765, 761, 762, 763, 767, 766, 760, 762, 766, 764, 761, 765, 767, 763, 768, 769, 771, 770, 772, 774, 775, 773, 768, 772, 773, 769, 770, 771, 775, 774, 768, 770, 774, 772, 769, 773, 775, 771, 776, 777, 779, 778, 780, 782, 783, 781, 776, 780, 781, 777, 778, 779, 783, 782, 776, 778, 782, 780, 777, 781, 783, 779, 784, 785, 787, 786, 788, 790, 791, 789, 784, 788, 789, 785, 786, 787, 791, 790, 784, 786, 790, 788, 785, 789, 791, 787, 792, 793, 795, 794, 796, 798, 799, 797, 792, 796, 797, 793, 794, 795, 799, 798, 792, 794, 798, 796, 793, 797, 799, 795, 800, 801, 803, 802, 804, 806, 807, 805, 800, 804, 805, 801, 802, 803, 807, 806, 800, 802, 806, 804, 801, 805, 807, 803, 808, 809, 811, 810, 812, 814, 815, 813, 808, 812, 813, 809, 810, 811, 815, 814, 808, 810, 814, 812, 809, 813, 815, 811, 816, 817, 819, 818, 820, 822, 823, 821, 816, 820, 821, 817, 818, 819, 823, 822, 816, 818, 822, 820, 817, 821, 823, 819, 824, 825, 827, 826, 828, 830, 831, 829, 824, 828, 829, 825, 826, 827, 831, 830, 824, 826, 830, 828, 825, 829, 831, 827, 832, 833, 835, 834, 836, 838, 839, 837, 832, 836, 837, 833, 834, 835, 839, 838, 832, 834, 838, 836, 833, 837, 839, 835, 840, 841, 843, 842, 844, 846, 847, 845, 840, 844, 845, 841, 842, 843, 847, 846, 840, 842, 846, 844, 841, 845, 847, 843, 848, 849, 851, 850, 852, 854, 855, 853, 848, 852, 853, 849, 850, 851, 855, 854, 848, 850, 854, 852, 849, 853, 855, 851, 856, 857, 859, 858, 860, 862, 863, 861, 856, 860, 861, 857, 858, 859, 863, 862, 856, 858, 862, 860, 857, 861, 863, 859, 864, 865, 867, 866, 868, 870, 871, 869, 864, 868, 869, 865, 866, 867, 871, 870, 864, 866, 870, 868, 865, 869, 871, 867, 872, 873, 875, 874, 876, 878, 879, 877, 872, 876, 877, 873, 874, 875, 879, 878, 872, 874, 878, 876, 873, 877, 879, 875, 880, 881, 883, 882, 884, 886, 887, 885, 880, 884, 885, 881, 882, 883, 887, 886, 880, 882, 886, 884, 881, 885, 887, 883, 888, 889, 891, 890, 892, 894, 895, 893, 888, 892, 893, 889, 890, 891, 895, 894, 888, 890, 894, 892, 889, 893, 895, 891, 896, 897, 899, 898, 900, 902, 903, 901, 896, 900, 901, 897, 898, 899, 903, 902, 896, 898, 902, 900, 897, 901, 903, 899, 904, 905, 907, 906, 908, 910, 911, 909, 904, 908, 909, 905, 906, 907, 911, 910, 904, 906, 910, 908, 905, 909, 911, 907, 912, 913, 915, 914, 916, 918, 919, 917, 912, 916, 917, 913, 914, 915, 919, 918, 912, 914, 918, 916, 913, 917, 919, 915, 920, 921, 923, 922, 924, 926, 927, 925, 920, 924, 925, 921, 922, 923, 927, 926, 920, 922, 926, 924, 921, 925, 927, 923, 928, 929, 931, 930, 932, 934, 935, 933, 928, 932, 933, 929, 930, 931, 935, 934, 928, 930, 934, 932, 929, 933, 935, 931, 936, 937, 939, 938, 940, 942, 943, 941, 936, 940, 941, 937, 938, 939, 943, 942, 936, 938, 942, 940, 937, 941, 943, 939, 944, 945, 947, 946, 948, 950, 951, 949, 944, 948, 949, 945, 946, 947, 951, 950, 944, 946, 950, 948, 945, 949, 951, 947, 952, 953, 955, 954, 956, 958, 959, 957, 952, 956, 957, 953, 954, 955, 959, 958, 952, 954, 958, 956, 953, 957, 959, 955, 960, 961, 963, 962, 964, 966, 967, 965, 960, 964, 965, 961, 962, 963, 967, 966, 960, 962, 966, 964, 961, 965, 967, 963, 968, 969, 971, 970, 972, 974, 975, 973, 968, 972, 973, 969, 970, 971, 975, 974, 968, 970, 974, 972, 969, 973, 975, 971, 976, 977, 979, 978, 980, 982, 983, 981, 976, 980, 981, 977, 978, 979, 983, 982, 976, 978, 982, 980, 977, 981, 983, 979, 984, 985, 987, 986, 988, 990, 991, 989, 984, 988, 989, 985, 986, 987, 991, 990, 984, 986, 990, 988, 985, 989, 991, 987, 992, 993, 995, 994, 996, 998, 999, 997, 992, 996, 997, 993, 994, 995, 999, 998, 992, 994, 998, 996, 993, 997, 999, 995, 1000, 1001, 1003, 1002, 1004, 1006, 1007, 1005, 1000, 1004, 1005, 1001, 1002, 1003, 1007, 1006, 1000, 1002, 1006, 1004, 1001, 1005, 1007, 1003, 1008, 1009, 1011, 1010, 1012, 1014, 1015, 1013, 1008, 1012, 1013, 1009, 1010, 1011, 1015, 1014, 1008, 1010, 1014, 1012, 1009, 1013, 1015, 1011, 1016, 1017, 1019, 1018, 1020, 1022, 1023, 1021, 1016, 1020, 1021, 1017, 1018, 1019, 1023, 1022, 1016, 1018, 1022, 1020, 1017, 1021, 1023, 1019, 1024, 1025, 1027, 1026, 1028, 1030, 1031, 1029, 1024, 1028, 1029, 1025, 1026, 1027, 1031, 1030, 1024, 1026, 1030, 1028, 1025, 1029, 1031, 1027, 1032, 1033, 1035, 1034, 1036, 1038, 1039, 1037, 1032, 1036, 1037, 1033, 1034, 1035, 1039, 1038, 1032, 1034, 1038, 1036, 1033, 1037, 1039, 1035, 1040, 1041, 1043, 1042, 1044, 1046, 1047, 1045, 1040, 1044, 1045, 1041, 1042, 1043, 1047, 1046, 1040, 1042, 1046, 1044, 1041, 1045, 1047, 1043, 1048, 1049, 1051, 1050, 1052, 1054, 1055, 1053, 1048, 1052, 1053, 1049, 1050, 1051, 1055, 1054, 1048, 1050, 1054, 1052, 1049, 1053, 1055, 1051, 1056, 1057, 1059, 1058, 1060, 1062, 1063, 1061, 1056, 1060, 1061, 1057, 1058, 1059, 1063, 1062, 1056, 1058, 1062, 1060, 1057, 1061, 1063, 1059, 1064, 1065, 1067, 1066, 1068, 1070, 1071, 1069, 1064, 1068, 1069, 1065, 1066, 1067, 1071, 1070, 1064, 1066, 1070, 1068, 1065, 1069, 1071, 1067, 1072, 1073, 1075, 1074, 1076, 1078, 1079, 1077, 1072, 1076, 1077, 1073, 1074, 1075, 1079, 1078, 1072, 1074, 1078, 1076, 1073, 1077, 1079, 1075, 1080, 1081, 1083, 1082, 1084, 1086, 1087, 1085, 1080, 1084, 1085, 1081, 1082, 1083, 1087, 1086, 1080, 1082, 1086, 1084, 1081, 1085, 1087, 1083, 1088, 1089, 1091, 1090, 1092, 1094, 1095, 1093, 1088, 1092, 1093, 1089, 1090, 1091, 1095, 1094, 1088, 1090, 1094, 1092, 1089, 1093, 1095, 1091, 1096, 1097, 1099, 1098, 1100, 1102, 1103, 1101, 1096, 1100, 1101, 1097, 1098, 1099, 1103, 1102, 1096, 1098, 1102, 1100, 1097, 1101, 1103, 1099, 1104, 1105, 1107, 1106, 1108, 1110, 1111, 1109, 1104, 1108, 1109, 1105, 1106, 1107, 1111, 1110, 1104, 1106, 1110, 1108, 1105, 1109, 1111, 1107, 1112, 1113, 1115, 1114, 1116, 1118, 1119, 1117, 1112, 1116, 1117, 1113, 1114, 1115, 1119, 1118, 1112, 1114, 1118, 1116, 1113, 1117, 1119, 1115, 1120, 1121, 1123, 1122, 1124, 1126, 1127, 1125, 1120, 1124, 1125, 1121, 1122, 1123, 1127, 1126, 1120, 1122, 1126, 1124, 1121, 1125, 1127, 1123, 1128, 1129, 1131, 1130, 1132, 1134, 1135, 1133, 1128, 1132, 1133, 1129, 1130, 1131, 1135, 1134, 1128, 1130, 1134, 1132, 1129, 1133, 1135, 1131, 1136, 1137, 1139, 1138, 1140, 1142, 1143, 1141, 1136, 1140, 1141, 1137, 1138, 1139, 1143, 1142, 1136, 1138, 1142, 1140, 1137, 1141, 1143, 1139, 1144, 1145, 1147, 1146, 1148, 1150, 1151, 1149, 1144, 1148, 1149, 1145, 1146, 1147, 1151, 1150, 1144, 1146, 1150, 1148, 1145, 1149, 1151, 1147, 1152, 1153, 1155, 1154, 1156, 1158, 1159, 1157, 1152, 1156, 1157, 1153, 1154, 1155, 1159, 1158, 1152, 1154, 1158, 1156, 1153, 1157, 1159, 1155, 1160, 1161, 1163, 1162, 1164, 1166, 1167, 1165, 1160, 1164, 1165, 1161, 1162, 1163, 1167, 1166, 1160, 1162, 1166, 1164, 1161, 1165, 1167, 1163, 1168, 1169, 1171, 1170, 1172, 1174, 1175, 1173, 1168, 1172, 1173, 1169, 1170, 1171, 1175, 1174, 1168, 1170, 1174, 1172, 1169, 1173, 1175, 1171, 1176, 1177, 1179, 1178, 1180, 1182, 1183, 1181, 1176, 1180, 1181, 1177, 1178, 1179, 1183, 1182, 1176, 1178, 1182, 1180, 1177, 1181, 1183, 1179, 1184, 1185, 1187, 1186, 1188, 1190, 1191, 1189, 1184, 1188, 1189, 1185, 1186, 1187, 1191, 1190, 1184, 1186, 1190, 1188, 1185, 1189, 1191, 1187, 1192, 1193, 1195, 1194, 1196, 1198, 1199, 1197, 1192, 1196, 1197, 1193, 1194, 1195, 1199, 1198, 1192, 1194, 1198, 1196, 1193, 1197, 1199, 1195, 1200, 1201, 1203, 1202, 1204, 1206, 1207, 1205, 1200, 1204, 1205, 1201, 1202, 1203, 1207, 1206, 1200, 1202, 1206, 1204, 1201, 1205, 1207, 1203, 1208, 1209, 1211, 1210, 1212, 1214, 1215, 1213, 1208, 1212, 1213, 1209, 1210, 1211, 1215, 1214, 1208, 1210, 1214, 1212, 1209, 1213, 1215, 1211, 1216, 1217, 1219, 1218, 1220, 1222, 1223, 1221, 1216, 1220, 1221, 1217, 1218, 1219, 1223, 1222, 1216, 1218, 1222, 1220, 1217, 1221, 1223, 1219, 1224, 1225, 1227, 1226, 1228, 1230, 1231, 1229, 1224, 1228, 1229, 1225, 1226, 1227, 1231, 1230, 1224, 1226, 1230, 1228, 1225, 1229, 1231, 1227, 1232, 1233, 1235, 1234, 1236, 1238, 1239, 1237, 1232, 1236, 1237, 1233, 1234, 1235, 1239, 1238, 1232, 1234, 1238, 1236, 1233, 1237, 1239, 1235, 1240, 1241, 1243, 1242, 1244, 1246, 1247, 1245, 1240, 1244, 1245, 1241, 1242, 1243, 1247, 1246, 1240, 1242, 1246, 1244, 1241, 1245, 1247, 1243, 1248, 1249, 1251, 1250, 1252, 1254, 1255, 1253, 1248, 1252, 1253, 1249, 1250, 1251, 1255, 1254, 1248, 1250, 1254, 1252, 1249, 1253, 1255, 1251, 1256, 1257, 1259, 1258, 1260, 1262, 1263, 1261, 1256, 1260, 1261, 1257, 1258, 1259, 1263, 1262, 1256, 1258, 1262, 1260, 1257, 1261, 1263, 1259, 1264, 1265, 1267, 1266, 1268, 1270, 1271, 1269, 1264, 1268, 1269, 1265, 1266, 1267, 1271, 1270, 1264, 1266, 1270, 1268, 1265, 1269, 1271, 1267, 1272, 1273, 1275, 1274, 1276, 1278, 1279, 1277, 1272, 1276, 1277, 1273, 1274, 1275, 1279, 1278, 1272, 1274, 1278, 1276, 1273, 1277, 1279, 1275, 1280, 1281, 1283, 1282, 1284, 1286, 1287, 1285, 1280, 1284, 1285, 1281, 1282, 1283, 1287, 1286, 1280, 1282, 1286, 1284, 1281, 1285, 1287, 1283, 1288, 1289, 1291, 1290, 1292, 1294, 1295, 1293, 1288, 1292, 1293, 1289, 1290, 1291, 1295, 1294, 1288, 1290, 1294, 1292, 1289, 1293, 1295, 1291, 1296, 1297, 1299, 1298, 1300, 1302, 1303, 1301, 1296, 1300, 1301, 1297, 1298, 1299, 1303, 1302, 1296, 1298, 1302, 1300, 1297, 1301, 1303, 1299, 1304, 1305, 1307, 1306, 1308, 1310, 1311, 1309, 1304, 1308, 1309, 1305, 1306, 1307, 1311, 1310, 1304, 1306, 1310, 1308, 1305, 1309, 1311, 1307, 1312, 1313, 1315, 1314, 1316, 1318, 1319, 1317, 1312, 1316, 1317, 1313, 1314, 1315, 1319, 1318, 1312, 1314, 1318, 1316, 1313, 1317, 1319, 1315, 1320, 1321, 1323, 1322, 1324, 1326, 1327, 1325, 1320, 1324, 1325, 1321, 1322, 1323, 1327, 1326, 1320, 1322, 1326, 1324, 1321, 1325, 1327, 1323, 1328, 1329, 1331, 1330, 1332, 1334, 1335, 1333, 1328, 1332, 1333, 1329, 1330, 1331, 1335, 1334, 1328, 1330, 1334, 1332, 1329, 1333, 1335, 1331, 1336, 1337, 1339, 1338, 1340, 1342, 1343, 1341, 1336, 1340, 1341, 1337, 1338, 1339, 1343, 1342, 1336, 1338, 1342, 1340, 1337, 1341, 1343, 1339, 1344, 1345, 1347, 1346, 1348, 1350, 1351, 1349, 1344, 1348, 1349, 1345, 1346, 1347, 1351, 1350, 1344, 1346, 1350, 1348, 1345, 1349, 1351, 1347, 1352, 1353, 1355, 1354, 1356, 1358, 1359, 1357, 1352, 1356, 1357, 1353, 1354, 1355, 1359, 1358, 1352, 1354, 1358, 1356, 1353, 1357, 1359, 1355, 1360, 1361, 1363, 1362, 1364, 1366, 1367, 1365, 1360, 1364, 1365, 1361, 1362, 1363, 1367, 1366, 1360, 1362, 1366, 1364, 1361, 1365, 1367, 1363, 1368, 1369, 1371, 1370, 1372, 1374, 1375, 1373, 1368, 1372, 1373, 1369, 1370, 1371, 1375, 1374, 1368, 1370, 1374, 1372, 1369, 1373, 1375, 1371, 1376, 1377, 1379, 1378, 1380, 1382, 1383, 1381, 1376, 1380, 1381, 1377, 1378, 1379, 1383, 1382, 1376, 1378, 1382, 1380, 1377, 1381, 1383, 1379, 1384, 1385, 1387, 1386, 1388, 1390, 1391, 1389, 1384, 1388, 1389, 1385, 1386, 1387, 1391, 1390, 1384, 1386, 1390, 1388, 1385, 1389, 1391, 1387, 1392, 1393, 1395, 1394, 1396, 1398, 1399, 1397, 1392, 1396, 1397, 1393, 1394, 1395, 1399, 1398, 1392, 1394, 1398, 1396, 1393, 1397, 1399, 1395, 1400, 1401, 1403, 1402, 1404, 1406, 1407, 1405, 1400, 1404, 1405, 1401, 1402, 1403, 1407, 1406, 1400, 1402, 1406, 1404, 1401, 1405, 1407, 1403, 1408, 1409, 1411, 1410, 1412, 1414, 1415, 1413, 1408, 1412, 1413, 1409, 1410, 1411, 1415, 1414, 1408, 1410, 1414, 1412, 1409, 1413, 1415, 1411, 1416, 1417, 1419, 1418, 1420, 1422, 1423, 1421, 1416, 1420, 1421, 1417, 1418, 1419, 1423, 1422, 1416, 1418, 1422, 1420, 1417, 1421, 1423, 1419, 1424, 1425, 1427, 1426, 1428, 1430, 1431, 1429, 1424, 1428, 1429, 1425, 1426, 1427, 1431, 1430, 1424, 1426, 1430, 1428, 1425, 1429, 1431, 1427, 1432, 1433, 1435, 1434, 1436, 1438, 1439, 1437, 1432, 1436, 1437, 1433, 1434, 1435, 1439, 1438, 1432, 1434, 1438, 1436, 1433, 1437, 1439, 1435]
            rel material:binding = </rc_car/Looks/rubber>
            point3f[] points = [(0.036, -0.029, 0), (0.044, -0.0322, 0), (0.049, -0.031, 0), (0.0512, -0.027, 0), (0.0515, -0.01, 0), (0.0515, 0.01, 0), (0.0512, 0.027, 0), (0.049, 0.031, 0), (0.044, 0.0322, 0), (0.036, 0.029, 0), (0.03577364, -0.029, 0.0040307213), (0.043723337, -0.0322, 0.004926437), (0.0486919, -0.031, 0.0054862592), (0.050878067, -0.027, 0.005732581), (0.05117618, -0.01, 0.0057661706), (0.05117618, 0.01, 0.0057661706), (0.050878067, 0.027, 0.005732581), (0.0486919, 0.031, 0.0054862592), (0.043723337, 0.0322, 0.004926437), (0.03577364, 0.029, 0.0040307213), (0.035097405, -0.029, 0.008010753), (0.04289683, -0.0322, 0.009790921), (0.04777147, -0.031, 0.010903526), (0.04991631, -0.027, 0.011393072), (0.05020879, -0.01, 0.011459828), (0.05020879, 0.01, 0.011459828), (0.04991631, 0.027, 0.011393072), (0.04777147, 0.031, 0.010903526), (0.04289683, 0.0322, 0.009790921), (0.035097405, 0.029, 0.008010753), (0.0339798, -0.029, 0.011890046), (0.041530866, -0.0322, 0.014532278), (0.046250284, -0.031, 0.016183674), (0.048326828, -0.027, 0.016910288), (0.04860999, -0.01, 0.017009372), (0.04860999, 0.01, 0.017009372), (0.048326828, 0.027, 0.016910288), (0.046250284, 0.031, 0.016183674), (0.041530866, 0.0322, 0.014532278), (0.0339798, 0.029, 0.011890046), (0.03243488, -0.029, 0.015619814), (0.039642632, -0.0322, 0.019090885), (0.044147473, -0.031, 0.021260303), (0.046129607, -0.027, 0.022214847), (0.046399895, -0.01, 0.022345012), (0.046399895, 0.01, 0.022345012), (0.046129607, 0.027, 0.022214847), (0.044147473, 0.031, 0.021260303), (0.039642632, 0.0322, 0.019090885), (0.03243488, 0.029, 0.015619814), (0.03048207, -0.029, 0.019153155), (0.037255865, -0.0322, 0.023409411), (0.041489486, -0.031, 0.026069572), (0.04335228, -0.027, 0.027240042), (0.043606296, -0.01, 0.027399652), (0.043606296, 0.01, 0.027399652), (0.04335228, 0.027, 0.027240042), (0.041489486, 0.031, 0.026069572), (0.037255865, 0.0322, 0.023409411), (0.03048207, 0.029, 0.019153155), (0.028145934, -0.029, 0.022445632), (0.034400586, -0.0322, 0.027433552), (0.03830974, -0.031, 0.030551), (0.04002977, -0.027, 0.03192268), (0.04026432, -0.01, 0.032109726), (0.04026432, 0.01, 0.032109726), (0.04002977, 0.027, 0.03192268), (0.03830974, 0.031, 0.030551), (0.034400586, 0.0322, 0.027433552), (0.028145934, 0.029, 0.022445632), (0.025455844, -0.029, 0.025455844), (0.031112699, -0.0322, 0.031112699), (0.034648232, -0.031, 0.034648232), (0.03620387, -0.027, 0.03620387), (0.036415998, -0.01, 0.036415998), (0.036415998, 0.01, 0.036415998), (0.03620387, 0.027, 0.03620387), (0.034648232, 0.031, 0.034648232), (0.031112699, 0.0322, 0.031112699), (0.025455844, 0.029, 0.025455844), (0.022445632, -0.029, 0.028145934), (0.027433552, -0.0322, 0.034400586), (0.030551, -0.031, 0.03830974), (0.03192268, -0.027, 0.04002977), (0.032109726, -0.01, 0.04026432), (0.032109726, 0.01, 0.04026432), (0.03192268, 0.027, 0.04002977), (0.030551, 0.031, 0.03830974), (0.027433552, 0.0322, 0.034400586), (0.022445632, 0.029, 0.028145934), (0.019153155, -0.029, 0.03048207), (0.023409411, -0.0322, 0.037255865), (0.026069572, -0.031, 0.041489486), (0.027240042, -0.027, 0.04335228), (0.027399652, -0.01, 0.043606296), (0.027399652, 0.01, 0.043606296), (0.027240042, 0.027, 0.04335228), (0.026069572, 0.031, 0.041489486), (0.023409411, 0.0322, 0.037255865), (0.019153155, 0.029, 0.03048207), (0.015619814, -0.029, 0.03243488), (0.019090885, -0.0322, 0.039642632), (0.021260303, -0.031, 0.044147473), (0.022214847, -0.027, 0.046129607), (0.022345012, -0.01, 0.046399895), (0.022345012, 0.01, 0.046399895), (0.022214847, 0.027, 0.046129607), (0.021260303, 0.031, 0.044147473), (0.019090885, 0.0322, 0.039642632), (0.015619814, 0.029, 0.03243488), (0.011890046, -0.029, 0.0339798), (0.014532278, -0.0322, 0.041530866), (0.016183674, -0.031, 0.046250284), (0.016910288, -0.027, 0.048326828), (0.017009372, -0.01, 0.04860999), (0.017009372, 0.01, 0.04860999), (0.016910288, 0.027, 0.048326828), (0.016183674, 0.031, 0.046250284), (0.014532278, 0.0322, 0.041530866), (0.011890046, 0.029, 0.0339798), (0.008010753, -0.029, 0.035097405), (0.009790921, -0.0322, 0.04289683), (0.010903526, -0.031, 0.04777147), (0.011393072, -0.027, 0.04991631), (0.011459828, -0.01, 0.05020879), (0.011459828, 0.01, 0.05020879), (0.011393072, 0.027, 0.04991631), (0.010903526, 0.031, 0.04777147), (0.009790921, 0.0322, 0.04289683), (0.008010753, 0.029, 0.035097405), (0.0040307213, -0.029, 0.03577364), (0.004926437, -0.0322, 0.043723337), (0.0054862592, -0.031, 0.0486919), (0.005732581, -0.027, 0.050878067), (0.0057661706, -0.01, 0.05117618), (0.0057661706, 0.01, 0.05117618), (0.005732581, 0.027, 0.050878067), (0.0054862592, 0.031, 0.0486919), (0.004926437, 0.0322, 0.043723337), (0.0040307213, 0.029, 0.03577364), (2.2043642e-18, -0.029, 0.036), (2.694223e-18, -0.0322, 0.044), (3.0003847e-18, -0.031, 0.049), (3.1350958e-18, -0.027, 0.0512), (3.1534654e-18, -0.01, 0.0515), (3.1534654e-18, 0.01, 0.0515), (3.1350958e-18, 0.027, 0.0512), (3.0003847e-18, 0.031, 0.049), (2.694223e-18, 0.0322, 0.044), (2.2043642e-18, 0.029, 0.036), (-0.0040307213, -0.029, 0.03577364), (-0.004926437, -0.0322, 0.043723337), (-0.0054862592, -0.031, 0.0486919), (-0.005732581, -0.027, 0.050878067), (-0.0057661706, -0.01, 0.05117618), (-0.0057661706, 0.01, 0.05117618), (-0.005732581, 0.027, 0.050878067), (-0.0054862592, 0.031, 0.0486919), (-0.004926437, 0.0322, 0.043723337), (-0.0040307213, 0.029, 0.03577364), (-0.008010753, -0.029, 0.035097405), (-0.009790921, -0.0322, 0.04289683), (-0.010903526, -0.031, 0.04777147), (-0.011393072, -0.027, 0.04991631), (-0.011459828, -0.01, 0.05020879), (-0.011459828, 0.01, 0.05020879), (-0.011393072, 0.027, 0.04991631), (-0.010903526, 0.031, 0.04777147), (-0.009790921, 0.0322, 0.04289683), (-0.008010753, 0.029, 0.035097405), (-0.011890046, -0.029, 0.0339798), (-0.014532278, -0.0322, 0.041530866), (-0.016183674, -0.031, 0.046250284), (-0.016910288, -0.027, 0.048326828), (-0.017009372, -0.01, 0.04860999), (-0.017009372, 0.01, 0.04860999), (-0.016910288, 0.027, 0.048326828), (-0.016183674, 0.031, 0.046250284), (-0.014532278, 0.0322, 0.041530866), (-0.011890046, 0.029, 0.0339798), (-0.015619814, -0.029, 0.03243488), (-0.019090885, -0.0322, 0.039642632), (-0.021260303, -0.031, 0.044147473), (-0.022214847, -0.027, 0.046129607), (-0.022345012, -0.01, 0.046399895), (-0.022345012, 0.01, 0.046399895), (-0.022214847, 0.027, 0.046129607), (-0.021260303, 0.031, 0.044147473), (-0.019090885, 0.0322, 0.039642632), (-0.015619814, 0.029, 0.03243488), (-0.019153155, -0.029, 0.03048207), (-0.023409411, -0.0322, 0.037255865), (-0.026069572, -0.031, 0.041489486), (-0.027240042, -0.027, 0.04335228), (-0.027399652, -0.01, 0.043606296), (-0.027399652, 0.01, 0.043606296), (-0.027240042, 0.027, 0.04335228), (-0.026069572, 0.031, 0.041489486), (-0.023409411, 0.0322, 0.037255865), (-0.019153155, 0.029, 0.03048207), (-0.022445632, -0.029, 0.028145934), (-0.027433552, -0.0322, 0.034400586), (-0.030551, -0.031, 0.03830974), (-0.03192268, -0.027, 0.04002977), (-0.032109726, -0.01, 0.04026432), (-0.032109726, 0.01, 0.04026432), (-0.03192268, 0.027, 0.04002977), (-0.030551, 0.031, 0.03830974), (-0.027433552, 0.0322, 0.034400586), (-0.022445632, 0.029, 0.028145934), (-0.025455844, -0.029, 0.025455844), (-0.031112699, -0.0322, 0.031112699), (-0.034648232, -0.031, 0.034648232), (-0.03620387, -0.027, 0.03620387), (-0.036415998, -0.01, 0.036415998), (-0.036415998, 0.01, 0.036415998), (-0.03620387, 0.027, 0.03620387), (-0.034648232, 0.031, 0.034648232), (-0.031112699, 0.0322, 0.031112699), (-0.025455844, 0.029, 0.025455844), (-0.028145934, -0.029, 0.022445632), (-0.034400586, -0.0322, 0.027433552), (-0.03830974, -0.031, 0.030551), (-0.04002977, -0.027, 0.03192268), (-0.04026432, -0.01, 0.032109726), (-0.04026432, 0.01, 0.032109726), (-0.04002977, 0.027, 0.03192268), (-0.03830974, 0.031, 0.030551), (-0.034400586, 0.0322, 0.027433552), (-0.028145934, 0.029, 0.022445632), (-0.03048207, -0.029, 0.019153155), (-0.037255865, -0.0322, 0.023409411), (-0.041489486, -0.031, 0.026069572), (-0.04335228, -0.027, 0.027240042), (-0.043606296, -0.01, 0.027399652), (-0.043606296, 0.01, 0.027399652), (-0.04335228, 0.027, 0.027240042), (-0.041489486, 0.031, 0.026069572), (-0.037255865, 0.0322, 0.023409411), (-0.03048207, 0.029, 0.019153155), (-0.03243488, -0.029, 0.015619814), (-0.039642632, -0.0322, 0.019090885), (-0.044147473, -0.031, 0.021260303), (-0.046129607, -0.027, 0.022214847), (-0.046399895, -0.01, 0.022345012), (-0.046399895, 0.01, 0.022345012), (-0.046129607, 0.027, 0.022214847), (-0.044147473, 0.031, 0.021260303), (-0.039642632, 0.0322, 0.019090885), (-0.03243488, 0.029, 0.015619814), (-0.0339798, -0.029, 0.011890046), (-0.041530866, -0.0322, 0.014532278), (-0.046250284, -0.031, 0.016183674), (-0.048326828, -0.027, 0.016910288), (-0.04860999, -0.01, 0.017009372), (-0.04860999, 0.01, 0.017009372), (-0.048326828, 0.027, 0.016910288), (-0.046250284, 0.031, 0.016183674), (-0.041530866, 0.0322, 0.014532278), (-0.0339798, 0.029, 0.011890046), (-0.035097405, -0.029, 0.008010753), (-0.04289683, -0.0322, 0.009790921), (-0.04777147, -0.031, 0.010903526), (-0.04991631, -0.027, 0.011393072), (-0.05020879, -0.01, 0.011459828), (-0.05020879, 0.01, 0.011459828), (-0.04991631, 0.027, 0.011393072), (-0.04777147, 0.031, 0.010903526), (-0.04289683, 0.0322, 0.009790921), (-0.035097405, 0.029, 0.008010753), (-0.03577364, -0.029, 0.0040307213), (-0.043723337, -0.0322, 0.004926437), (-0.0486919, -0.031, 0.0054862592), (-0.050878067, -0.027, 0.005732581), (-0.05117618, -0.01, 0.0057661706), (-0.05117618, 0.01, 0.0057661706), (-0.050878067, 0.027, 0.005732581), (-0.0486919, 0.031, 0.0054862592), (-0.043723337, 0.0322, 0.004926437), (-0.03577364, 0.029, 0.0040307213), (-0.036, -0.029, 4.4087283e-18), (-0.044, -0.0322, 5.388446e-18), (-0.049, -0.031, 6.0007693e-18), (-0.0512, -0.027, 6.2701916e-18), (-0.0515, -0.01, 6.306931e-18), (-0.0515, 0.01, 6.306931e-18), (-0.0512, 0.027, 6.2701916e-18), (-0.049, 0.031, 6.0007693e-18), (-0.044, 0.0322, 5.388446e-18), (-0.036, 0.029, 4.4087283e-18), (-0.03577364, -0.029, -0.0040307213), (-0.043723337, -0.0322, -0.004926437), (-0.0486919, -0.031, -0.0054862592), (-0.050878067, -0.027, -0.005732581), (-0.05117618, -0.01, -0.0057661706), (-0.05117618, 0.01, -0.0057661706), (-0.050878067, 0.027, -0.005732581), (-0.0486919, 0.031, -0.0054862592), (-0.043723337, 0.0322, -0.004926437), (-0.03577364, 0.029, -0.0040307213), (-0.035097405, -0.029, -0.008010753), (-0.04289683, -0.0322, -0.009790921), (-0.04777147, -0.031, -0.010903526), (-0.04991631, -0.027, -0.011393072), (-0.05020879, -0.01, -0.011459828), (-0.05020879, 0.01, -0.011459828), (-0.04991631, 0.027, -0.011393072), (-0.04777147, 0.031, -0.010903526), (-0.04289683, 0.0322, -0.009790921), (-0.035097405, 0.029, -0.008010753), (-0.0339798, -0.029, -0.011890046), (-0.041530866, -0.0322, -0.014532278), (-0.046250284, -0.031, -0.016183674), (-0.048326828, -0.027, -0.016910288), (-0.04860999, -0.01, -0.017009372), (-0.04860999, 0.01, -0.017009372), (-0.048326828, 0.027, -0.016910288), (-0.046250284, 0.031, -0.016183674), (-0.041530866, 0.0322, -0.014532278), (-0.0339798, 0.029, -0.011890046), (-0.03243488, -0.029, -0.015619814), (-0.039642632, -0.0322, -0.019090885), (-0.044147473, -0.031, -0.021260303), (-0.046129607, -0.027, -0.022214847), (-0.046399895, -0.01, -0.022345012), (-0.046399895, 0.01, -0.022345012), (-0.046129607, 0.027, -0.022214847), (-0.044147473, 0.031, -0.021260303), (-0.039642632, 0.0322, -0.019090885), (-0.03243488, 0.029, -0.015619814), (-0.03048207, -0.029, -0.019153155), (-0.037255865, -0.0322, -0.023409411), (-0.041489486, -0.031, -0.026069572), (-0.04335228, -0.027, -0.027240042), (-0.043606296, -0.01, -0.027399652), (-0.043606296, 0.01, -0.027399652), (-0.04335228, 0.027, -0.027240042), (-0.041489486, 0.031, -0.026069572), (-0.037255865, 0.0322, -0.023409411), (-0.03048207, 0.029, -0.019153155), (-0.028145934, -0.029, -0.022445632), (-0.034400586, -0.0322, -0.027433552), (-0.03830974, -0.031, -0.030551), (-0.04002977, -0.027, -0.03192268), (-0.04026432, -0.01, -0.032109726), (-0.04026432, 0.01, -0.032109726), (-0.04002977, 0.027, -0.03192268), (-0.03830974, 0.031, -0.030551), (-0.034400586, 0.0322, -0.027433552), (-0.028145934, 0.029, -0.022445632), (-0.025455844, -0.029, -0.025455844), (-0.031112699, -0.0322, -0.031112699), (-0.034648232, -0.031, -0.034648232), (-0.03620387, -0.027, -0.03620387), (-0.036415998, -0.01, -0.036415998), (-0.036415998, 0.01, -0.036415998), (-0.03620387, 0.027, -0.03620387), (-0.034648232, 0.031, -0.034648232), (-0.031112699, 0.0322, -0.031112699), (-0.025455844, 0.029, -0.025455844), (-0.022445632, -0.029, -0.028145934), (-0.027433552, -0.0322, -0.034400586), (-0.030551, -0.031, -0.03830974), (-0.03192268, -0.027, -0.04002977), (-0.032109726, -0.01, -0.04026432), (-0.032109726, 0.01, -0.04026432), (-0.03192268, 0.027, -0.04002977), (-0.030551, 0.031, -0.03830974), (-0.027433552, 0.0322, -0.034400586), (-0.022445632, 0.029, -0.028145934), (-0.019153155, -0.029, -0.03048207), (-0.023409411, -0.0322, -0.037255865), (-0.026069572, -0.031, -0.041489486), (-0.027240042, -0.027, -0.04335228), (-0.027399652, -0.01, -0.043606296), (-0.027399652, 0.01, -0.043606296), (-0.027240042, 0.027, -0.04335228), (-0.026069572, 0.031, -0.041489486), (-0.023409411, 0.0322, -0.037255865), (-0.019153155, 0.029, -0.03048207), (-0.015619814, -0.029, -0.03243488), (-0.019090885, -0.0322, -0.039642632), (-0.021260303, -0.031, -0.044147473), (-0.022214847, -0.027, -0.046129607), (-0.022345012, -0.01, -0.046399895), (-0.022345012, 0.01, -0.046399895), (-0.022214847, 0.027, -0.046129607), (-0.021260303, 0.031, -0.044147473), (-0.019090885, 0.0322, -0.039642632), (-0.015619814, 0.029, -0.03243488), (-0.011890046, -0.029, -0.0339798), (-0.014532278, -0.0322, -0.041530866), (-0.016183674, -0.031, -0.046250284), (-0.016910288, -0.027, -0.048326828), (-0.017009372, -0.01, -0.04860999), (-0.017009372, 0.01, -0.04860999), (-0.016910288, 0.027, -0.048326828), (-0.016183674, 0.031, -0.046250284), (-0.014532278, 0.0322, -0.041530866), (-0.011890046, 0.029, -0.0339798), (-0.008010753, -0.029, -0.035097405), (-0.009790921, -0.0322, -0.04289683), (-0.010903526, -0.031, -0.04777147), (-0.011393072, -0.027, -0.04991631), (-0.011459828, -0.01, -0.05020879), (-0.011459828, 0.01, -0.05020879), (-0.011393072, 0.027, -0.04991631), (-0.010903526, 0.031, -0.04777147), (-0.009790921, 0.0322, -0.04289683), (-0.008010753, 0.029, -0.035097405), (-0.0040307213, -0.029, -0.03577364), (-0.004926437, -0.0322, -0.043723337), (-0.0054862592, -0.031, -0.0486919), (-0.005732581, -0.027, -0.050878067), (-0.0057661706, -0.01, -0.05117618), (-0.0057661706, 0.01, -0.05117618), (-0.005732581, 0.027, -0.050878067), (-0.0054862592, 0.031, -0.0486919), (-0.004926437, 0.0322, -0.043723337), (-0.0040307213, 0.029, -0.03577364), (-6.6130927e-18, -0.029, -0.036), (-8.082669e-18, -0.0322, -0.044), (-9.001154e-18, -0.031, -0.049), (-9.4052876e-18, -0.027, -0.0512), (-9.460397e-18, -0.01, -0.0515), (-9.460397e-18, 0.01, -0.0515), (-9.4052876e-18, 0.027, -0.0512), (-9.001154e-18, 0.031, -0.049), (-8.082669e-18, 0.0322, -0.044), (-6.6130927e-18, 0.029, -0.036), (0.0040307213, -0.029, -0.03577364), (0.004926437, -0.0322, -0.043723337), (0.0054862592, -0.031, -0.0486919), (0.005732581, -0.027, -0.050878067), (0.0057661706, -0.01, -0.05117618), (0.0057661706, 0.01, -0.05117618), (0.005732581, 0.027, -0.050878067), (0.0054862592, 0.031, -0.0486919), (0.004926437, 0.0322, -0.043723337), (0.0040307213, 0.029, -0.03577364), (0.008010753, -0.029, -0.035097405), (0.009790921, -0.0322, -0.04289683), (0.010903526, -0.031, -0.04777147), (0.011393072, -0.027, -0.04991631), (0.011459828, -0.01, -0.05020879), (0.011459828, 0.01, -0.05020879), (0.011393072, 0.027, -0.04991631), (0.010903526, 0.031, -0.04777147), (0.009790921, 0.0322, -0.04289683), (0.008010753, 0.029, -0.035097405), (0.011890046, -0.029, -0.0339798), (0.014532278, -0.0322, -0.041530866), (0.016183674, -0.031, -0.046250284), (0.016910288, -0.027, -0.048326828), (0.017009372, -0.01, -0.04860999), (0.017009372, 0.01, -0.04860999), (0.016910288, 0.027, -0.048326828), (0.016183674, 0.031, -0.046250284), (0.014532278, 0.0322, -0.041530866), (0.011890046, 0.029, -0.0339798), (0.015619814, -0.029, -0.03243488), (0.019090885, -0.0322, -0.039642632), (0.021260303, -0.031, -0.044147473), (0.022214847, -0.027, -0.046129607), (0.022345012, -0.01, -0.046399895), (0.022345012, 0.01, -0.046399895), (0.022214847, 0.027, -0.046129607), (0.021260303, 0.031, -0.044147473), (0.019090885, 0.0322, -0.039642632), (0.015619814, 0.029, -0.03243488), (0.019153155, -0.029, -0.03048207), (0.023409411, -0.0322, -0.037255865), (0.026069572, -0.031, -0.041489486), (0.027240042, -0.027, -0.04335228), (0.027399652, -0.01, -0.043606296), (0.027399652, 0.01, -0.043606296), (0.027240042, 0.027, -0.04335228), (0.026069572, 0.031, -0.041489486), (0.023409411, 0.0322, -0.037255865), (0.019153155, 0.029, -0.03048207), (0.022445632, -0.029, -0.028145934), (0.027433552, -0.0322, -0.034400586), (0.030551, -0.031, -0.03830974), (0.03192268, -0.027, -0.04002977), (0.032109726, -0.01, -0.04026432), (0.032109726, 0.01, -0.04026432), (0.03192268, 0.027, -0.04002977), (0.030551, 0.031, -0.03830974), (0.027433552, 0.0322, -0.034400586), (0.022445632, 0.029, -0.028145934), (0.025455844, -0.029, -0.025455844), (0.031112699, -0.0322, -0.031112699), (0.034648232, -0.031, -0.034648232), (0.03620387, -0.027, -0.03620387), (0.036415998, -0.01, -0.036415998), (0.036415998, 0.01, -0.036415998), (0.03620387, 0.027, -0.03620387), (0.034648232, 0.031, -0.034648232), (0.031112699, 0.0322, -0.031112699), (0.025455844, 0.029, -0.025455844), (0.028145934, -0.029, -0.022445632), (0.034400586, -0.0322, -0.027433552), (0.03830974, -0.031, -0.030551), (0.04002977, -0.027, -0.03192268), (0.04026432, -0.01, -0.032109726), (0.04026432, 0.01, -0.032109726), (0.04002977, 0.027, -0.03192268), (0.03830974, 0.031, -0.030551), (0.034400586, 0.0322, -0.027433552), (0.028145934, 0.029, -0.022445632), (0.03048207, -0.029, -0.019153155), (0.037255865, -0.0322, -0.023409411), (0.041489486, -0.031, -0.026069572), (0.04335228, -0.027, -0.027240042), (0.043606296, -0.01, -0.027399652), (0.043606296, 0.01, -0.027399652), (0.04335228, 0.027, -0.027240042), (0.041489486, 0.031, -0.026069572), (0.037255865, 0.0322, -0.023409411), (0.03048207, 0.029, -0.019153155), (0.03243488, -0.029, -0.015619814), (0.039642632, -0.0322, -0.019090885), (0.044147473, -0.031, -0.021260303), (0.046129607, -0.027, -0.022214847), (0.046399895, -0.01, -0.022345012), (0.046399895, 0.01, -0.022345012), (0.046129607, 0.027, -0.022214847), (0.044147473, 0.031, -0.021260303), (0.039642632, 0.0322, -0.019090885), (0.03243488, 0.029, -0.015619814), (0.0339798, -0.029, -0.011890046), (0.041530866, -0.0322, -0.014532278), (0.046250284, -0.031, -0.016183674), (0.048326828, -0.027, -0.016910288), (0.04860999, -0.01, -0.017009372), (0.04860999, 0.01, -0.017009372), (0.048326828, 0.027, -0.016910288), (0.046250284, 0.031, -0.016183674), (0.041530866, 0.0322, -0.014532278), (0.0339798, 0.029, -0.011890046), (0.035097405, -0.029, -0.008010753), (0.04289683, -0.0322, -0.009790921), (0.04777147, -0.031, -0.010903526), (0.04991631, -0.027, -0.011393072), (0.05020879, -0.01, -0.011459828), (0.05020879, 0.01, -0.011459828), (0.04991631, 0.027, -0.011393072), (0.04777147, 0.031, -0.010903526), (0.04289683, 0.0322, -0.009790921), (0.035097405, 0.029, -0.008010753), (0.03577364, -0.029, -0.0040307213), (0.043723337, -0.0322, -0.004926437), (0.0486919, -0.031, -0.0054862592), (0.050878067, -0.027, -0.005732581), (0.05117618, -0.01, -0.0057661706), (0.05117618, 0.01, -0.0057661706), (0.050878067, 0.027, -0.005732581), (0.0486919, 0.031, -0.0054862592), (0.043723337, 0.0322, -0.004926437), (0.03577364, 0.029, -0.0040307213), (0.050913677, -0.03, -0.0055009373), (0.051144686, -0.03, 0.0025853647), (0.050913677, -0.0225, -0.0055009373), (0.051144686, -0.0225, 0.0025853647), (0.05541184, -0.03, -0.00562944), (0.05564285, -0.03, 0.0024568625), (0.05541184, -0.0225, -0.00562944), (0.05564285, -0.0225, 0.0024568625), (0.051176388, -0.0205, -0.0018547815), (0.050829936, -0.0205, 0.0062273974), (0.051176388, -0.013, -0.0018547815), (0.050829936, -0.013, 0.0062273974), (0.05567226, -0.0205, -0.0016620609), (0.055325806, -0.0205, 0.0064201183), (0.05567226, -0.013, -0.0016620609), (0.055325806, -0.013, 0.0064201183), (0.05040111, -0.03, 0.00906593), (0.048344586, -0.03, 0.016889762), (0.05040111, -0.0225, 0.00906593), (0.048344586, -0.0225, 0.016889762), (0.05475327, -0.03, 0.010209912), (0.052696746, -0.03, 0.018033745), (0.05475327, -0.0225, 0.010209912), (0.052696746, -0.0225, 0.018033745), (0.049625937, -0.0205, 0.012638405), (0.047016505, -0.0205, 0.020295592), (0.049625937, -0.013, 0.012638405), (0.047016505, -0.013, 0.020295592), (0.053885397, -0.0205, 0.014089952), (0.05127597, -0.0205, 0.02174714), (0.053885397, -0.013, 0.014089952), (0.05127597, -0.013, 0.02174714), (0.045805342, -0.03, 0.02289833), (0.041627895, -0.03, 0.029825851), (0.045805342, -0.0225, 0.02289833), (0.041627895, -0.0225, 0.029825851), (0.049658913, -0.03, 0.025222117), (0.045481466, -0.03, 0.03214964), (0.049658913, -0.0225, 0.025222117), (0.045481466, -0.0225, 0.03214964), (0.04405509, -0.0205, 0.026107702), (0.039394077, -0.0205, 0.03271956), (0.04405509, -0.013, 0.026107702), (0.039394077, -0.013, 0.03271956), (0.04773306, -0.0205, 0.028700482), (0.043072052, -0.0205, 0.035312336), (0.04773306, -0.013, 0.028700482), (0.043072052, -0.013, 0.035312336), (0.0374987, -0.03, 0.034875643), (0.03153876, -0.03, 0.040345628), (0.0374987, -0.0225, 0.034875643), (0.03153876, -0.0225, 0.040345628), (0.040541485, -0.03, 0.038190976), (0.034581546, -0.03, 0.04366096), (0.040541485, -0.0225, 0.038190976), (0.034581546, -0.0225, 0.04366096), (0.034915157, -0.0205, 0.03746191), (0.028580176, -0.0205, 0.04249278), (0.034915157, -0.013, 0.03746191), (0.028580176, -0.013, 0.04249278), (0.037713677, -0.0205, 0.040985867), (0.031378698, -0.0205, 0.046016738), (0.037713677, -0.013, 0.040985867), (0.031378698, -0.013, 0.046016738), (0.026154134, -0.03, 0.044027537), (0.01889454, -0.03, 0.047596842), (0.026154134, -0.0225, 0.044027537), (0.01889454, -0.0225, 0.047596842), (0.02813963, -0.03, 0.04806583), (0.020880034, -0.03, 0.051635135), (0.02813963, -0.0225, 0.04806583), (0.020880034, -0.0225, 0.051635135), (0.02294661, -0.0205, 0.045781177), (0.015450879, -0.0205, 0.04882349), (0.02294661, -0.013, 0.045781177), (0.015450879, -0.013, 0.04882349), (0.024638956, -0.0205, 0.049950823), (0.017143227, -0.0205, 0.052993137), (0.024638956, -0.013, 0.049950823), (0.017143227, -0.013, 0.052993137), (0.012690717, -0.03, 0.049612585), (0.004719598, -0.03, 0.05099204), (0.012690717, -0.0225, 0.049612585), (0.004719598, -0.0225, 0.05099204), (0.013458068, -0.03, 0.054046676), (0.005486948, -0.03, 0.055426136), (0.013458068, -0.0225, 0.054046676), (0.005486948, -0.0225, 0.055426136), (0.009119062, -0.0205, 0.050391525), (0.0010698426, -0.0205, 0.05119881), (0.009119062, -0.013, 0.050391525), (0.0010698426, -0.013, 0.05119881), (0.009568132, -0.0205, 0.05486906), (0.0015189128, -0.0205, 0.05567635), (0.009568132, -0.013, 0.05486906), (0.0015189128, -0.013, 0.05567635), (-0.001800826, -0.03, 0.051178314), (-0.009837697, -0.03, 0.05025617), (-0.001800826, -0.0225, 0.051178314), (-0.009837697, -0.0225, 0.05025617), (-0.0023137874, -0.03, 0.055648983), (-0.010350659, -0.03, 0.05472684), (-0.0023137874, -0.0225, 0.055648983), (-0.010350659, -0.0225, 0.05472684), (-0.005447257, -0.0205, 0.05091945), (-0.013397866, -0.0205, 0.04942631), (-0.005447257, -0.013, 0.05091945), (-0.013397866, -0.013, 0.04942631), (-0.0062778452, -0.0205, 0.05534213), (-0.014228454, -0.0205, 0.053848993), (-0.0062778452, -0.013, 0.05534213), (-0.014228454, -0.013, 0.053848993), (-0.016146477, -0.03, 0.048597883), (-0.023598, -0.03, 0.045448843), (-0.016146477, -0.0225, 0.048597883), (-0.023598, -0.0225, 0.045448843), (-0.017898193, -0.03, 0.05274294), (-0.025349716, -0.03, 0.0495939), (-0.017898193, -0.0225, 0.05274294), (-0.025349716, -0.0225, 0.0495939), (-0.019572271, -0.0205, 0.047322184), (-0.026780158, -0.0205, 0.04364958), (-0.019572271, -0.013, 0.047322184), (-0.026780158, -0.013, 0.04364958), (-0.021615228, -0.0205, 0.051331714), (-0.028823117, -0.0205, 0.04765911), (-0.021615228, -0.013, 0.051331714), (-0.028823117, -0.013, 0.04765911), (-0.029184038, -0.03, 0.04208034), (-0.035446536, -0.03, 0.03695952), (-0.029184038, -0.0225, 0.04208034), (-0.035446536, -0.0225, 0.03695952), (-0.032032594, -0.03, 0.045563977), (-0.03829509, -0.03, 0.040443156), (-0.032032594, -0.0225, 0.045563977), (-0.03829509, -0.0225, 0.040443156), (-0.032111656, -0.0205, 0.039891157), (-0.037992883, -0.0205, 0.034336627), (-0.032111656, -0.013, 0.039891157), (-0.037992883, -0.013, 0.034336627), (-0.035201475, -0.0205, 0.043162704), (-0.0410827, -0.0205, 0.037608173), (-0.035201475, -0.013, 0.043162704), (-0.0410827, -0.013, 0.037608173), (-0.03985728, -0.03, 0.032153696), (-0.0444234, -0.03, 0.025475956), (-0.03985728, -0.0225, 0.032153696), (-0.0444234, -0.0225, 0.025475956), (-0.043571904, -0.03, 0.03469369), (-0.048138022, -0.03, 0.028015953), (-0.043571904, -0.0225, 0.03469369), (-0.048138022, -0.0225, 0.028015953), (-0.042049546, -0.0205, 0.029228386), (-0.046127647, -0.0205, 0.022241918), (-0.042049546, -0.013, 0.029228386), (-0.046127647, -0.013, 0.022241918), (-0.045935906, -0.0205, 0.031496912), (-0.050014008, -0.0205, 0.024510443), (-0.045935906, -0.013, 0.031496912), (-0.050014008, -0.013, 0.024510443), (-0.047301523, -0.03, 0.01962215), (-0.049801346, -0.03, 0.011928484), (-0.047301523, -0.0225, 0.01962215), (-0.049801346, -0.0225, 0.011928484), (-0.05158128, -0.03, 0.021012727), (-0.0540811, -0.03, 0.01331906), (-0.05158128, -0.0225, 0.021012727), (-0.0540811, -0.0225, 0.01331906), (-0.048580833, -0.0205, 0.016197704), (-0.050525427, -0.0205, 0.008345304), (-0.048580833, -0.013, 0.016197704), (-0.050525427, -0.013, 0.008345304), (-0.052948885, -0.0205, 0.017279424), (-0.05489348, -0.0205, 0.009427023), (-0.052948885, -0.013, 0.017279424), (-0.05489348, -0.013, 0.009427023), (-0.050913677, -0.03, 0.0055009373), (-0.051144686, -0.03, -0.0025853647), (-0.050913677, -0.0225, 0.0055009373), (-0.051144686, -0.0225, -0.0025853647), (-0.05541184, -0.03, 0.00562944), (-0.05564285, -0.03, -0.0024568625), (-0.05541184, -0.0225, 0.00562944), (-0.05564285, -0.0225, -0.0024568625), (-0.051176388, -0.0205, 0.0018547815), (-0.050829936, -0.0205, -0.0062273974), (-0.051176388, -0.013, 0.0018547815), (-0.050829936, -0.013, -0.0062273974), (-0.05567226, -0.0205, 0.0016620609), (-0.055325806, -0.0205, -0.0064201183), (-0.05567226, -0.013, 0.0016620609), (-0.055325806, -0.013, -0.0064201183), (-0.05040111, -0.03, -0.00906593), (-0.048344586, -0.03, -0.016889762), (-0.05040111, -0.0225, -0.00906593), (-0.048344586, -0.0225, -0.016889762), (-0.05475327, -0.03, -0.010209912), (-0.052696746, -0.03, -0.018033745), (-0.05475327, -0.0225, -0.010209912), (-0.052696746, -0.0225, -0.018033745), (-0.049625937, -0.0205, -0.012638405), (-0.047016505, -0.0205, -0.020295592), (-0.049625937, -0.013, -0.012638405), (-0.047016505, -0.013, -0.020295592), (-0.053885397, -0.0205, -0.014089952), (-0.05127597, -0.0205, -0.02174714), (-0.053885397, -0.013, -0.014089952), (-0.05127597, -0.013, -0.02174714), (-0.045805342, -0.03, -0.02289833), (-0.041627895, -0.03, -0.029825851), (-0.045805342, -0.0225, -0.02289833), (-0.041627895, -0.0225, -0.029825851), (-0.049658913, -0.03, -0.025222117), (-0.045481466, -0.03, -0.03214964), (-0.049658913, -0.0225, -0.025222117), (-0.045481466, -0.0225, -0.03214964), (-0.04405509, -0.0205, -0.026107702), (-0.039394077, -0.0205, -0.03271956), (-0.04405509, -0.013, -0.026107702), (-0.039394077, -0.013, -0.03271956), (-0.04773306, -0.0205, -0.028700482), (-0.043072052, -0.0205, -0.035312336), (-0.04773306, -0.013, -0.028700482), (-0.043072052, -0.013, -0.035312336), (-0.0374987, -0.03, -0.034875643), (-0.03153876, -0.03, -0.040345628), (-0.0374987, -0.0225, -0.034875643), (-0.03153876, -0.0225, -0.040345628), (-0.040541485, -0.03, -0.038190976), (-0.034581546, -0.03, -0.04366096), (-0.040541485, -0.0225, -0.038190976), (-0.034581546, -0.0225, -0.04366096), (-0.034915157, -0.0205, -0.03746191), (-0.028580176, -0.0205, -0.04249278), (-0.034915157, -0.013, -0.03746191), (-0.028580176, -0.013, -0.04249278), (-0.037713677, -0.0205, -0.040985867), (-0.031378698, -0.0205, -0.046016738), (-0.037713677, -0.013, -0.040985867), (-0.031378698, -0.013, -0.046016738), (-0.026154134, -0.03, -0.044027537), (-0.01889454, -0.03, -0.047596842), (-0.026154134, -0.0225, -0.044027537), (-0.01889454, -0.0225, -0.047596842), (-0.02813963, -0.03, -0.04806583), (-0.020880034, -0.03, -0.051635135), (-0.02813963, -0.0225, -0.04806583), (-0.020880034, -0.0225, -0.051635135), (-0.02294661, -0.0205, -0.045781177), (-0.015450879, -0.0205, -0.04882349), (-0.02294661, -0.013, -0.045781177), (-0.015450879, -0.013, -0.04882349), (-0.024638956, -0.0205, -0.049950823), (-0.017143227, -0.0205, -0.052993137), (-0.024638956, -0.013, -0.049950823), (-0.017143227, -0.013, -0.052993137), (-0.012690717, -0.03, -0.049612585), (-0.004719598, -0.03, -0.05099204), (-0.012690717, -0.0225, -0.049612585), (-0.004719598, -0.0225, -0.05099204), (-0.013458068, -0.03, -0.054046676), (-0.005486948, -0.03, -0.055426136), (-0.013458068, -0.0225, -0.054046676), (-0.005486948, -0.0225, -0.055426136), (-0.009119062, -0.0205, -0.050391525), (-0.0010698426, -0.0205, -0.05119881), (-0.009119062, -0.013, -0.050391525), (-0.0010698426, -0.013, -0.05119881), (-0.009568132, -0.0205, -0.05486906), (-0.0015189128, -0.0205, -0.05567635), (-0.009568132, -0.013, -0.05486906), (-0.0015189128, -0.013, -0.05567635), (0.001800826, -0.03, -0.051178314), (0.009837697, -0.03, -0.05025617), (0.001800826, -0.0225, -0.051178314), (0.009837697, -0.0225, -0.05025617), (0.0023137874, -0.03, -0.055648983), (0.010350659, -0.03, -0.05472684), (0.0023137874, -0.0225, -0.055648983), (0.010350659, -0.0225, -0.05472684), (0.005447257, -0.0205, -0.05091945), (0.013397866, -0.0205, -0.04942631), (0.005447257, -0.013, -0.05091945), (0.013397866, -0.013, -0.04942631), (0.0062778452, -0.0205, -0.05534213), (0.014228454, -0.0205, -0.053848993), (0.0062778452, -0.013, -0.05534213), (0.014228454, -0.013, -0.053848993), (0.016146477, -0.03, -0.048597883), (0.023598, -0.03, -0.045448843), (0.016146477, -0.0225, -0.048597883), (0.023598, -0.0225, -0.045448843), (0.017898193, -0.03, -0.05274294), (0.025349716, -0.03, -0.0495939), (0.017898193, -0.0225, -0.05274294), (0.025349716, -0.0225, -0.0495939), (0.019572271, -0.0205, -0.047322184), (0.026780158, -0.0205, -0.04364958), (0.019572271, -0.013, -0.047322184), (0.026780158, -0.013, -0.04364958), (0.021615228, -0.0205, -0.051331714), (0.028823117, -0.0205, -0.04765911), (0.021615228, -0.013, -0.051331714), (0.028823117, -0.013, -0.04765911), (0.029184038, -0.03, -0.04208034), (0.035446536, -0.03, -0.03695952), (0.029184038, -0.0225, -0.04208034), (0.035446536, -0.0225, -0.03695952), (0.032032594, -0.03, -0.045563977), (0.03829509, -0.03, -0.040443156), (0.032032594, -0.0225, -0.045563977), (0.03829509, -0.0225, -0.040443156), (0.032111656, -0.0205, -0.039891157), (0.037992883, -0.0205, -0.034336627), (0.032111656, -0.013, -0.039891157), (0.037992883, -0.013, -0.034336627), (0.035201475, -0.0205, -0.043162704), (0.0410827, -0.0205, -0.037608173), (0.035201475, -0.013, -0.043162704), (0.0410827, -0.013, -0.037608173), (0.03985728, -0.03, -0.032153696), (0.0444234, -0.03, -0.025475956), (0.03985728, -0.0225, -0.032153696), (0.0444234, -0.0225, -0.025475956), (0.043571904, -0.03, -0.03469369), (0.048138022, -0.03, -0.028015953), (0.043571904, -0.0225, -0.03469369), (0.048138022, -0.0225, -0.028015953), (0.042049546, -0.0205, -0.029228386), (0.046127647, -0.0205, -0.022241918), (0.042049546, -0.013, -0.029228386), (0.046127647, -0.013, -0.022241918), (0.045935906, -0.0205, -0.031496912), (0.050014008, -0.0205, -0.024510443), (0.045935906, -0.013, -0.031496912), (0.050014008, -0.013, -0.024510443), (0.047301523, -0.03, -0.01962215), (0.049801346, -0.03, -0.011928484), (0.047301523, -0.0225, -0.01962215), (0.049801346, -0.0225, -0.011928484), (0.05158128, -0.03, -0.021012727), (0.0540811, -0.03, -0.01331906), (0.05158128, -0.0225, -0.021012727), (0.0540811, -0.0225, -0.01331906), (0.048580833, -0.0205, -0.016197704), (0.050525427, -0.0205, -0.008345304), (0.048580833, -0.013, -0.016197704), (0.050525427, -0.013, -0.008345304), (0.052948885, -0.0205, -0.017279424), (0.05489348, -0.0205, -0.009427023), (0.052948885, -0.013, -0.017279424), (0.05489348, -0.013, -0.009427023), (0.05113221, -0.011, 0.0022026696), (0.05030228, -0.011, 0.009435853), (0.05113221, 0.011, 0.0022026696), (0.05030228, 0.011, 0.009435853), (0.055602875, -0.011, 0.002715631), (0.054772947, -0.011, 0.009948814), (0.055602875, 0.011, 0.002715631), (0.054772947, 0.011, 0.009948814), (0.04844043, -0.011, 0.016519053), (0.045606293, -0.011, 0.023225425), (0.04844043, 0.011, 0.016519053), (0.045606293, 0.011, 0.023225425), (0.052585486, -0.011, 0.018270768), (0.049751353, -0.011, 0.02497714), (0.052585486, 0.011, 0.018270768), (0.049751353, 0.011, 0.02497714), (0.041824296, -0.011, 0.029497162), (0.03721556, -0.011, 0.03513341), (0.041824296, 0.011, 0.029497162), (0.03721556, 0.011, 0.03513341), (0.045307934, -0.011, 0.03234572), (0.0406992, -0.011, 0.037981965), (0.045307934, 0.011, 0.03234572), (0.0406992, 0.011, 0.037981965), (0.03181981, -0.011, 0.040085588), (0.025809845, -0.011, 0.044195093), (0.03181981, 0.011, 0.040085588), (0.025809845, 0.011, 0.044195093), (0.0343598, -0.011, 0.04380021), (0.02834984, -0.011, 0.047909718), (0.0343598, 0.011, 0.04380021), (0.02834984, 0.011, 0.047909718), (0.019237468, -0.011, 0.047426514), (0.012313167, -0.011, 0.049676355), (0.019237468, 0.011, 0.047426514), (0.012313167, 0.011, 0.049676355), (0.020628044, -0.011, 0.05170627), (0.013703744, -0.011, 0.05395611), (0.020628044, 0.011, 0.05170627), (0.013703744, 0.011, 0.05395611), (0.0050966223, -0.011, 0.05092523), (-0.0021810494, -0.011, 0.051133133), (0.0050966223, 0.011, 0.05092523), (-0.0021810494, 0.011, 0.051133133), (0.005225125, -0.011, 0.055423394), (-0.0020525474, -0.011, 0.0556313), (0.005225125, 0.011, 0.055423394), (-0.0020525474, 0.011, 0.0556313), (-0.009457122, -0.011, 0.050298285), (-0.016498571, -0.011, 0.04844741), (-0.009457122, 0.011, 0.050298285), (-0.016498571, 0.011, 0.04844741), (-0.010601104, -0.011, 0.054650445), (-0.017642554, -0.011, 0.05279957), (-0.010601104, 0.011, 0.054650445), (-0.017642554, 0.011, 0.05279957), (-0.023244705, -0.011, 0.04559647), (-0.029479476, -0.011, 0.041836765), (-0.023244705, 0.011, 0.04559647), (-0.029479476, 0.011, 0.041836765), (-0.025568495, -0.011, 0.04945004), (-0.031803265, -0.011, 0.045690335), (-0.025568495, 0.011, 0.04945004), (-0.031803265, 0.011, 0.045690335), (-0.035149142, -0.011, 0.037200704), (-0.04007213, -0.011, 0.031836756), (-0.035149142, 0.011, 0.037200704), (-0.04007213, 0.011, 0.031836756), (-0.038464475, -0.011, 0.040243488), (-0.043387465, -0.011, 0.034879543), (-0.038464475, 0.011, 0.040243488), (-0.043387465, 0.011, 0.034879543), (-0.044206005, -0.011, 0.025791155), (-0.047418375, -0.011, 0.01925752), (-0.044206005, 0.011, 0.025791155), (-0.047418375, 0.011, 0.01925752), (-0.048244298, -0.011, 0.02777665), (-0.051456667, -0.011, 0.021243013), (-0.048244298, 0.011, 0.02777665), (-0.051456667, 0.011, 0.021243013), (-0.04968156, -0.011, 0.012292162), (-0.050923068, -0.011, 0.005118154), (-0.04968156, 0.011, 0.012292162), (-0.050923068, 0.011, 0.005118154), (-0.05411565, -0.011, 0.013059512), (-0.055357162, -0.011, 0.005885504), (-0.05411565, 0.011, 0.013059512), (-0.055357162, 0.011, 0.005885504), (-0.05113221, -0.011, -0.0022026696), (-0.05030228, -0.011, -0.009435853), (-0.05113221, 0.011, -0.0022026696), (-0.05030228, 0.011, -0.009435853), (-0.055602875, -0.011, -0.002715631), (-0.054772947, -0.011, -0.009948814), (-0.055602875, 0.011, -0.002715631), (-0.054772947, 0.011, -0.009948814), (-0.04844043, -0.011, -0.016519053), (-0.045606293, -0.011, -0.023225425), (-0.04844043, 0.011, -0.016519053), (-0.045606293, 0.011, -0.023225425), (-0.052585486, -0.011, -0.018270768), (-0.049751353, -0.011, -0.02497714), (-0.052585486, 0.011, -0.018270768), (-0.049751353, 0.011, -0.02497714), (-0.041824296, -0.011, -0.029497162), (-0.03721556, -0.011, -0.03513341), (-0.041824296, 0.011, -0.029497162), (-0.03721556, 0.011, -0.03513341), (-0.045307934, -0.011, -0.03234572), (-0.0406992, -0.011, -0.037981965), (-0.045307934, 0.011, -0.03234572), (-0.0406992, 0.011, -0.037981965), (-0.03181981, -0.011, -0.040085588), (-0.025809845, -0.011, -0.044195093), (-0.03181981, 0.011, -0.040085588), (-0.025809845, 0.011, -0.044195093), (-0.0343598, -0.011, -0.04380021), (-0.02834984, -0.011, -0.047909718), (-0.0343598, 0.011, -0.04380021), (-0.02834984, 0.011, -0.047909718), (-0.019237468, -0.011, -0.047426514), (-0.012313167, -0.011, -0.049676355), (-0.019237468, 0.011, -0.047426514), (-0.012313167, 0.011, -0.049676355), (-0.020628044, -0.011, -0.05170627), (-0.013703744, -0.011, -0.05395611), (-0.020628044, 0.011, -0.05170627), (-0.013703744, 0.011, -0.05395611), (-0.0050966223, -0.011, -0.05092523), (0.0021810494, -0.011, -0.051133133), (-0.0050966223, 0.011, -0.05092523), (0.0021810494, 0.011, -0.051133133), (-0.005225125, -0.011, -0.055423394), (0.0020525474, -0.011, -0.0556313), (-0.005225125, 0.011, -0.055423394), (0.0020525474, 0.011, -0.0556313), (0.009457122, -0.011, -0.050298285), (0.016498571, -0.011, -0.04844741), (0.009457122, 0.011, -0.050298285), (0.016498571, 0.011, -0.04844741), (0.010601104, -0.011, -0.054650445), (0.017642554, -0.011, -0.05279957), (0.010601104, 0.011, -0.054650445), (0.017642554, 0.011, -0.05279957), (0.023244705, -0.011, -0.04559647), (0.029479476, -0.011, -0.041836765), (0.023244705, 0.011, -0.04559647), (0.029479476, 0.011, -0.041836765), (0.025568495, -0.011, -0.04945004), (0.031803265, -0.011, -0.045690335), (0.025568495, 0.011, -0.04945004), (0.031803265, 0.011, -0.045690335), (0.035149142, -0.011, -0.037200704), (0.04007213, -0.011, -0.031836756), (0.035149142, 0.011, -0.037200704), (0.04007213, 0.011, -0.031836756), (0.038464475, -0.011, -0.040243488), (0.043387465, -0.011, -0.034879543), (0.038464475, 0.011, -0.040243488), (0.043387465, 0.011, -0.034879543), (0.044206005, -0.011, -0.025791155), (0.047418375, -0.011, -0.01925752), (0.044206005, 0.011, -0.025791155), (0.047418375, 0.011, -0.01925752), (0.048244298, -0.011, -0.02777665), (0.051456667, -0.011, -0.021243013), (0.048244298, 0.011, -0.02777665), (0.051456667, 0.011, -0.021243013), (0.04968156, -0.011, -0.012292162), (0.050923068, -0.011, -0.005118154), (0.04968156, 0.011, -0.012292162), (0.050923068, 0.011, -0.005118154), (0.05411565, -0.011, -0.013059512), (0.055357162, -0.011, -0.005885504), (0.05411565, 0.011, -0.013059512), (0.055357162, 0.011, -0.005885504), (0.050913677, 0.013, -0.0055009373), (0.051144686, 0.013, 0.0025853647), (0.050913677, 0.0205, -0.0055009373), (0.051144686, 0.0205, 0.0025853647), (0.05541184, 0.013, -0.00562944), (0.05564285, 0.013, 0.0024568625), (0.05541184, 0.0205, -0.00562944), (0.05564285, 0.0205, 0.0024568625), (0.051176388, 0.0225, -0.0018547815), (0.050829936, 0.0225, 0.0062273974), (0.051176388, 0.03, -0.0018547815), (0.050829936, 0.03, 0.0062273974), (0.05567226, 0.0225, -0.0016620609), (0.055325806, 0.0225, 0.0064201183), (0.05567226, 0.03, -0.0016620609), (0.055325806, 0.03, 0.0064201183), (0.05040111, 0.013, 0.00906593), (0.048344586, 0.013, 0.016889762), (0.05040111, 0.0205, 0.00906593), (0.048344586, 0.0205, 0.016889762), (0.05475327, 0.013, 0.010209912), (0.052696746, 0.013, 0.018033745), (0.05475327, 0.0205, 0.010209912), (0.052696746, 0.0205, 0.018033745), (0.049625937, 0.0225, 0.012638405), (0.047016505, 0.0225, 0.020295592), (0.049625937, 0.03, 0.012638405), (0.047016505, 0.03, 0.020295592), (0.053885397, 0.0225, 0.014089952), (0.05127597, 0.0225, 0.02174714), (0.053885397, 0.03, 0.014089952), (0.05127597, 0.03, 0.02174714), (0.045805342, 0.013, 0.02289833), (0.041627895, 0.013, 0.029825851), (0.045805342, 0.0205, 0.02289833), (0.041627895, 0.0205, 0.029825851), (0.049658913, 0.013, 0.025222117), (0.045481466, 0.013, 0.03214964), (0.049658913, 0.0205, 0.025222117), (0.045481466, 0.0205, 0.03214964), (0.04405509, 0.0225, 0.026107702), (0.039394077, 0.0225, 0.03271956), (0.04405509, 0.03, 0.026107702), (0.039394077, 0.03, 0.03271956), (0.04773306, 0.0225, 0.028700482), (0.043072052, 0.0225, 0.035312336), (0.04773306, 0.03, 0.028700482), (0.043072052, 0.03, 0.035312336), (0.0374987, 0.013, 0.034875643), (0.03153876, 0.013, 0.040345628), (0.0374987, 0.0205, 0.034875643), (0.03153876, 0.0205, 0.040345628), (0.040541485, 0.013, 0.038190976), (0.034581546, 0.013, 0.04366096), (0.040541485, 0.0205, 0.038190976), (0.034581546, 0.0205, 0.04366096), (0.034915157, 0.0225, 0.03746191), (0.028580176, 0.0225, 0.04249278), (0.034915157, 0.03, 0.03746191), (0.028580176, 0.03, 0.04249278), (0.037713677, 0.0225, 0.040985867), (0.031378698, 0.0225, 0.046016738), (0.037713677, 0.03, 0.040985867), (0.031378698, 0.03, 0.046016738), (0.026154134, 0.013, 0.044027537), (0.01889454, 0.013, 0.047596842), (0.026154134, 0.0205, 0.044027537), (0.01889454, 0.0205, 0.047596842), (0.02813963, 0.013, 0.04806583), (0.020880034, 0.013, 0.051635135), (0.02813963, 0.0205, 0.04806583), (0.020880034, 0.0205, 0.051635135), (0.02294661, 0.0225, 0.045781177), (0.015450879, 0.0225, 0.04882349), (0.02294661, 0.03, 0.045781177), (0.015450879, 0.03, 0.04882349), (0.024638956, 0.0225, 0.049950823), (0.017143227, 0.0225, 0.052993137), (0.024638956, 0.03, 0.049950823), (0.017143227, 0.03, 0.052993137), (0.012690717, 0.013, 0.049612585), (0.004719598, 0.013, 0.05099204), (0.012690717, 0.0205, 0.049612585), (0.004719598, 0.0205, 0.05099204), (0.013458068, 0.013, 0.054046676), (0.005486948, 0.013, 0.055426136), (0.013458068, 0.0205, 0.054046676), (0.005486948, 0.0205, 0.055426136), (0.009119062, 0.0225, 0.050391525), (0.0010698426, 0.0225, 0.05119881), (0.009119062, 0.03, 0.050391525), (0.0010698426, 0.03, 0.05119881), (0.009568132, 0.0225, 0.05486906), (0.0015189128, 0.0225, 0.05567635), (0.009568132, 0.03, 0.05486906), (0.0015189128, 0.03, 0.05567635), (-0.001800826, 0.013, 0.051178314), (-0.009837697, 0.013, 0.05025617), (-0.001800826, 0.0205, 0.051178314), (-0.009837697, 0.0205, 0.05025617), (-0.0023137874, 0.013, 0.055648983), (-0.010350659, 0.013, 0.05472684), (-0.0023137874, 0.0205, 0.055648983), (-0.010350659, 0.0205, 0.05472684), (-0.005447257, 0.0225, 0.05091945), (-0.013397866, 0.0225, 0.04942631), (-0.005447257, 0.03, 0.05091945), (-0.013397866, 0.03, 0.04942631), (-0.0062778452, 0.0225, 0.05534213), (-0.014228454, 0.0225, 0.053848993), (-0.0062778452, 0.03, 0.05534213), (-0.014228454, 0.03, 0.053848993), (-0.016146477, 0.013, 0.048597883), (-0.023598, 0.013, 0.045448843), (-0.016146477, 0.0205, 0.048597883), (-0.023598, 0.0205, 0.045448843), (-0.017898193, 0.013, 0.05274294), (-0.025349716, 0.013, 0.0495939), (-0.017898193, 0.0205, 0.05274294), (-0.025349716, 0.0205, 0.0495939), (-0.019572271, 0.0225, 0.047322184), (-0.026780158, 0.0225, 0.04364958), (-0.019572271, 0.03, 0.047322184), (-0.026780158, 0.03, 0.04364958), (-0.021615228, 0.0225, 0.051331714), (-0.028823117, 0.0225, 0.04765911), (-0.021615228, 0.03, 0.051331714), (-0.028823117, 0.03, 0.04765911), (-0.029184038, 0.013, 0.04208034), (-0.035446536, 0.013, 0.03695952), (-0.029184038, 0.0205, 0.04208034), (-0.035446536, 0.0205, 0.03695952), (-0.032032594, 0.013, 0.045563977), (-0.03829509, 0.013, 0.040443156), (-0.032032594, 0.0205, 0.045563977), (-0.03829509, 0.0205, 0.040443156), (-0.032111656, 0.0225, 0.039891157), (-0.037992883, 0.0225, 0.034336627), (-0.032111656, 0.03, 0.039891157), (-0.037992883, 0.03, 0.034336627), (-0.035201475, 0.0225, 0.043162704), (-0.0410827, 0.0225, 0.037608173), (-0.035201475, 0.03, 0.043162704), (-0.0410827, 0.03, 0.037608173), (-0.03985728, 0.013, 0.032153696), (-0.0444234, 0.013, 0.025475956), (-0.03985728, 0.0205, 0.032153696), (-0.0444234, 0.0205, 0.025475956), (-0.043571904, 0.013, 0.03469369), (-0.048138022, 0.013, 0.028015953), (-0.043571904, 0.0205, 0.03469369), (-0.048138022, 0.0205, 0.028015953), (-0.042049546, 0.0225, 0.029228386), (-0.046127647, 0.0225, 0.022241918), (-0.042049546, 0.03, 0.029228386), (-0.046127647, 0.03, 0.022241918), (-0.045935906, 0.0225, 0.031496912), (-0.050014008, 0.0225, 0.024510443), (-0.045935906, 0.03, 0.031496912), (-0.050014008, 0.03, 0.024510443), (-0.047301523, 0.013, 0.01962215), (-0.049801346, 0.013, 0.011928484), (-0.047301523, 0.0205, 0.01962215), (-0.049801346, 0.0205, 0.011928484), (-0.05158128, 0.013, 0.021012727), (-0.0540811, 0.013, 0.01331906), (-0.05158128, 0.0205, 0.021012727), (-0.0540811, 0.0205, 0.01331906), (-0.048580833, 0.0225, 0.016197704), (-0.050525427, 0.0225, 0.008345304), (-0.048580833, 0.03, 0.016197704), (-0.050525427, 0.03, 0.008345304), (-0.052948885, 0.0225, 0.017279424), (-0.05489348, 0.0225, 0.009427023), (-0.052948885, 0.03, 0.017279424), (-0.05489348, 0.03, 0.009427023), (-0.050913677, 0.013, 0.0055009373), (-0.051144686, 0.013, -0.0025853647), (-0.050913677, 0.0205, 0.0055009373), (-0.051144686, 0.0205, -0.0025853647), (-0.05541184, 0.013, 0.00562944), (-0.05564285, 0.013, -0.0024568625), (-0.05541184, 0.0205, 0.00562944), (-0.05564285, 0.0205, -0.0024568625), (-0.051176388, 0.0225, 0.0018547815), (-0.050829936, 0.0225, -0.0062273974), (-0.051176388, 0.03, 0.0018547815), (-0.050829936, 0.03, -0.0062273974), (-0.05567226, 0.0225, 0.0016620609), (-0.055325806, 0.0225, -0.0064201183), (-0.05567226, 0.03, 0.0016620609), (-0.055325806, 0.03, -0.0064201183), (-0.05040111, 0.013, -0.00906593), (-0.048344586, 0.013, -0.016889762), (-0.05040111, 0.0205, -0.00906593), (-0.048344586, 0.0205, -0.016889762), (-0.05475327, 0.013, -0.010209912), (-0.052696746, 0.013, -0.018033745), (-0.05475327, 0.0205, -0.010209912), (-0.052696746, 0.0205, -0.018033745), (-0.049625937, 0.0225, -0.012638405), (-0.047016505, 0.0225, -0.020295592), (-0.049625937, 0.03, -0.012638405), (-0.047016505, 0.03, -0.020295592), (-0.053885397, 0.0225, -0.014089952), (-0.05127597, 0.0225, -0.02174714), (-0.053885397, 0.03, -0.014089952), (-0.05127597, 0.03, -0.02174714), (-0.045805342, 0.013, -0.02289833), (-0.041627895, 0.013, -0.029825851), (-0.045805342, 0.0205, -0.02289833), (-0.041627895, 0.0205, -0.029825851), (-0.049658913, 0.013, -0.025222117), (-0.045481466, 0.013, -0.03214964), (-0.049658913, 0.0205, -0.025222117), (-0.045481466, 0.0205, -0.03214964), (-0.04405509, 0.0225, -0.026107702), (-0.039394077, 0.0225, -0.03271956), (-0.04405509, 0.03, -0.026107702), (-0.039394077, 0.03, -0.03271956), (-0.04773306, 0.0225, -0.028700482), (-0.043072052, 0.0225, -0.035312336), (-0.04773306, 0.03, -0.028700482), (-0.043072052, 0.03, -0.035312336), (-0.0374987, 0.013, -0.034875643), (-0.03153876, 0.013, -0.040345628), (-0.0374987, 0.0205, -0.034875643), (-0.03153876, 0.0205, -0.040345628), (-0.040541485, 0.013, -0.038190976), (-0.034581546, 0.013, -0.04366096), (-0.040541485, 0.0205, -0.038190976), (-0.034581546, 0.0205, -0.04366096), (-0.034915157, 0.0225, -0.03746191), (-0.028580176, 0.0225, -0.04249278), (-0.034915157, 0.03, -0.03746191), (-0.028580176, 0.03, -0.04249278), (-0.037713677, 0.0225, -0.040985867), (-0.031378698, 0.0225, -0.046016738), (-0.037713677, 0.03, -0.040985867), (-0.031378698, 0.03, -0.046016738), (-0.026154134, 0.013, -0.044027537), (-0.01889454, 0.013, -0.047596842), (-0.026154134, 0.0205, -0.044027537), (-0.01889454, 0.0205, -0.047596842), (-0.02813963, 0.013, -0.04806583), (-0.020880034, 0.013, -0.051635135), (-0.02813963, 0.0205, -0.04806583), (-0.020880034, 0.0205, -0.051635135), (-0.02294661, 0.0225, -0.045781177), (-0.015450879, 0.0225, -0.04882349), (-0.02294661, 0.03, -0.045781177), (-0.015450879, 0.03, -0.04882349), (-0.024638956, 0.0225, -0.049950823), (-0.017143227, 0.0225, -0.052993137), (-0.024638956, 0.03, -0.049950823), (-0.017143227, 0.03, -0.052993137), (-0.012690717, 0.013, -0.049612585), (-0.004719598, 0.013, -0.05099204), (-0.012690717, 0.0205, -0.049612585), (-0.004719598, 0.0205, -0.05099204), (-0.013458068, 0.013, -0.054046676), (-0.005486948, 0.013, -0.055426136), (-0.013458068, 0.0205, -0.054046676), (-0.005486948, 0.0205, -0.055426136), (-0.009119062, 0.0225, -0.050391525), (-0.0010698426, 0.0225, -0.05119881), (-0.009119062, 0.03, -0.050391525), (-0.0010698426, 0.03, -0.05119881), (-0.009568132, 0.0225, -0.05486906), (-0.0015189128, 0.0225, -0.05567635), (-0.009568132, 0.03, -0.05486906), (-0.0015189128, 0.03, -0.05567635), (0.001800826, 0.013, -0.051178314), (0.009837697, 0.013, -0.05025617), (0.001800826, 0.0205, -0.051178314), (0.009837697, 0.0205, -0.05025617), (0.0023137874, 0.013, -0.055648983), (0.010350659, 0.013, -0.05472684), (0.0023137874, 0.0205, -0.055648983), (0.010350659, 0.0205, -0.05472684), (0.005447257, 0.0225, -0.05091945), (0.013397866, 0.0225, -0.04942631), (0.005447257, 0.03, -0.05091945), (0.013397866, 0.03, -0.04942631), (0.0062778452, 0.0225, -0.05534213), (0.014228454, 0.0225, -0.053848993), (0.0062778452, 0.03, -0.05534213), (0.014228454, 0.03, -0.053848993), (0.016146477, 0.013, -0.048597883), (0.023598, 0.013, -0.045448843), (0.016146477, 0.0205, -0.048597883), (0.023598, 0.0205, -0.045448843), (0.017898193, 0.013, -0.05274294), (0.025349716, 0.013, -0.0495939), (0.017898193, 0.0205, -0.05274294), (0.025349716, 0.0205, -0.0495939), (0.019572271, 0.0225, -0.047322184), (0.026780158, 0.0225, -0.04364958), (0.019572271, 0.03, -0.047322184), (0.026780158, 0.03, -0.04364958), (0.021615228, 0.0225, -0.051331714), (0.028823117, 0.0225, -0.04765911), (0.021615228, 0.03, -0.051331714), (0.028823117, 0.03, -0.04765911), (0.029184038, 0.013, -0.04208034), (0.035446536, 0.013, -0.03695952), (0.029184038, 0.0205, -0.04208034), (0.035446536, 0.0205, -0.03695952), (0.032032594, 0.013, -0.045563977), (0.03829509, 0.013, -0.040443156), (0.032032594, 0.0205, -0.045563977), (0.03829509, 0.0205, -0.040443156), (0.032111656, 0.0225, -0.039891157), (0.037992883, 0.0225, -0.034336627), (0.032111656, 0.03, -0.039891157), (0.037992883, 0.03, -0.034336627), (0.035201475, 0.0225, -0.043162704), (0.0410827, 0.0225, -0.037608173), (0.035201475, 0.03, -0.043162704), (0.0410827, 0.03, -0.037608173), (0.03985728, 0.013, -0.032153696), (0.0444234, 0.013, -0.025475956), (0.03985728, 0.0205, -0.032153696), (0.0444234, 0.0205, -0.025475956), (0.043571904, 0.013, -0.03469369), (0.048138022, 0.013, -0.028015953), (0.043571904, 0.0205, -0.03469369), (0.048138022, 0.0205, -0.028015953), (0.042049546, 0.0225, -0.029228386), (0.046127647, 0.0225, -0.022241918), (0.042049546, 0.03, -0.029228386), (0.046127647, 0.03, -0.022241918), (0.045935906, 0.0225, -0.031496912), (0.050014008, 0.0225, -0.024510443), (0.045935906, 0.03, -0.031496912), (0.050014008, 0.03, -0.024510443), (0.047301523, 0.013, -0.01962215), (0.049801346, 0.013, -0.011928484), (0.047301523, 0.0205, -0.01962215), (0.049801346, 0.0205, -0.011928484), (0.05158128, 0.013, -0.021012727), (0.0540811, 0.013, -0.01331906), (0.05158128, 0.0205, -0.021012727), (0.0540811, 0.0205, -0.01331906), (0.048580833, 0.0225, -0.016197704), (0.050525427, 0.0225, -0.008345304), (0.048580833, 0.03, -0.016197704), (0.050525427, 0.03, -0.008345304), (0.052948885, 0.0225, -0.017279424), (0.05489348, 0.0225, -0.009427023), (0.052948885, 0.03, -0.017279424), (0.05489348, 0.03, -0.009427023)]
            uniform token subdivisionScheme = "none"
        }

        def Mesh "rim" (
            prepend apiSchemas = ["MaterialBindingAPI"]
        )
        {
            uniform bool doubleSided = 1
            float3[] extent = [(-0.036, -0.029, -0.036), (0.036, 0.028, 0.036)]
            int[] faceVertexCounts = [4, 4, 4, 4, 4, 4, 4, 4, 4, 4, 4, 4, 4, 4, 4, 4, 4, 4, 4, 4, 4, 4, 4, 4, 4, 4, 4, 4, 4, 4, 4, 4, 4, 4, 4, 4, 4, 4, 4, 4, 4, 4, 4, 4, 4, 4, 4, 4, 4, 4, 4, 4, 4, 4, 4, 4, 4, 4, 4, 4, 4, 4, 4, 4, 4, 4, 4, 4, 4, 4, 4, 4, 4, 4, 4, 4, 4, 4, 4, 4, 4, 4, 4, 4, 4, 4, 4, 4, 4, 4, 4, 4, 4, 4, 4, 4, 4, 4, 4, 4, 4, 4, 4, 4, 4, 4, 4, 4, 4, 4, 4, 4, 4, 4, 4, 4, 4, 4, 4, 4, 4, 4, 4, 4, 4, 4, 4, 4, 4, 4, 4, 4, 4, 4, 4, 4, 4, 4, 4, 4, 4, 4, 4, 4, 4, 4, 4, 4, 4, 4, 4, 4, 4, 4, 4, 4, 4, 4, 4, 4, 4, 4, 4, 4, 4, 4, 4, 4, 4, 4, 4, 4, 4, 4, 4, 4, 4, 4, 4, 4, 4, 4, 4, 4, 4, 4, 4, 4, 4, 4, 4, 4, 4, 4, 4, 4, 4, 4, 4, 4, 4, 4, 4, 4, 4, 4, 4, 4, 4, 4, 20, 20, 4, 4, 4, 4, 4, 4, 4, 4, 4, 4, 4, 4, 4, 4, 4, 4, 4, 4, 4, 4, 4, 4, 4, 4, 4, 4, 4, 4, 4, 4, 30, 30]
            int[] faceVertexIndices = [1, 3, 2, 0, 3, 5, 4, 2, 5, 7, 6, 4, 7, 9, 8, 6, 9, 11, 10, 8, 11, 13, 12, 10, 13, 15, 14, 12, 15, 17, 16, 14, 17, 19, 18, 16, 19, 21, 20, 18, 21, 23, 22, 20, 23, 25, 24, 22, 25, 27, 26, 24, 27, 29, 28, 26, 29, 31, 30, 28, 31, 33, 32, 30, 33, 35, 34, 32, 35, 37, 36, 34, 37, 39, 38, 36, 39, 41, 40, 38, 41, 43, 42, 40, 43, 45, 44, 42, 45, 47, 46, 44, 47, 49, 48, 46, 49, 51, 50, 48, 51, 53, 52, 50, 53, 55, 54, 52, 55, 57, 56, 54, 57, 59, 58, 56, 59, 61, 60, 58, 61, 63, 62, 60, 63, 65, 64, 62, 65, 67, 66, 64, 67, 69, 68, 66, 69, 71, 70, 68, 71, 73, 72, 70, 73, 75, 74, 72, 75, 77, 76, 74, 77, 79, 78, 76, 79, 1, 0, 78, 80, 84, 85, 81, 81, 85, 86, 82, 82, 86, 87, 83, 84, 88, 89, 85, 85, 89, 90, 86, 86, 90, 91, 87, 88, 92, 93, 89, 89, 93, 94, 90, 90, 94, 95, 91, 92, 96, 97, 93, 93, 97, 98, 94, 94, 98, 99, 95, 96, 100, 101, 97, 97, 101, 102, 98, 98, 102, 103, 99, 100, 104, 105, 101, 101, 105, 106, 102, 102, 106, 107, 103, 104, 108, 109, 105, 105, 109, 110, 106, 106, 110, 111, 107, 108, 112, 113, 109, 109, 113, 114, 110, 110, 114, 115, 111, 112, 116, 117, 113, 113, 117, 118, 114, 114, 118, 119, 115, 116, 120, 121, 117, 117, 121, 122, 118, 118, 122, 123, 119, 120, 124, 125, 121, 121, 125, 126, 122, 122, 126, 127, 123, 124, 128, 129, 125, 125, 129, 130, 126, 126, 130, 131, 127, 128, 132, 133, 129, 129, 133, 134, 130, 130, 134, 135, 131, 132, 136, 137, 133, 133, 137, 138, 134, 134, 138, 139, 135, 136, 140, 141, 137, 137, 141, 142, 138, 138, 142, 143, 139, 140, 144, 145, 141, 141, 145, 146, 142, 142, 146, 147, 143, 144, 148, 149, 145, 145, 149, 150, 146, 146, 150, 151, 147, 148, 152, 153, 149, 149, 153, 154, 150, 150, 154, 155, 151, 152, 156, 157, 153, 153, 157, 158, 154, 154, 158, 159, 155, 156, 160, 161, 157, 157, 161, 162, 158, 158, 162, 163, 159, 160, 164, 165, 161, 161, 165, 166, 162, 162, 166, 167, 163, 164, 168, 169, 165, 165, 169, 170, 166, 166, 170, 171, 167, 168, 172, 173, 169, 169, 173, 174, 170, 170, 174, 175, 171, 172, 176, 177, 173, 173, 177, 178, 174, 174, 178, 179, 175, 176, 180, 181, 177, 177, 181, 182, 178, 178, 182, 183, 179, 180, 184, 185, 181, 181, 185, 186, 182, 182, 186, 187, 183, 184, 188, 189, 185, 185, 189, 190, 186, 186, 190, 191, 187, 188, 192, 193, 189, 189, 193, 194, 190, 190, 194, 195, 191, 192, 196, 197, 193, 193, 197, 198, 194, 194, 198, 199, 195, 196, 200, 201, 197, 197, 201, 202, 198, 198, 202, 203, 199, 200, 204, 205, 201, 201, 205, 206, 202, 202, 206, 207, 203, 204, 208, 209, 205, 205, 209, 210, 206, 206, 210, 211, 207, 208, 212, 213, 209, 209, 213, 214, 210, 210, 214, 215, 211, 212, 216, 217, 213, 213, 217, 218, 214, 214, 218, 219, 215, 216, 220, 221, 217, 217, 221, 222, 218, 218, 222, 223, 219, 220, 224, 225, 221, 221, 225, 226, 222, 222, 226, 227, 223, 224, 228, 229, 225, 225, 229, 230, 226, 226, 230, 231, 227, 228, 232, 233, 229, 229, 233, 234, 230, 230, 234, 235, 231, 232, 236, 237, 233, 233, 237, 238, 234, 234, 238, 239, 235, 236, 80, 81, 237, 237, 81, 82, 238, 238, 82, 83, 239, 240, 241, 243, 242, 244, 246, 247, 245, 240, 244, 245, 241, 242, 243, 247, 246, 240, 242, 246, 244, 241, 245, 247, 243, 248, 249, 251, 250, 252, 254, 255, 253, 248, 252, 253, 249, 250, 251, 255, 254, 248, 250, 254, 252, 249, 253, 255, 251, 256, 257, 259, 258, 260, 262, 263, 261, 256, 260, 261, 257, 258, 259, 263, 262, 256, 258, 262, 260, 257, 261, 263, 259, 264, 265, 267, 266, 268, 270, 271, 269, 264, 268, 269, 265, 266, 267, 271, 270, 264, 266, 270, 268, 265, 269, 271, 267, 272, 273, 275, 274, 276, 278, 279, 277, 272, 276, 277, 273, 274, 275, 279, 278, 272, 274, 278, 276, 273, 277, 279, 275, 280, 282, 283, 281, 282, 284, 285, 283, 284, 286, 287, 285, 286, 288, 289, 287, 288, 290, 291, 289, 290, 292, 293, 291, 292, 294, 295, 293, 294, 296, 297, 295, 296, 298, 299, 297, 298, 300, 301, 299, 300, 302, 303, 301, 302, 304, 305, 303, 304, 306, 307, 305, 306, 308, 309, 307, 308, 310, 311, 309, 310, 312, 313, 311, 312, 314, 315, 313, 314, 316, 317, 315, 316, 318, 319, 317, 318, 280, 281, 319, 318, 316, 314, 312, 310, 308, 306, 304, 302, 300, 298, 296, 294, 292, 290, 288, 286, 284, 282, 280, 281, 283, 285, 287, 289, 291, 293, 295, 297, 299, 301, 303, 305, 307, 309, 311, 313, 315, 317, 319, 320, 322, 323, 321, 322, 324, 325, 323, 324, 326, 327, 325, 326, 328, 329, 327, 328, 330, 331, 329, 330, 332, 333, 331, 332, 334, 335, 333, 334, 336, 337, 335, 336, 338, 339, 337, 338, 340, 341, 339, 340, 342, 343, 341, 342, 344, 345, 343, 344, 346, 347, 345, 346, 348, 349, 347, 348, 350, 351, 349, 350, 352, 353, 351, 352, 354, 355, 353, 354, 356, 357, 355, 356, 358, 359, 357, 358, 360, 361, 359, 360, 362, 363, 361, 362, 364, 365, 363, 364, 366, 367, 365, 366, 368, 369, 367, 368, 370, 371, 369, 370, 372, 373, 371, 372, 374, 375, 373, 374, 376, 377, 375, 376, 378, 379, 377, 378, 320, 321, 379, 378, 376, 374, 372, 370, 368, 366, 364, 362, 360, 358, 356, 354, 352, 350, 348, 346, 344, 342, 340, 338, 336, 334, 332, 330, 328, 326, 324, 322, 320, 321, 323, 325, 327, 329, 331, 333, 335, 337, 339, 341, 343, 345, 347, 349, 351, 353, 355, 357, 359, 361, 363, 365, 367, 369, 371, 373, 375, 377, 379]
            rel material:binding = </rc_car/Looks/rim_blk>
            point3f[] points = [(0.036, -0.028, 0), (0.036, 0.028, 0), (0.035556782, -0.028, 0.0056316406), (0.035556782, 0.028, 0.0056316406), (0.034238033, -0.028, 0.011124612), (0.034238033, 0.028, 0.011124612), (0.032076236, -0.028, 0.016343659), (0.032076236, 0.028, 0.016343659), (0.029124612, -0.028, 0.02116027), (0.029124612, 0.028, 0.02116027), (0.025455844, -0.028, 0.025455844), (0.025455844, 0.028, 0.025455844), (0.02116027, -0.028, 0.029124612), (0.02116027, 0.028, 0.029124612), (0.016343659, -0.028, 0.032076236), (0.016343659, 0.028, 0.032076236), (0.011124612, -0.028, 0.034238033), (0.011124612, 0.028, 0.034238033), (0.0056316406, -0.028, 0.035556782), (0.0056316406, 0.028, 0.035556782), (2.2043642e-18, -0.028, 0.036), (2.2043642e-18, 0.028, 0.036), (-0.0056316406, -0.028, 0.035556782), (-0.0056316406, 0.028, 0.035556782), (-0.011124612, -0.028, 0.034238033), (-0.011124612, 0.028, 0.034238033), (-0.016343659, -0.028, 0.032076236), (-0.016343659, 0.028, 0.032076236), (-0.02116027, -0.028, 0.029124612), (-0.02116027, 0.028, 0.029124612), (-0.025455844, -0.028, 0.025455844), (-0.025455844, 0.028, 0.025455844), (-0.029124612, -0.028, 0.02116027), (-0.029124612, 0.028, 0.02116027), (-0.032076236, -0.028, 0.016343659), (-0.032076236, 0.028, 0.016343659), (-0.034238033, -0.028, 0.011124612), (-0.034238033, 0.028, 0.011124612), (-0.035556782, -0.028, 0.0056316406), (-0.035556782, 0.028, 0.0056316406), (-0.036, -0.028, 4.4087283e-18), (-0.036, 0.028, 4.4087283e-18), (-0.035556782, -0.028, -0.0056316406), (-0.035556782, 0.028, -0.0056316406), (-0.034238033, -0.028, -0.011124612), (-0.034238033, 0.028, -0.011124612), (-0.032076236, -0.028, -0.016343659), (-0.032076236, 0.028, -0.016343659), (-0.029124612, -0.028, -0.02116027), (-0.029124612, 0.028, -0.02116027), (-0.025455844, -0.028, -0.025455844), (-0.025455844, 0.028, -0.025455844), (-0.02116027, -0.028, -0.029124612), (-0.02116027, 0.028, -0.029124612), (-0.016343659, -0.028, -0.032076236), (-0.016343659, 0.028, -0.032076236), (-0.011124612, -0.028, -0.034238033), (-0.011124612, 0.028, -0.034238033), (-0.0056316406, -0.028, -0.035556782), (-0.0056316406, 0.028, -0.035556782), (-6.6130927e-18, -0.028, -0.036), (-6.6130927e-18, 0.028, -0.036), (0.0056316406, -0.028, -0.035556782), (0.0056316406, 0.028, -0.035556782), (0.011124612, -0.028, -0.034238033), (0.011124612, 0.028, -0.034238033), (0.016343659, -0.028, -0.032076236), (0.016343659, 0.028, -0.032076236), (0.02116027, -0.028, -0.029124612), (0.02116027, 0.028, -0.029124612), (0.025455844, -0.028, -0.025455844), (0.025455844, 0.028, -0.025455844), (0.029124612, -0.028, -0.02116027), (0.029124612, 0.028, -0.02116027), (0.032076236, -0.028, -0.016343659), (0.032076236, 0.028, -0.016343659), (0.034238033, -0.028, -0.011124612), (0.034238033, 0.028, -0.011124612), (0.035556782, -0.028, -0.0056316406), (0.035556782, 0.028, -0.0056316406), (0.029, -0.025, 0), (0.036, -0.025, 0), (0.036, -0.029, 0), (0.029, -0.029, 0), (0.028642962, -0.025, 0.0045365994), (0.035556782, -0.025, 0.0056316406), (0.035556782, -0.029, 0.0056316406), (0.028642962, -0.029, 0.0045365994), (0.02758064, -0.025, 0.008961493), (0.034238033, -0.025, 0.011124612), (0.034238033, -0.029, 0.011124612), (0.02758064, -0.029, 0.008961493), (0.025839189, -0.025, 0.013165724), (0.032076236, -0.025, 0.016343659), (0.032076236, -0.029, 0.016343659), (0.025839189, -0.029, 0.013165724), (0.023461493, -0.025, 0.017045772), (0.029124612, -0.025, 0.02116027), (0.029124612, -0.029, 0.02116027), (0.023461493, -0.029, 0.017045772), (0.020506097, -0.025, 0.020506097), (0.025455844, -0.025, 0.025455844), (0.025455844, -0.029, 0.025455844), (0.020506097, -0.029, 0.020506097), (0.017045772, -0.025, 0.023461493), (0.02116027, -0.025, 0.029124612), (0.02116027, -0.029, 0.029124612), (0.017045772, -0.029, 0.023461493), (0.013165724, -0.025, 0.025839189), (0.016343659, -0.025, 0.032076236), (0.016343659, -0.029, 0.032076236), (0.013165724, -0.029, 0.025839189), (0.008961493, -0.025, 0.02758064), (0.011124612, -0.025, 0.034238033), (0.011124612, -0.029, 0.034238033), (0.008961493, -0.029, 0.02758064), (0.0045365994, -0.025, 0.028642962), (0.0056316406, -0.025, 0.035556782), (0.0056316406, -0.029, 0.035556782), (0.0045365994, -0.029, 0.028642962), (1.7757378e-18, -0.025, 0.029), (2.2043642e-18, -0.025, 0.036), (2.2043642e-18, -0.029, 0.036), (1.7757378e-18, -0.029, 0.029), (-0.0045365994, -0.025, 0.028642962), (-0.0056316406, -0.025, 0.035556782), (-0.0056316406, -0.029, 0.035556782), (-0.0045365994, -0.029, 0.028642962), (-0.008961493, -0.025, 0.02758064), (-0.011124612, -0.025, 0.034238033), (-0.011124612, -0.029, 0.034238033), (-0.008961493, -0.029, 0.02758064), (-0.013165724, -0.025, 0.025839189), (-0.016343659, -0.025, 0.032076236), (-0.016343659, -0.029, 0.032076236), (-0.013165724, -0.029, 0.025839189), (-0.017045772, -0.025, 0.023461493), (-0.02116027, -0.025, 0.029124612), (-0.02116027, -0.029, 0.029124612), (-0.017045772, -0.029, 0.023461493), (-0.020506097, -0.025, 0.020506097), (-0.025455844, -0.025, 0.025455844), (-0.025455844, -0.029, 0.025455844), (-0.020506097, -0.029, 0.020506097), (-0.023461493, -0.025, 0.017045772), (-0.029124612, -0.025, 0.02116027), (-0.029124612, -0.029, 0.02116027), (-0.023461493, -0.029, 0.017045772), (-0.025839189, -0.025, 0.013165724), (-0.032076236, -0.025, 0.016343659), (-0.032076236, -0.029, 0.016343659), (-0.025839189, -0.029, 0.013165724), (-0.02758064, -0.025, 0.008961493), (-0.034238033, -0.025, 0.011124612), (-0.034238033, -0.029, 0.011124612), (-0.02758064, -0.029, 0.008961493), (-0.028642962, -0.025, 0.0045365994), (-0.035556782, -0.025, 0.0056316406), (-0.035556782, -0.029, 0.0056316406), (-0.028642962, -0.029, 0.0045365994), (-0.029, -0.025, 3.5514756e-18), (-0.036, -0.025, 4.4087283e-18), (-0.036, -0.029, 4.4087283e-18), (-0.029, -0.029, 3.5514756e-18), (-0.028642962, -0.025, -0.0045365994), (-0.035556782, -0.025, -0.0056316406), (-0.035556782, -0.029, -0.0056316406), (-0.028642962, -0.029, -0.0045365994), (-0.02758064, -0.025, -0.008961493), (-0.034238033, -0.025, -0.011124612), (-0.034238033, -0.029, -0.011124612), (-0.02758064, -0.029, -0.008961493), (-0.025839189, -0.025, -0.013165724), (-0.032076236, -0.025, -0.016343659), (-0.032076236, -0.029, -0.016343659), (-0.025839189, -0.029, -0.013165724), (-0.023461493, -0.025, -0.017045772), (-0.029124612, -0.025, -0.02116027), (-0.029124612, -0.029, -0.02116027), (-0.023461493, -0.029, -0.017045772), (-0.020506097, -0.025, -0.020506097), (-0.025455844, -0.025, -0.025455844), (-0.025455844, -0.029, -0.025455844), (-0.020506097, -0.029, -0.020506097), (-0.017045772, -0.025, -0.023461493), (-0.02116027, -0.025, -0.029124612), (-0.02116027, -0.029, -0.029124612), (-0.017045772, -0.029, -0.023461493), (-0.013165724, -0.025, -0.025839189), (-0.016343659, -0.025, -0.032076236), (-0.016343659, -0.029, -0.032076236), (-0.013165724, -0.029, -0.025839189), (-0.008961493, -0.025, -0.02758064), (-0.011124612, -0.025, -0.034238033), (-0.011124612, -0.029, -0.034238033), (-0.008961493, -0.029, -0.02758064), (-0.0045365994, -0.025, -0.028642962), (-0.0056316406, -0.025, -0.035556782), (-0.0056316406, -0.029, -0.035556782), (-0.0045365994, -0.029, -0.028642962), (-5.3272135e-18, -0.025, -0.029), (-6.6130927e-18, -0.025, -0.036), (-6.6130927e-18, -0.029, -0.036), (-5.3272135e-18, -0.029, -0.029), (0.0045365994, -0.025, -0.028642962), (0.0056316406, -0.025, -0.035556782), (0.0056316406, -0.029, -0.035556782), (0.0045365994, -0.029, -0.028642962), (0.008961493, -0.025, -0.02758064), (0.011124612, -0.025, -0.034238033), (0.011124612, -0.029, -0.034238033), (0.008961493, -0.029, -0.02758064), (0.013165724, -0.025, -0.025839189), (0.016343659, -0.025, -0.032076236), (0.016343659, -0.029, -0.032076236), (0.013165724, -0.029, -0.025839189), (0.017045772, -0.025, -0.023461493), (0.02116027, -0.025, -0.029124612), (0.02116027, -0.029, -0.029124612), (0.017045772, -0.029, -0.023461493), (0.020506097, -0.025, -0.020506097), (0.025455844, -0.025, -0.025455844), (0.025455844, -0.029, -0.025455844), (0.020506097, -0.029, -0.020506097), (0.023461493, -0.025, -0.017045772), (0.029124612, -0.025, -0.02116027), (0.029124612, -0.029, -0.02116027), (0.023461493, -0.029, -0.017045772), (0.025839189, -0.025, -0.013165724), (0.032076236, -0.025, -0.016343659), (0.032076236, -0.029, -0.016343659), (0.025839189, -0.029, -0.013165724), (0.02758064, -0.025, -0.008961493), (0.034238033, -0.025, -0.011124612), (0.034238033, -0.029, -0.011124612), (0.02758064, -0.029, -0.008961493), (0.028642962, -0.025, -0.0045365994), (0.035556782, -0.025, -0.0056316406), (0.035556782, -0.029, -0.0056316406), (0.028642962, -0.029, -0.0045365994), (0.009, -0.0285, -0.004), (0.009, -0.0285, 0.004), (0.009, -0.0235, -0.004), (0.009, -0.0235, 0.004), (0.031, -0.0285, -0.004), (0.031, -0.0285, 0.004), (0.031, -0.0235, -0.004), (0.031, -0.0235, 0.004), (0.006585379, -0.0285, 0.0073234406), (-0.0010230731, -0.0285, 0.009795576), (0.006585379, -0.0235, 0.0073234406), (-0.0010230731, -0.0235, 0.009795576), (0.013383753, -0.0285, 0.028246684), (0.005775301, -0.0285, 0.03071882), (0.013383753, -0.0235, 0.028246684), (0.005775301, -0.0235, 0.03071882), (-0.004930012, -0.0285, 0.008526135), (-0.009632294, -0.0285, 0.0020539993), (-0.004930012, -0.0235, 0.008526135), (-0.009632294, -0.0235, 0.0020539993), (-0.022728385, -0.0285, 0.021457411), (-0.027430668, -0.0285, 0.0149852745), (-0.022728385, -0.0235, 0.021457411), (-0.027430668, -0.0235, 0.0149852745), (-0.009632294, -0.0285, -0.0020539993), (-0.004930012, -0.0285, -0.008526135), (-0.009632294, -0.0235, -0.0020539993), (-0.004930012, -0.0235, -0.008526135), (-0.027430668, -0.0285, -0.0149852745), (-0.022728385, -0.0285, -0.021457411), (-0.027430668, -0.0235, -0.0149852745), (-0.022728385, -0.0235, -0.021457411), (-0.0010230731, -0.0285, -0.009795576), (0.006585379, -0.0285, -0.0073234406), (-0.0010230731, -0.0235, -0.009795576), (0.006585379, -0.0235, -0.0073234406), (0.005775301, -0.0285, -0.03071882), (0.013383753, -0.0285, -0.028246684), (0.005775301, -0.0235, -0.03071882), (0.013383753, -0.0235, -0.028246684), (0, -0.005, 0.01), (0, -0.029, 0.01), (-0.00309017, -0.005, 0.009510566), (-0.00309017, -0.029, 0.009510566), (-0.0058778524, -0.005, 0.00809017), (-0.0058778524, -0.029, 0.00809017), (-0.00809017, -0.005, 0.0058778524), (-0.00809017, -0.029, 0.0058778524), (-0.009510566, -0.005, 0.00309017), (-0.009510566, -0.029, 0.00309017), (-0.01, -0.005, 6.123234e-19), (-0.01, -0.029, 6.123234e-19), (-0.009510566, -0.005, -0.00309017), (-0.009510566, -0.029, -0.00309017), (-0.00809017, -0.005, -0.0058778524), (-0.00809017, -0.029, -0.0058778524), (-0.0058778524, -0.005, -0.00809017), (-0.0058778524, -0.029, -0.00809017), (-0.00309017, -0.005, -0.009510566), (-0.00309017, -0.029, -0.009510566), (-1.2246468e-18, -0.005, -0.01), (-1.2246468e-18, -0.029, -0.01), (0.00309017, -0.005, -0.009510566), (0.00309017, -0.029, -0.009510566), (0.0058778524, -0.005, -0.00809017), (0.0058778524, -0.029, -0.00809017), (0.00809017, -0.005, -0.0058778524), (0.00809017, -0.029, -0.0058778524), (0.009510566, -0.005, -0.00309017), (0.009510566, -0.029, -0.00309017), (0.01, -0.005, -1.8369702e-18), (0.01, -0.029, -1.8369702e-18), (0.009510566, -0.005, 0.00309017), (0.009510566, -0.029, 0.00309017), (0.00809017, -0.005, 0.0058778524), (0.00809017, -0.029, 0.0058778524), (0.0058778524, -0.005, 0.00809017), (0.0058778524, -0.029, 0.00809017), (0.00309017, -0.005, 0.009510566), (0.00309017, -0.029, 0.009510566), (0, 0.01, 0.03), (0, 0.009, 0.03), (-0.006237351, 0.01, 0.029344428), (-0.006237351, 0.009, 0.029344428), (-0.012202099, 0.01, 0.027406363), (-0.012202099, 0.009, 0.027406363), (-0.017633557, 0.01, 0.02427051), (-0.017633557, 0.009, 0.02427051), (-0.022294344, 0.01, 0.020073919), (-0.022294344, 0.009, 0.020073919), (-0.025980761, 0.01, 0.015), (-0.025980761, 0.009, 0.015), (-0.028531695, 0.01, 0.00927051), (-0.028531695, 0.009, 0.00927051), (-0.029835656, 0.01, 0.003135854), (-0.029835656, 0.009, 0.003135854), (-0.029835656, 0.01, -0.003135854), (-0.029835656, 0.009, -0.003135854), (-0.028531695, 0.01, -0.00927051), (-0.028531695, 0.009, -0.00927051), (-0.025980761, 0.01, -0.015), (-0.025980761, 0.009, -0.015), (-0.022294344, 0.01, -0.020073919), (-0.022294344, 0.009, -0.020073919), (-0.017633557, 0.01, -0.02427051), (-0.017633557, 0.009, -0.02427051), (-0.012202099, 0.01, -0.027406363), (-0.012202099, 0.009, -0.027406363), (-0.006237351, 0.01, -0.029344428), (-0.006237351, 0.009, -0.029344428), (-1.6996616e-17, 0.01, -0.03), (-1.6996616e-17, 0.009, -0.03), (0.006237351, 0.01, -0.029344428), (0.006237351, 0.009, -0.029344428), (0.012202099, 0.01, -0.027406363), (0.012202099, 0.009, -0.027406363), (0.017633557, 0.01, -0.02427051), (0.017633557, 0.009, -0.02427051), (0.022294344, 0.01, -0.020073919), (0.022294344, 0.009, -0.020073919), (0.025980761, 0.01, -0.015), (0.025980761, 0.009, -0.015), (0.028531695, 0.01, -0.00927051), (0.028531695, 0.009, -0.00927051), (0.029835656, 0.01, -0.003135854), (0.029835656, 0.009, -0.003135854), (0.029835656, 0.01, 0.003135854), (0.029835656, 0.009, 0.003135854), (0.028531695, 0.01, 0.00927051), (0.028531695, 0.009, 0.00927051), (0.025980761, 0.01, 0.015), (0.025980761, 0.009, 0.015), (0.022294344, 0.01, 0.020073919), (0.022294344, 0.009, 0.020073919), (0.017633557, 0.01, 0.02427051), (0.017633557, 0.009, 0.02427051), (0.012202099, 0.01, 0.027406363), (0.012202099, 0.009, 0.027406363), (0.006237351, 0.01, 0.029344428), (0.006237351, 0.009, 0.029344428)]
            uniform token subdivisionScheme = "none"
        }

        def Cylinder "collision" (
            prepend apiSchemas = ["PhysicsCollisionAPI", "MaterialBindingAPI"]
        )
        {
            uniform token axis = "Y"
            float3[] extent = [(-0.055, -0.0325, -0.055), (0.055, 0.0325, 0.055)]
            double height = 0.065
            rel material:binding:physics = </rc_car/Looks/tire_physics> (
                bindMaterialAs = "weakerThanDescendants"
            )
            uniform token purpose = "guide"
            double radius = 0.055
        }
    }
}

